priority,accession_number,title,record_type,collection_name,historical_theme,people,object_date,donor,neighborhood,observation_reasons,notes
high,SRM-2026-021,"Barber tools group including brush, sharpening stones, and razor accessories",Artifact,Barbering and Community Life Collection,Black Business and Professional Life,,,,,tentative interpretation; grouped objects / may need split; missing object date; missing donor/provenance; missing geography/neighborhood,Image appears to show multiple objects grouped together. Consider splitting into individual records after physical inventory.
high,SRM-2026-022,Wester Bros. Hi-Car-Bin Steel barber implement case or razor box,Artifact,Barbering and Community Life Collection,Black Business and Professional Life,,,,,verify/confirm language; missing object date; missing donor/provenance; missing geography/neighborhood,"Confirm whether this is a razor, case, strop, or hone. Brand text visible in photograph."
high,SRM-2026-023,Barber tools group including hand clippers and brush,Artifact,Barbering and Community Life Collection,Black Business and Professional Life,,,,,tentative interpretation; grouped objects / may need split; missing object date; missing donor/provenance; missing geography/neighborhood,Image appears to show multiple objects grouped together. Consider creating separate item records if inventory numbers exist.
high,SRM-2026-025,Black-and-white photograph of gathering along riverbank,Photograph,Photograph Collection,Family And Local Life,,,,,verify/confirm language; tentative interpretation; no named people on person-centered image; missing object date; missing donor/provenance; missing geography/neighborhood,Unidentified location and date. Verify whether there is writing on verso.
high,SRM-2026-026,Black-and-white photograph of agricultural field work,Photograph,Photograph Collection,Agriculture and Labor,,,,,tentative interpretation; no named people on person-centered image; missing object date; missing donor/provenance; missing geography/neighborhood,"Exact activity, location, and date are uncertain from the image alone."
high,SRM-2026-027,Black-and-white photograph of agricultural processing scene,Photograph,Photograph Collection,Agriculture and Labor,,,,,tentative interpretation; no named people on person-centered image; missing object date; missing donor/provenance; missing geography/neighborhood,Image has glare in the lower portion; identify machinery and location during cataloging.
high,SRM-2026-032,Fragmentary clipping about Wilson Brown and the Medal of Honor,Archive,Military and Civic History Collection,Military Service,Wilson Brown,,,,verify/confirm language; tentative interpretation; missing object date; missing donor/provenance; missing geography/neighborhood,Text is partial and the object appears torn or incomplete. Verify source publication and complete caption.
high,SRM-2026-033,Photograph of elderly woman standing outdoors,Photograph,Photograph Collection,Portraiture and Community Memory,,,,,tentative interpretation; no named people on person-centered image; missing object date; missing donor/provenance; missing geography/neighborhood,Subject and location unidentified from the image alone. Check verso or associated materials for identification.
high,SRM-2026-034,Printed portrait of John R. Lynch,Archive,Biographical and Civic History Collection,Portraiture and Community Memory,John R. Lynch,,,,tentative interpretation; missing object date; missing donor/provenance; missing geography/neighborhood,Image may be a reproduction from a publication rather than an original photograph. Identification updated from image review.
high,SRM-2026-035,Printed portrait of Hiram Revels,Archive,Biographical and Civic History Collection,Portraiture and Community Memory,Hiram Revels,,,,verify/confirm language; tentative interpretation; missing object date; missing donor/provenance; missing geography/neighborhood,"Image may be a reproduction from a book, pamphlet, or exhibit panel. Identification updated from image review; confirm source."
high,SRM-2026-036,Framed display of note labeled 'The State of England' one dollar,Artifact,Material Culture Collection,Material Culture and Interpretation,,,,,verify/confirm language; tentative interpretation; missing object date; missing donor/provenance; missing geography/neighborhood,"Identification is uncertain from the image alone. Verify whether the note is original, reproduction, or exhibit facsimile."
high,SRM-2026-047,Annual meeting group photograph of the Mississippi Negro Brewers Association,Photograph,Photograph Collection,Community and Professional Life,,,,,generic subject title; no named people on person-centered image; missing object date; missing donor/provenance; missing geography/neighborhood,Caption is partially obscured and should be verified from the original print.
high,SRM-2026-076,Portrait photograph of Medgar Evers with unidentified man,Photograph,Photograph Collection,Civic Leadership,Medgar Evers,,,"Jackson, Mississippi",tentative interpretation; unidentified subject; missing object date; missing donor/provenance,Source image: Untitled design (38)/2.png. One subject identified as Medgar Evers; second subject remains unidentified.
high,SRM-2026-118,Portrait of elderly woman holding infant,Photograph,Photograph Collection,Midwives and Motherhood,,,,Geographies To Be Confirmed,verify/confirm language; tentative interpretation; no named people on person-centered image; missing object date; missing donor/provenance,Subjects are unidentified in the current image. Confirm names
high,SRM-2026-120,Photograph of child receiving oral examination,Photograph,Photograph Collection,Community and Professional Life,,,,Geographies To Be Confirmed,tentative interpretation; no named people on person-centered image; missing object date,
high,SRM-2026-121,Photograph of house exterior,Photograph,Photograph Collection,Family And Local Life,,,,Geographies To Be Confirmed,tentative interpretation; no named people on person-centered image; missing object date,"May support interpretation of domestic space, neighborhood history, or property documentation."
high,SRM-2026-209,Farish Street group photograph,Photograph,Original SRM Intake Review,Family And Local Life,,,,Farish Street,generic subject title; no named people on person-centered image; missing object date; missing donor/provenance,"Date range and location provided by user on July 18, 2026."
high,SRM-2026-295,Formal group portrait on institutional steps,Photograph,Dr. Townsend Collection,Community and Professional Life,,,,Geographies To Be Confirmed,tentative interpretation; generic subject title; no named people on person-centered image; missing object date; missing donor/provenance,"Added from the Dr Townsend folder on July 22, 2026. Source file renamed from 2.png."
high,SRM-2026-304,Older man seated with cane,Photograph,Dr. Townsend Collection,Portraiture and Community Memory,,,,Geographies To Be Confirmed,tentative interpretation; generic subject title; no named people on person-centered image; missing object date; missing donor/provenance,"Added from the Dr Townsend folder on July 22, 2026. Source file renamed from 11.png."
high,SRM-2026-322,Nineteenth-century group portrait of seven men,Photograph,Dr. Townsend Collection,Civic Leadership,,,,Geographies To Be Confirmed,tentative interpretation; generic subject title; no named people on person-centered image; missing object date; missing donor/provenance,"Added from the Dr Townsend folder on July 22, 2026. Source file renamed from 29.png."
high,SRM-2026-325,Studio portrait of unidentified infant,Photograph,Dr. Townsend Collection,Midwives and Motherhood,,,,Geographies To Be Confirmed,unidentified subject; no named people on person-centered image; missing object date; missing donor/provenance,"Added from the Dr Townsend folder on July 22, 2026. Source file renamed from 32.png."
high,SRM-2026-326,Portrait of three unidentified young people,Photograph,Dr. Townsend Collection,Portraiture and Community Memory,,,,Geographies To Be Confirmed,unidentified subject; no named people on person-centered image; missing object date; missing donor/provenance,"Added from the Dr Townsend folder on July 22, 2026. Source file renamed from 33.png."
high,SRM-2026-328,Full-length portrait of unidentified woman with handbag,Photograph,Dr. Townsend Collection,Portraiture and Community Memory,,,,Geographies To Be Confirmed,unidentified subject; no named people on person-centered image; missing object date; missing donor/provenance,"Added from the Dr Townsend folder on July 22, 2026. Source file renamed from 35.png."
high,SRM-2026-334,Close-up portrait of young man with lowered head,Photograph,Dr. Townsend Collection,Portraiture and Community Memory,,,,Geographies To Be Confirmed,tentative interpretation; no named people on person-centered image; missing object date; missing donor/provenance,"Added from the Dr Townsend folder on July 22, 2026. Source file renamed from 41.png."
high,SRM-2026-335,Man speaking to boys indoors,Photograph,Dr. Townsend Collection,African American Education,,,,Geographies To Be Confirmed,tentative interpretation; no named people on person-centered image; missing object date; missing donor/provenance,"Added from the Dr Townsend folder on July 22, 2026. Source file renamed from 42.png."
high,SRM-2026-337,Bust-length portrait of unidentified woman with high bun,Photograph,Dr. Townsend Collection,Portraiture and Community Memory,,,,Geographies To Be Confirmed,unidentified subject; no named people on person-centered image; missing object date; missing donor/provenance,"Added from the Dr Townsend folder on July 22, 2026. Source file renamed from 44.png."
high,SRM-2026-346,Group photograph in front of building and construction site,Photograph,Dr. Townsend Collection,Black Health and Medicine,"William E. Miller, M.D. (associated label)",,,Geographies To Be Confirmed,tentative interpretation; generic subject title; missing object date; missing donor/provenance,"Added from the Dr Townsend folder on July 22, 2026. Source file renamed from 53.png."
high,SRM-2026-350,Head-and-shoulders portrait of unidentified young woman,Photograph,Dr. Townsend Collection,Portraiture and Community Memory,,,,Geographies To Be Confirmed,unidentified subject; no named people on person-centered image; missing object date; missing donor/provenance,"Added from the Dr Townsend folder on July 22, 2026. Source file renamed from 57.png."
high,SRM-2026-351,Studio portrait of unidentified woman wearing glasses,Photograph,Dr. Townsend Collection,Portraiture and Community Memory,,,,Geographies To Be Confirmed,unidentified subject; no named people on person-centered image; missing object date; missing donor/provenance,"Added from the Dr Townsend folder on July 22, 2026. Source file renamed from 58.png."
high,SRM-2026-475,"Portrait of an unidentified woman in hat and fur collar, undated",Photograph,,Portraiture and Community Memory,,undated,,Geographies To Be Confirmed,tentative interpretation; unidentified subject; no named people on person-centered image,"Imported from /Users/Birittany/Downloads/SRM (1)/3.png on 2026-07-27. Metadata drawn from visual review of the image on July 27, 2026."
high,SRM-2026-570,"Portrait of unidentified older woman in sequined heart sweater, undated",Photograph,Photograph Collection,Family And Local Life,unidentified woman,undated,,Geographies To Be Confirmed,tentative interpretation; unidentified subject,"Imported from /Users/Birittany/Downloads/Freedom Day Celebration 1991.zip item 1.png on 2026-07-29. Metadata drawn from visual review of the image on July 29, 2026."
high,SRM-2026-575,"Portrait photograph of unidentified man in pinstripe suit, undated",Photograph,Photograph Collection,Portraiture and Community Memory,unidentified man,undated,,Geographies To Be Confirmed,tentative interpretation; unidentified subject, or professional context.
high,SRM-2026-780,"Large outdoor youth group portrait, possibly associated with Mrs. Minnie Jarvis's Girl Scouts, undated",Photograph,,African American Education,,undated,,,tentative interpretation; generic subject title; no named people on person-centered image; missing geography/neighborhood,"Imported from /Users/Birittany/Downloads/Lawrence A Jones, Margaret Burroughs, Karl Griffin/6.png on 2026-08-05. Handwritten note appears to read: ""I am thinking that these are Mrs. Minnie Jarvis' girl scouts."""
high,SRM-2026-781,"Studio portrait of an unidentified man in suit, undated",Photograph,,Portraiture and Community Memory,,undated,,,unidentified subject; no named people on person-centered image; missing geography/neighborhood,"Imported from /Users/Birittany/Downloads/Lawrence A Jones, Margaret Burroughs, Karl Griffin/7.png on 2026-08-05."
high,SRM-2026-783,"Studio portrait of an unidentified young man, undated",Photograph,,Portraiture and Community Memory,,undated,,,unidentified subject; no named people on person-centered image; missing geography/neighborhood,"Imported from /Users/Birittany/Downloads/Lawrence A Jones, Margaret Burroughs, Karl Griffin/9.png on 2026-08-05."
high,SRM-2026-785,"Sepia portrait of an unidentified man, undated",Photograph,,Portraiture and Community Memory,,undated,,,unidentified subject; no named people on person-centered image; missing geography/neighborhood,"Imported from /Users/Birittany/Downloads/Lawrence A Jones, Margaret Burroughs, Karl Griffin/11.png on 2026-08-05."
high,SRM-2026-786,"Color snapshot of an unidentified man standing outdoors, undated",Photograph,,Portraiture and Community Memory,,undated,,,unidentified subject; no named people on person-centered image; missing geography/neighborhood,"Imported from /Users/Birittany/Downloads/Lawrence A Jones, Margaret Burroughs, Karl Griffin/12.png on 2026-08-05."
high,SRM-2026-810,"Studio portrait of an unidentified service member, undated",Photograph,WWII Soldiers Collection,Portraiture and Community Memory,,undated,,,unidentified subject; no named people on person-centered image; missing geography/neighborhood,"Imported from /Users/Birittany/Downloads/Lawrence A Jones, Margaret Burroughs, Karl Griffin/50.png on 2026-08-05."
high,SRM-2026-811,"Studio portrait of an unidentified soldier in uniform, undated",Photograph,WWII Soldiers Collection,Portraiture and Community Memory,,undated,,,unidentified subject; no named people on person-centered image; missing geography/neighborhood,"Imported from /Users/Birittany/Downloads/Lawrence A Jones, Margaret Burroughs, Karl Griffin/51.png on 2026-08-05."
high,SRM-2026-812,"Outdoor portrait of an unidentified man, undated",Photograph,,Portraiture and Community Memory,,undated,,,unidentified subject; no named people on person-centered image; missing geography/neighborhood,"Imported from /Users/Birittany/Downloads/Lawrence A Jones, Margaret Burroughs, Karl Griffin/52.png on 2026-08-05."
high,SRM-2026-813,"Studio portrait of an unidentified serviceman, undated",Photograph,WWII Soldiers Collection,Portraiture and Community Memory,,undated,,,unidentified subject; no named people on person-centered image; missing geography/neighborhood,"Imported from /Users/Birittany/Downloads/Lawrence A Jones, Margaret Burroughs, Karl Griffin/53.png on 2026-08-05."
high,SRM-2026-814,"Studio portrait of an unidentified Air Force serviceman, undated",Photograph,WWII Soldiers Collection,Portraiture and Community Memory,,undated,,,unidentified subject; no named people on person-centered image; missing geography/neighborhood,"Imported from /Users/Birittany/Downloads/Lawrence A Jones, Margaret Burroughs, Karl Griffin/54.png on 2026-08-05."
high,SRM-2026-815,"Full-length portrait of an unidentified serviceman outdoors, undated",Photograph,WWII Soldiers Collection,Portraiture and Community Memory,,undated,,,unidentified subject; no named people on person-centered image; missing geography/neighborhood,"Imported from /Users/Birittany/Downloads/Lawrence A Jones, Margaret Burroughs, Karl Griffin/56.png on 2026-08-05."
high,SRM-2026-816,"Indoor portrait of an unidentified couple, undated",Photograph,,Family And Local Life,,undated,,,unidentified subject; no named people on person-centered image; missing geography/neighborhood,"Imported from /Users/Birittany/Downloads/Lawrence A Jones, Margaret Burroughs, Karl Griffin/57.png on 2026-08-05."
high,SRM-2026-817,"Studio portrait of an unidentified smiling serviceman, undated",Photograph,WWII Soldiers Collection,Portraiture and Community Memory,,undated,,,unidentified subject; no named people on person-centered image; missing geography/neighborhood,"Imported from /Users/Birittany/Downloads/Lawrence A Jones, Margaret Burroughs, Karl Griffin/59.png on 2026-08-05."
high,SRM-2026-818,"Portrait of an unidentified man in suit and tie, undated",Photograph,,Portraiture and Community Memory,,undated,,,unidentified subject; no named people on person-centered image; missing geography/neighborhood,"Imported from /Users/Birittany/Downloads/Lawrence A Jones, Margaret Burroughs, Karl Griffin/60.png on 2026-08-05."
high,SRM-2026-823,"Portrait of an unidentified decorated U.S. serviceman, undated",Photograph,WWII Soldiers Collection,Portraiture and Community Memory,,undated,,,unidentified subject; no named people on person-centered image; missing geography/neighborhood,"Imported from /Users/Birittany/Downloads/Lawrence A Jones, Margaret Burroughs, Karl Griffin/66.png on 2026-08-05."
high,SRM-2026-824,"Portrait of an unidentified U.S. serviceman in dress uniform, undated",Photograph,WWII Soldiers Collection,Portraiture and Community Memory,,undated,,,unidentified subject; no named people on person-centered image; missing geography/neighborhood,"Imported from /Users/Birittany/Downloads/Lawrence A Jones, Margaret Burroughs, Karl Griffin/67.png on 2026-08-05."
high,SRM-2026-829,"Portrait of an unidentified woman, undated",Photograph,,Portraiture and Community Memory,,undated,,,unidentified subject; no named people on person-centered image; missing geography/neighborhood,"Imported from /Users/Birittany/Downloads/Lawrence A Jones, Margaret Burroughs, Karl Griffin/73.png on 2026-08-05. Legacy accession label visible in image: 87.19.13."
high,SRM-2026-830,"Profile portrait of an unidentified woman, undated",Photograph,,Portraiture and Community Memory,,undated,Atty. William Miller III,,unidentified subject; no named people on person-centered image; missing geography/neighborhood,"Imported from /Users/Birittany/Downloads/Lawrence A Jones, Margaret Burroughs, Karl Griffin/74.png on 2026-08-05. Legacy accession label visible in image: 86.22.1. Donor context supplied on August 6, 2026."
high,SRM-2026-832,"Studio portrait of an unidentified infant, undated",Photograph,,Family And Local Life,,undated,Atty. William Miller III,,unidentified subject; no named people on person-centered image; missing geography/neighborhood,"Imported from /Users/Birittany/Downloads/Lawrence A Jones, Margaret Burroughs, Karl Griffin/77.png on 2026-08-05. Legacy accession label visible in image: 86.22.8. Donor context supplied on August 6, 2026."
high,SRM-2026-833,"Portrait of an unidentified woman in striped dress, undated",Photograph,,Portraiture and Community Memory,,undated,,,unidentified subject; no named people on person-centered image; missing geography/neighborhood,"Imported from /Users/Birittany/Downloads/Lawrence A Jones, Margaret Burroughs, Karl Griffin/78.png on 2026-08-05."
high,SRM-2026-836,"Graduation portrait of an unidentified woman, Jackson College class of 1937",Photograph,,African American Education,,1937,,,unidentified subject; no named people on person-centered image; missing geography/neighborhood,"Imported from /Users/Birittany/Downloads/Lawrence A Jones, Margaret Burroughs, Karl Griffin/84.png on 2026-08-05. Beadle Studio imprint reads Jackson, Mississippi. Handwritten inscription includes ""Jackson College"" and ""Class of 1937."""
high,SRM-2026-840,"Sepia full-length portrait of an unidentified woman outdoors, undated",Photograph,,Portraiture and Community Memory,,undated,,,unidentified subject; no named people on person-centered image; missing geography/neighborhood,"Imported from /Users/Birittany/Downloads/Lawrence A Jones, Margaret Burroughs, Karl Griffin/153.png on 2026-08-05."
medium,SRM-2026-020,Mississippi Board of Barber Examiners Certificate for Clarence Gray,Artifact,Barbering and Community Life Collection,Black Business and Professional Life,Clarence Gray,1945,,,verify/confirm language; tentative interpretation; text read from photograph; missing donor/provenance; missing geography/neighborhood,"Text read from photograph; verify certificate number, exact dates, and whether the black name panel is original to the object. Photo shows partial lettering 'C. E. GRA'."
medium,SRM-2026-024,"Maroon and White yearbooks, 1952 and 1954",Archive,Original SRM Intake Review,African American Education,,1952; 1954,,,verify/confirm language; missing donor/provenance; missing geography/neighborhood,Not a Smith Robertson School record. Verify school name and whether each volume should be cataloged separately.
medium,SRM-2026-028,Membership Directory of Historic Mount Helm Baptist Church 135th Anniversary Program,Archive,Church and Community History Collection,Faith And Community Life,Dr. T. B. Brown,1970,,Downtown Jackson,verify/confirm language; missing donor/provenance,"Cover lists Dr. T. B. Brown, Pastor, and Jackson, Mississippi. Verify address and full program contents."
medium,SRM-2026-030,"A Collection of Memories: Smith Robertson School, 1894–1970",Archive,School History Collection,African American Education,Dr. Jessie Mosley; Doris Tharpe Hall; A. N. Jackson; Alferdteen Harrison; James Rundle; Myrtle Glascoe; Theresa Martin; Walter Scott; Cleopatra Thompson; Sophia Taylor; Mattie Collins; Gustava Gooden,1970,,Smith Robertson Campus,verify/confirm language; tentative interpretation; missing donor/provenance,This appears to be a distinct item from the Mount Helm anniversary program already cataloged. Verify full pagination and title page details.
medium,SRM-2026-031,Portrait photograph of Smith Robertson,Photograph,Photograph Collection,Portraiture and Community Memory,Smith Robertson,,,,missing object date; missing donor/provenance; missing geography/neighborhood,"Identification updated from image review. Check verso, matting, or related files for date and provenance details."
medium,SRM-2026-048,Civil rights demonstration photograph with linked arms,Photograph,Civil Rights Collection,Civil Rights and Citizenship,,,,,no named people on person-centered image; missing object date; missing donor/provenance; missing geography/neighborhood,"Location, photographer, and exact event are not identified from the image alone."
medium,SRM-2026-049,Alcorn Agricultural and Mechanical College Eighty-Ninth Annual Commencement program,Archive,Education Collection,African American Education,,1960-05-23 00:00:00,,,verify/confirm language; tentative interpretation; missing donor/provenance; missing geography/neighborhood,Front cover only is shown; confirm full contents and whether any names are listed inside.
medium,SRM-2026-050,Student Nonviolent Coordinating Committee 1967 calendar,Archive,Civil Rights Collection,Civil Rights and Citizenship,Bob Fletcher; Julius Lester,1967,,,tentative interpretation; missing donor/provenance; missing geography/neighborhood,The cover and June page appear to be the same item and are cataloged here as a single calendar rather than separate records.
medium,SRM-2026-053,Free Mississippi in '64 campaign sticker or handbill,Archive,Civil Rights Collection,Civil Rights and Citizenship,,1964,,,verify/confirm language; missing donor/provenance; missing geography/neighborhood,"Confirm whether object is a sticker, handbill, or sign."
medium,SRM-2026-054,"Democratic National Convention reserved section ticket, August 24, 1964",Archive,Political History Collection,Civil Rights and Citizenship,John M. Bailey,1964-08-24 00:00:00,,,tentative interpretation; missing donor/provenance; missing geography/neighborhood,Consider cross-referencing with Freedom Democratic Party materials if present elsewhere in the collection.
medium,SRM-2026-061,The Jackson Advocate holdings (May-October 2012),Newspaper / Periodical,Newspapers And Periodicals,Civic Leadership,,May 2012-October 2012,,"Jackson, Mississippi",tentative interpretation; missing donor/provenance,Source image: 7.png. Label transcription: Jackson Advocate / May 2012 thru October 2012 / Add to other 2012's.
medium,SRM-2026-068,"Mixed periodicals folder (Close Up, Focus, National Alliance, Burning Spear, Planet, Northeast Ledger, South Reporter)",Newspaper / Periodical,Newspapers And Periodicals,Community and Professional Life,,1968-2007 selections,,"Jackson, Mississippi",tentative interpretation; missing donor/provenance,"Source image: 14.png. Label transcription: Close Up - 1968, 1969; Focus 1997; National Alliance - 1984; Burning Spear - 1984; Planet - August 2002; Northeast Ledger - March 29, 2006 and April 15, 2006; South Reporter - May 24, 2007."
medium,SRM-2026-069,The Clarion-Ledger election-related issues (1989-2011 selections),Newspaper / Periodical,Newspapers And Periodicals,Civic Leadership,Barack Obama,1989-2011 selections,,"Jackson, Mississippi",tentative interpretation; missing donor/provenance,"Source image: 15.png. Label transcription: The Clarion Ledger / December 9, 2000 / February 5, 1989 / November 10, 2005 / January 23, 2006 / June 23, 2006 / September 13, 2006 / October 13, 2006 / Nov. 3, 2008 / Nov. 8, 2008 / May 8, 2009 / May 20, 2009 / Jan. 21, 2009 / April 6, 2010 / April 14, 2011 / Papers with the election of Barack Obama 44th President."
medium,SRM-2026-071,Jackson Free Press holdings (May-December 2008 selections),Newspaper / Periodical,Newspapers And Periodicals,Civic Leadership,,May-December 2008 selections,,"Jackson, Mississippi",tentative interpretation; missing donor/provenance,"Source image: 17.png. Label transcription: Jackson Free Press / May 22-28, 2008 / May 29-June 4, 2008 / July 31-Aug 2008 / Aug 14-20 2008 / Sept 11-17, 2008 / Sept 25-Oct 1, 2008 / Oct 16-22, 2008 / Oct 30-Nov 5, 2008 / Oct 23-29, 2008 / Dec 18-24, 2008."
medium,SRM-2026-078,Smith Robertson class portrait with teacher,Photograph,School History Collection,African American Education,,,,Smith Robertson Campus,no named people on person-centered image; missing object date; missing donor/provenance,Source image: Untitled design (38)/4.png. Some image wear visible around edges.
medium,SRM-2026-082,Carved wooden face mask,Artifact,Museum Object Collection,Arts And Culture,,,,Geographies To Be Confirmed,tentative interpretation; missing object date; missing donor/provenance,Source image: Untitled design (37)/3.png. Cultural attribution should be confirmed by collections staff.
medium,SRM-2026-084,Tomorrow Was Yesterday,Archive,Museum Library,Arts And Culture,James N. Brown,,,Geographies To Be Confirmed,tentative interpretation; missing object date; missing donor/provenance,Source image: Untitled design (37)/5.png.
medium,SRM-2026-085,On-the-Job Education in Rural Communities (inscribed title-page copy),Archive,Museum Library,African American Education,Roy W. Roberts; Betty Mae York,1947-02-01 00:00:00,,Rural communities,tentative interpretation; missing donor/provenance,Source image: Untitled design (37)/6.png. May be the same physical publication as SRM-2026-086 photographed from a different side.
medium,SRM-2026-086,On-the-Job Education in Rural Communities (cover copy),Archive,Museum Library,African American Education,,1947-02-01 00:00:00,,Rural communities,tentative interpretation; missing donor/provenance,Source image: Untitled design (37)/7.png. May represent the same physical publication as SRM-2026-085.
medium,SRM-2026-087,Closing Day Treasury,Archive,Museum Library,African American Education,Marie Irish; Elizabeth F. Guptill,,,Geographies To Be Confirmed,tentative interpretation; missing object date; missing donor/provenance,Source image: Untitled design (37)/8.png.
medium,SRM-2026-091,Rules and Regulations for the Certification of the Administrative and Instructional Personnel (plain copy),Archive,School History Collection,African American Education,Bilbo Young,1958 revision,,Mississippi,tentative interpretation; missing donor/provenance,Source image: Untitled design (37)/12.png. May duplicate or accompany SRM-2026-083.
medium,SRM-2026-092,The County Superintendent of Schools in the United States,Archive,Museum Library,African American Education,,,,United States,tentative interpretation; missing object date; missing donor/provenance,Source image: Untitled design (37)/13.png.
medium,SRM-2026-096,Bound scrapbook or notebook with inserted typed historical document,Archive,Archives Collection,Civic Leadership,,,,Geographies To Be Confirmed,tentative interpretation; missing object date; missing donor/provenance,Source image: Untitled design (37)/17.png. Detailed identification should be completed from the original object before public release.
medium,SRM-2026-097,Beaded gourd vessel with white and red netting,Artifact,Museum Object Collection,Arts And Culture,,,,Geographies To Be Confirmed,tentative interpretation; missing object date; missing donor/provenance,Source image: Untitled design (37)/18.png. Cultural attribution should be confirmed.
medium,SRM-2026-098,Beaded gourd vessel marked Kuba,Artifact,Museum Object Collection,Arts And Culture,,,,Kuba,tentative interpretation; missing object date; missing donor/provenance,Source image: Untitled design (37)/19.png. Attribution and meaning of inscription should be verified.
medium,SRM-2026-102,Opera/South program packet,Archive,Programs And Ephemera,Arts And Culture,,,,"Jackson, Mississippi",tentative interpretation; missing object date; missing donor/provenance,Source image: Untitled design (37)/23.png. May contain multiple related pieces that could later be cataloged separately.
medium,SRM-2026-103,SRA Reading Laboratory IIa student record book,Archive,School History Collection,African American Education,James Earl Dixon?,,,Smith Robertson Campus,tentative interpretation; missing object date; missing donor/provenance,"Source image: Untitled design (37)/24.png. Student name appears to read James Earl Dixon, but should be verified from the object."
medium,SRM-2026-115,"Grouped artifacts including camera, soap box, and two small irons",Artifact,Material Culture Collection,Material Culture and Interpretation,,,,Geographies To Be Confirmed,tentative interpretation; missing object date,"Documents everyday household and consumer objects that may relate to domestic life, photography, and material culture."
medium,SRM-2026-119,Interior photograph of women working in laundry room,Photograph,Photograph Collection,Black Business and Professional Life,unidentified women,,,Geographies To Be Confirmed,verify/confirm language; missing object date; missing donor/provenance,Provisional title based on image review. Confirm location
medium,SRM-2026-123,Portrait clipping of Virginia Scott (Scott Ford Houses),Archive,Biographical And Civic History Collection,Portraiture and Community Memory,Virginia Scott,,,Scott Ford Houses,verify/confirm language; missing object date; missing donor/provenance,Identification updated from cursory visual review against original SRM/45.png. Confirm full biographical details from source documentation.
medium,SRM-2026-125,"""Delta Fishing"" woodcut print",Artifact,Art Collection,Arts And Culture,,1950,,Mississippi,verify/confirm language; tentative interpretation; missing donor/provenance,Title and date appear to be visible in the image. Confirm artist signature and edition details from the original.
medium,SRM-2026-127,Cotton branch photograph,Photograph,Photograph Collection,Agriculture and Labor,,,,Mississippi,no named people on person-centered image; missing object date; missing donor/provenance,Exact context and date are unidentified in the current image.
medium,SRM-2026-130,Sony Walkman cassette player,Artifact,Material Culture Collection,Arts And Culture,,late 20th century,,Geographies To Be Confirmed,verify/confirm language; missing donor/provenance,Confirm exact model number and manufacturing date from the object.
medium,SRM-2026-131,Portrait photograph of O.B. Cobbins,Photograph,Photograph Collection,Portraiture and Community Memory,O.B. Cobbins,,,Geographies To Be Confirmed,verify/confirm language; missing object date; missing donor/provenance,"Identification supplied during image review. Verify full name, date, and any associated biography from object documentation."
medium,SRM-2026-132,Portrait photograph of Mary Scott (Scott Ford Houses),Photograph,Photograph Collection,Portraiture and Community Memory,Mary Scott,,,Scott Ford Houses,verify/confirm language; missing object date; missing donor/provenance,Created from original SRM/29.png after cursory visual review suggested the image was not yet represented elsewhere in the current database. Confirm date and biographical details from source documentation.
medium,SRM-2026-136,White enamel wash basin,Artifact,SRM Collection,Material Culture and Interpretation,,,,,missing object date; missing donor/provenance; missing geography/neighborhood,"Created from original SRM/4.png based on the 2026-07-03 cursory reconciliation pass. Best automated candidate was coll016.png at distance 21, but the image was triaged as likely not represented. Review before publishing or deduplicating."
medium,SRM-2026-147,Light-colored felt hat,Artifact,SRM Collection,Material Culture and Interpretation,,,,,missing object date; missing donor/provenance; missing geography/neighborhood,"Created from original SRM/15.png based on the 2026-07-03 cursory reconciliation pass. Best automated candidate was coll092.png at distance 24, but the image was triaged as likely not represented. Review before publishing or deduplicating."
medium,SRM-2026-148,"Personal effects group with hat, handbag, and printed materials",Artifact,SRM Collection,Family And Local Life,,,,,missing object date; missing donor/provenance; missing geography/neighborhood,Individual paper items would benefit from closer object-level identification.
medium,SRM-2026-152,Eyeglasses in case,Artifact,SRM Collection,Material Culture and Interpretation,,,,,missing object date; missing donor/provenance; missing geography/neighborhood,"Created from original SRM/20.png based on the 2026-07-03 cursory reconciliation pass. Best automated candidate was coll092.png at distance 33, but the image was triaged as likely not represented. Review before publishing or deduplicating."
medium,SRM-2026-158,Framed photograph of doctor examining child with mother present,Artifact,SRM Collection,Midwives and Motherhood,unidentified doctor; unidentified mother; unidentified child,,,,missing object date; missing donor/provenance; missing geography/neighborhood,"Created from original SRM/26.png based on the 2026-07-03 cursory reconciliation pass. Best automated candidate was coll005.png at distance 43, but the image was triaged as likely not represented. Review before publishing or deduplicating."
medium,SRM-2026-159,Framed photograph of man playing bowed string instrument,Artifact,SRM Collection,Arts And Culture,unidentified musician,,,,missing object date; missing donor/provenance; missing geography/neighborhood,"Created from original SRM/27.png based on the 2026-07-03 cursory reconciliation pass. Best automated candidate was coll016.png at distance 26, but the image was triaged as likely not represented. Review before publishing or deduplicating."
medium,SRM-2026-161,Bronze-toned sculpture of multigenerational family group,Artifact,SRM Collection,Family And Local Life,,,,,missing object date; missing donor/provenance; missing geography/neighborhood,"Created from original SRM/31.png based on the 2026-07-03 cursory reconciliation pass. Best automated candidate was coll024.png at distance 42, but the image was triaged as likely not represented. Review before publishing or deduplicating."
medium,SRM-2026-169,Pair of worn sandals or flip-flops,Artifact,SRM Collection,Material Culture and Interpretation,,,,,missing object date; missing donor/provenance; missing geography/neighborhood,"Created from original SRM/70.png based on the 2026-07-03 cursory reconciliation pass. Best automated candidate was coll024.png at distance 31, but the image was triaged as likely not represented. Review before publishing or deduplicating."
medium,SRM-2026-170,School group portrait on brick steps,Artifact,SRM Collection,African American Education,unidentified students,,,,generic subject title; missing object date; missing donor/provenance; missing geography/neighborhood,"Created from original SRM/71.png based on the 2026-07-03 cursory reconciliation pass. Best automated candidate was coll032.png at distance 50, but the image was triaged as likely not represented. Review before publishing or deduplicating."
medium,SRM-2026-184,Untitled design batch image 3 (provisional),Artifact,Original SRM Intake Review,Material Culture and Interpretation,,,,,missing object date; missing donor/provenance; missing geography/neighborhood,Source file renamed from 3.png in /Users/Birittany/Downloads/Untitled design (1). Additional unedited source files are in /Users/Birittany/Downloads/drive-download-20260718T010640Z-1-001 and should be reviewed for fuller identification.
medium,SRM-2026-185,Man and two children on Farish Street,Photograph,Original SRM Intake Review,Family And Local Life,,,,Farish Street,no named people on person-centered image; missing object date; missing donor/provenance,"Identification and date range provided by user on July 18, 2026."
medium,SRM-2026-186,Untitled design batch image 5 (provisional),Artifact,Original SRM Intake Review,Material Culture and Interpretation,,,,,missing object date; missing donor/provenance; missing geography/neighborhood,Source file renamed from 5.png in /Users/Birittany/Downloads/Untitled design (1). Additional unedited source files are in /Users/Birittany/Downloads/drive-download-20260718T010640Z-1-001 and should be reviewed for fuller identification.
medium,SRM-2026-187,Untitled design batch image 6 (provisional),Artifact,Original SRM Intake Review,Material Culture and Interpretation,,,,,missing object date; missing donor/provenance; missing geography/neighborhood,Source file renamed from 6.png in /Users/Birittany/Downloads/Untitled design (1). Additional unedited source files are in /Users/Birittany/Downloads/drive-download-20260718T010640Z-1-001 and should be reviewed for fuller identification.
medium,SRM-2026-188,Untitled design batch image 7 (provisional),Artifact,Original SRM Intake Review,Material Culture and Interpretation,,,,,missing object date; missing donor/provenance; missing geography/neighborhood,Source file renamed from 7.png in /Users/Birittany/Downloads/Untitled design (1). Additional unedited source files are in /Users/Birittany/Downloads/drive-download-20260718T010640Z-1-001 and should be reviewed for fuller identification.
medium,SRM-2026-190,Untitled design batch image 9 (provisional),Artifact,Original SRM Intake Review,Material Culture and Interpretation,,,,,missing object date; missing donor/provenance; missing geography/neighborhood,Source file renamed from 9.png in /Users/Birittany/Downloads/Untitled design (1). Additional unedited source files are in /Users/Birittany/Downloads/drive-download-20260718T010640Z-1-001 and should be reviewed for fuller identification.
medium,SRM-2026-194,Typewriter,Artifact,Original SRM Intake Review,Civic Leadership,,,,,missing object date; missing donor/provenance; missing geography/neighborhood,Source file renamed from 13.png in /Users/Birittany/Downloads/Untitled design (1). Additional unedited source files are in /Users/Birittany/Downloads/drive-download-20260718T010640Z-1-001 and should be reviewed for fuller identification.
medium,SRM-2026-195,Civil rights demonstration photograph,Photograph,Original SRM Intake Review,Civil Rights and Citizenship,,,,Mississippi,no named people on person-centered image; missing object date; missing donor/provenance,Source file renamed from 14.png in /Users/Birittany/Downloads/Untitled design (1). Additional unedited source files are in /Users/Birittany/Downloads/drive-download-20260718T010640Z-1-001 and should be reviewed for fuller identification.
medium,SRM-2026-197,Woven basket or container,Artifact,Original SRM Intake Review,Arts And Culture,,,,,missing object date; missing donor/provenance; missing geography/neighborhood,Source file renamed from 16.png in /Users/Birittany/Downloads/Untitled design (1). Additional unedited source files are in /Users/Birittany/Downloads/drive-download-20260718T010640Z-1-001 and should be reviewed for fuller identification.
medium,SRM-2026-198,Baby carriage or stroller,Artifact,Original SRM Intake Review,Midwives and Motherhood,,,,,missing object date; missing donor/provenance; missing geography/neighborhood,Source file renamed from 17.png in /Users/Birittany/Downloads/Untitled design (1). Additional unedited source files are in /Users/Birittany/Downloads/drive-download-20260718T010640Z-1-001 and should be reviewed for fuller identification.
medium,SRM-2026-202,Standard certificate of birth for Bobbie May Jefferson,Archive,Original SRM Intake Review,Midwives and Motherhood,Bobbie May Jefferson; Josephine Jefferson,1934-08-17,,Scott Ford Houses,tentative interpretation; missing donor/provenance,"Identification updated from image text on July 18, 2026 and grouped with Scott Ford midwife-related materials per user guidance."
medium,SRM-2026-212,Portrait of John H. Powell,Photograph,Original SRM Intake Review,Portraiture and Community Memory,John H. Powell,,,,missing object date; missing donor/provenance; missing geography/neighborhood,"Identification provided by user on July 18, 2026."
medium,SRM-2026-213,Untitled design batch image 32 (provisional),Artifact,Original SRM Intake Review,Material Culture and Interpretation,,,,,missing object date; missing donor/provenance; missing geography/neighborhood,Source file renamed from 32.png in /Users/Birittany/Downloads/Untitled design (1). Additional unedited source files are in /Users/Birittany/Downloads/drive-download-20260718T010640Z-1-001 and should be reviewed for fuller identification.
medium,SRM-2026-214,Certificate of Meritorious Achievement in Journalism for Percy Greene,Archive,Original SRM Intake Review,Black Business and Professional Life,Percy Greene,1960,,,tentative interpretation; missing donor/provenance; missing geography/neighborhood,The certificate appears to reference a New York Press Club award.
medium,SRM-2026-235,Jackson College exhibit display room (provisional),Photograph,Smith Robertson Photograph Collection,Arts And Culture,,20th century,,Jackson State University Campus,tentative interpretation,Embedded metadata did not include a usable caption beyond the asset identifier. Title and description are provisional from visual review of gettyimages-2151568410-594x594.jpg.
medium,SRM-2026-265,Voice-O-Graph recording labeled with R. Jess Brown's name and state criminal case,Artifact,R. Jess Brown Collection,Community and Professional Life,R. Jess Brown,20th century,Daughter of R. Jess Brown,Mississippi,tentative interpretation,Source image: 24.png from /Users/Birittany/Downloads/Untitled design (2); metadata imported from R_Jess_Brown_Metadata_Descriptions_1-52.txt on 2026-07-21.
medium,SRM-2026-277,National Bar Association life-membership certificate for R. Jess Brown,Artifact,R. Jess Brown Collection,Community and Professional Life,R. Jess Brown,1968-05-13,Daughter of R. Jess Brown,United States,tentative interpretation,Source image: 36.png from /Users/Birittany/Downloads/Untitled design (2); metadata imported from R_Jess_Brown_Metadata_Descriptions_1-52.txt on 2026-07-21.
medium,SRM-2026-280,Ellis J. May III letter recalling conversation with R. Jess Brown,Archive,R. Jess Brown Collection,Civic Leadership,R. Jess Brown; Ellis J. May III; Thurgood Marshall,1988-09-21,Daughter of R. Jess Brown,"Washington, D.C.",tentative interpretation,Source image: 39.png from /Users/Birittany/Downloads/Untitled design (2); metadata imported from R_Jess_Brown_Metadata_Descriptions_1-52.txt on 2026-07-21.
medium,SRM-2026-299,Metropolitan Class Record No. 425,Archive,Dr. Townsend Collection,African American Education,"Dr. Townsend (teacher, attributed)",1944,,Mississippi,tentative interpretation; missing donor/provenance,"Added from the Dr Townsend folder on July 22, 2026. Source file renamed from 6.png."
medium,SRM-2026-303,Seated older man indoors,Photograph,Dr. Townsend Collection,Portraiture and Community Memory,,,,Geographies To Be Confirmed,no named people on person-centered image; missing object date; missing donor/provenance,"Added from the Dr Townsend folder on July 22, 2026. Source file renamed from 10.png."
medium,SRM-2026-308,Alcorn A and M College Certificate of Merit,Archive,Dr. Townsend Collection,African American Education,,1960-05-23,,"Lorman, Mississippi",tentative interpretation; missing donor/provenance,"Added from the Dr Townsend folder on July 22, 2026. Source file renamed from 15.png."
medium,SRM-2026-324,Office or public building desk scene,Photograph,Dr. Townsend Collection,Community and Professional Life,,,,Geographies To Be Confirmed,tentative interpretation; missing object date; missing donor/provenance,"Added from the Dr Townsend folder on July 22, 2026. Source file renamed from 31.png."
medium,SRM-2026-329,Health worker examining seated man,Photograph,Dr. Townsend Collection,Black Health and Medicine,,,,Geographies To Be Confirmed,no named people on person-centered image; missing object date; missing donor/provenance,"Added from the Dr Townsend folder on July 22, 2026. Source file renamed from 36.png."
medium,SRM-2026-330,Auditorium audience photograph,Photograph,Dr. Townsend Collection,Community and Professional Life,,,,Geographies To Be Confirmed,no named people on person-centered image; missing object date; missing donor/provenance,"Added from the Dr Townsend folder on July 22, 2026. Source file renamed from 37.png."
medium,SRM-2026-338,Row of small wood-frame houses streetscape,Photograph,Dr. Townsend Collection,Family And Local Life,,,,Geographies To Be Confirmed,tentative interpretation; missing object date; missing donor/provenance,"Added from the Dr Townsend folder on July 22, 2026. Source file renamed from 45.png."
medium,SRM-2026-339,Woman sorting garments in distribution room,Photograph,Dr. Townsend Collection,Community and Professional Life,,,,Geographies To Be Confirmed,no named people on person-centered image; missing object date; missing donor/provenance,"Added from the Dr Townsend folder on July 22, 2026. Source file renamed from 46.png."
medium,SRM-2026-342,Man speaking at microphone behind podium,Photograph,Dr. Townsend Collection,Civic Leadership,,,,Geographies To Be Confirmed,no named people on person-centered image; missing object date; missing donor/provenance,"Added from the Dr Townsend folder on July 22, 2026. Source file renamed from 49.png."
medium,SRM-2026-352,"Historic Pictorial Group of the Members of the Legislature, alternate documentation image",Photograph,Dr. Townsend Collection,Civic Leadership,,1878-1879,,Mississippi,no named people on person-centered image; missing donor/provenance,"Added from the Dr Townsend folder on July 22, 2026. Source file renamed from 59.png."
medium,SRM-2026-353,1926-1927 seniors group portrait,Photograph,Dr. Townsend Collection,African American Education,,1926-1927,,Geographies To Be Confirmed,generic subject title; no named people on person-centered image; missing donor/provenance,"Added from the Dr Townsend folder on July 22, 2026. Source file renamed from 60.png."
medium,SRM-2026-355,Jackson Club group portrait with membership roster,Photograph,Dr. Townsend Collection,Community and Professional Life,Jackson Club members,,,"Jackson, Mississippi",generic subject title; missing object date; missing donor/provenance,"Added from the Dr Townsend folder on July 22, 2026. Source file renamed from 63.png."
medium,SRM-2026-356,Children eating in school cafeteria,Photograph,Dr. Townsend Collection,African American Education,,,,Geographies To Be Confirmed,no named people on person-centered image; missing object date; missing donor/provenance,"Added from the Dr Townsend folder on July 22, 2026. Source file renamed from 64.png."
medium,SRM-2026-361,"Portrait of an unidentified infant, undated",Photograph,,Midwives and Motherhood,,undated,,Geographies To Be Confirmed,unidentified subject; no named people on person-centered image,Imported from /Users/Birittany/Downloads/Stumps/1.png on 2026-07-26. Source description from pasted-text.txt. OCR not finalized; review image text for additional detail where applicable.
medium,SRM-2026-362,"Portrait of three unidentified children, undated",Photograph,,Family And Local Life,,undated,,Geographies To Be Confirmed,unidentified subject; no named people on person-centered image,Imported from /Users/Birittany/Downloads/Stumps/2.png on 2026-07-26. Source description from pasted-text.txt. OCR not finalized; review image text for additional detail where applicable.
medium,SRM-2026-363,"Portrait of an unidentified couple, undated",Photograph,,Family And Local Life,,undated,,Geographies To Be Confirmed,unidentified subject; no named people on person-centered image,Imported from /Users/Birittany/Downloads/Stumps/3.png on 2026-07-26. Source description from pasted-text.txt. OCR not finalized; review image text for additional detail where applicable.
medium,SRM-2026-364,"Carved portrait bust of an unidentified woman, undated",Photograph,,Family And Local Life,,undated,,Geographies To Be Confirmed,unidentified subject; no named people on person-centered image,Imported from /Users/Birittany/Downloads/Stumps/4.png on 2026-07-26. Source description from pasted-text.txt. OCR not finalized; review image text for additional detail where applicable.
medium,SRM-2026-365,"Carved portrait bust of an unidentified man, undated",Photograph,,Family And Local Life,,undated,,Geographies To Be Confirmed,unidentified subject; no named people on person-centered image,Imported from /Users/Birittany/Downloads/Stumps/5.png on 2026-07-26. Source description from pasted-text.txt. OCR not finalized; review image text for additional detail where applicable.
medium,SRM-2026-370,"Smith Robertson Folklife Festival program, May 3–5, 1985",Archive,,African American Education,,1985,,Smith Robertson Campus,tentative interpretation,Imported from /Users/Birittany/Downloads/Stumps/10.png on 2026-07-26. Festival dates and sponsor details confirmed from the cover image on July 27
medium,SRM-2026-373,"A Neighborhood Discovery exhibition program, 1983",Archive,,African American Education,,1983,,Smith Robertson Campus,tentative interpretation,Imported from /Users/Birittany/Downloads/Stumps/13.png on 2026-07-26. Exhibition dates and site wording confirmed from the image on July 27
medium,SRM-2026-376,"Advertising fan with portrait of an unidentified boy, undated",Photograph,,Family And Local Life,,undated,,Geographies To Be Confirmed,unidentified subject; no named people on person-centered image,Imported from /Users/Birittany/Downloads/Stumps/16.png on 2026-07-26. Source description from pasted-text.txt. OCR not finalized; review image text for additional detail where applicable.
medium,SRM-2026-377,"Portrait of an unidentified woman, undated",Photograph,,Family And Local Life,,undated,,Geographies To Be Confirmed,unidentified subject; no named people on person-centered image,Imported from /Users/Birittany/Downloads/Stumps/17.png on 2026-07-26. Source description from pasted-text.txt. OCR not finalized; review image text for additional detail where applicable.
medium,SRM-2026-380,"Portrait of an unidentified young man, undated",Photograph,,Family And Local Life,,undated,,Geographies To Be Confirmed,unidentified subject; no named people on person-centered image,Imported from /Users/Birittany/Downloads/Stumps/20.png on 2026-07-26. Source description from pasted-text.txt. OCR not finalized; review image text for additional detail where applicable.
medium,SRM-2026-381,"Two unidentified children indoors, undated",Photograph,,Family And Local Life,,undated,,Geographies To Be Confirmed,unidentified subject; no named people on person-centered image,Imported from /Users/Birittany/Downloads/Stumps/21.png on 2026-07-26. Source description from pasted-text.txt. OCR not finalized; review image text for additional detail where applicable.
medium,SRM-2026-387,"Industrial-course certificate awarded to R. L. Burton, May 20, 1916",Archive,,African American Education,R. L. Burton,1916-05-20,,Geographies To Be Confirmed,tentative interpretation,Imported from /Users/Birittany/Downloads/Stumps/27.png on 2026-07-26. Recipient name
medium,SRM-2026-389,"Smith Robertson Neighborhood Folklife Festival program, May 4, 1984",Archive,,African American Education,,1984-05-04,,Smith Robertson Campus,tentative interpretation,Imported from /Users/Birittany/Downloads/Stumps/29.png on 2026-07-26. Event title
medium,SRM-2026-390,"Smith Robertson Neighborhood Folklife Festival program pages, 1984",Archive,,African American Education,Theresa H. Martin; C. C. Appleberry; Margaret Walker Alexander; Dale Danks Jr.,1984-05-04,,Smith Robertson Campus,tentative interpretation, performers
medium,SRM-2026-396,Unidentified image,Photograph,,Material Culture and Interpretation,,,,Geographies To Be Confirmed,unidentified subject; missing object date,Imported from /Users/Birittany/Downloads/Stumps/36.png on 2026-07-26. Source description from pasted-text.txt. OCR not finalized; review image text for additional detail where applicable.
medium,SRM-2026-397,"Group portrait with handwritten identifications, undated",Photograph,,Family And Local Life,,undated,,Geographies To Be Confirmed,generic subject title; no named people on person-centered image,Imported from /Users/Birittany/Downloads/Stumps/37.png on 2026-07-26. Source description from pasted-text.txt. OCR not finalized; review image text for additional detail where applicable.
medium,SRM-2026-414,"Street Talk, May 1979",Photograph,,Material Culture and Interpretation,,1979,,Geographies To Be Confirmed,tentative interpretation,Imported from /Users/Birittany/Downloads/Stumps/54.png on 2026-07-26. Source description from pasted-text.txt. OCR not finalized; review image text for additional detail where applicable.
medium,SRM-2026-415,"The South of the Near Future, May 1980",Archive,,Civil Rights and Citizenship,Leslie W. Dunbar,1980-05,,Atlanta Georgia,tentative interpretation,Imported from /Users/Birittany/Downloads/Stumps/55.png on 2026-07-26. Author
medium,SRM-2026-424,"Unidentified musician performing, undated",Photograph,,Arts And Culture,,undated,,Geographies To Be Confirmed,unidentified subject,Imported from /Users/Birittany/Downloads/Stumps/64.png on 2026-07-26. Source description from pasted-text.txt. OCR not finalized; review image text for additional detail where applicable.
medium,SRM-2026-428,"Focus, May 1980",Archive,,Civil Rights and Citizenship,,1980-05,,Washington D.C.,tentative interpretation,Imported from /Users/Birittany/Downloads/Stumps/68.png on 2026-07-26. Corrected the year to 1980 from the cover image; publication title
medium,SRM-2026-430,"Interior of an unidentified general store, undated",Photograph,,Material Culture and Interpretation,,undated,,Geographies To Be Confirmed,unidentified subject,Imported from /Users/Birittany/Downloads/Stumps/70.png on 2026-07-26. Source description from pasted-text.txt. OCR not finalized; review image text for additional detail where applicable.
medium,SRM-2026-440,"Rust College Alumni Newsletter, February 1981",Archive,,African American Education,,1981-02,,Holly Springs,tentative interpretation,Imported from /Users/Birittany/Downloads/Stumps/80.png on 2026-07-26. Newsletter title
medium,SRM-2026-452,"Southern Black Cultural Newsletter, May 1981",Archive,,Arts And Culture,John O'Neal,1981-05,,South,tentative interpretation,Imported from /Users/Birittany/Downloads/Stumps/92.png on 2026-07-26. Publication title
medium,SRM-2026-454,"Portrait of an unidentified woman, undated",Photograph,,Family And Local Life,,undated,,Geographies To Be Confirmed,unidentified subject; no named people on person-centered image,Imported from /Users/Birittany/Downloads/Stumps/94.png on 2026-07-26. Source description from pasted-text.txt. OCR not finalized; review image text for additional detail where applicable.
medium,SRM-2026-455,"Portrait of an unidentified man with seasonal inscription, undated",Photograph,,Family And Local Life,,undated,,Geographies To Be Confirmed,unidentified subject; no named people on person-centered image,Imported from /Users/Birittany/Downloads/Stumps/95.png on 2026-07-26. Source description from pasted-text.txt. OCR not finalized; review image text for additional detail where applicable.
medium,SRM-2026-456,"Unidentified man with bicycle, undated",Photograph,,Family And Local Life,,undated,,Geographies To Be Confirmed,unidentified subject; no named people on person-centered image,Imported from /Users/Birittany/Downloads/Stumps/96.png on 2026-07-26. Source description from pasted-text.txt. OCR not finalized; review image text for additional detail where applicable.
medium,SRM-2026-465,"Portrait of an unidentified woman, undated",Photograph,,Family And Local Life,,undated,,Geographies To Be Confirmed,unidentified subject; no named people on person-centered image,Imported from /Users/Birittany/Downloads/Stumps/105.png on 2026-07-26. Source description from pasted-text.txt. OCR not finalized; review image text for additional detail where applicable.
medium,SRM-2026-477,"Portrait of an unidentified infant in christening gown, undated",Photograph,,Midwives and Motherhood,,undated,,Geographies To Be Confirmed,unidentified subject; no named people on person-centered image,"Imported from /Users/Birittany/Downloads/SRM (1)/5.png on 2026-07-27. Metadata drawn from visual review of the image on July 27, 2026."
medium,SRM-2026-488,"May Day 1963, Vertilla Anderson’s first grade class",Photograph,,African American Education,Vertilla F. Anderson,1963-05,,Farish Street,tentative interpretation,"Imported from /Users/Birittany/Downloads/SRM (1)/16.png on 2026-07-27. Metadata drawn from visual review of the image on July 27, 2026."
medium,SRM-2026-491,"Vertilla F. Anderson portrait with floral display, May 1964",Photograph,,African American Education,Vertilla F. Anderson,1964-05,,Farish Street,tentative interpretation,"Imported from /Users/Birittany/Downloads/SRM (1)/19.png on 2026-07-27. Metadata drawn from visual review of the image on July 27, 2026."
medium,SRM-2026-492,"Betty Mencuree with first graders, May 1964",Photograph,,African American Education,Betty Mencuree,1964-05,,Farish Street,tentative interpretation,"Imported from /Users/Birittany/Downloads/SRM (1)/20.png on 2026-07-27. Metadata drawn from visual review of the image on July 27, 2026."
medium,SRM-2026-493,"Vertilla F. Anderson and class, May 1964",Photograph,,African American Education,Vertilla F. Anderson,1964-05,,Farish Street,tentative interpretation,"Imported from /Users/Birittany/Downloads/SRM (1)/21.png on 2026-07-27. Metadata drawn from visual review of the image on July 27, 2026."
medium,SRM-2026-496,May Day 1965 maypole at Robertson School,Photograph,,African American Education,Robert Blackmon; Mrs. Blackmon,1965-05,,Farish Street,tentative interpretation,"Imported from /Users/Birittany/Downloads/SRM (1)/24.png on 2026-07-27. Metadata drawn from visual review of the image on July 27, 2026."
medium,SRM-2026-499,"May Day first grade class in costume, May 1964",Photograph,,African American Education,Vertilla F. Anderson,1964-05,,Farish Street,tentative interpretation,"Imported from /Users/Birittany/Downloads/SRM (1)/27.png on 2026-07-27. Metadata drawn from visual review of the image on July 27, 2026."
medium,SRM-2026-502,"At the zoo, May Day 1965, Robertson School",Photograph,,African American Education,Robert Blackmon; Mrs. Blackmon,1965-05,,Geographies To Be Confirmed,tentative interpretation,"Imported from /Users/Birittany/Downloads/SRM (1)/30.png on 2026-07-27. Metadata drawn from visual review of the image on July 27, 2026."
medium,SRM-2026-509,"Hygiene class certificate for Leroy Weathersby, May 21, 1940",Archive,,Black Health and Medicine,Leroy Weathersby; Mary T. Osborne; Felix J. Underwood,1940-05-21,,Hinds County,tentative interpretation,"Imported from /Users/Birittany/Downloads/SRM (1)/37.png on 2026-07-27. Metadata drawn from visual review of the image on July 27, 2026."
medium,SRM-2026-512,"Ten African American Artists at Smith Robertson opening program, May 5, 1991",Archive,,Arts And Culture,,1991-05-05,,Downtown Jackson,tentative interpretation,"Imported from /Users/Birittany/Downloads/SRM (1)/40.png on 2026-07-27. Metadata drawn from visual review of the image on July 27, 2026."
medium,SRM-2026-525,"War on Hunger: A Report from the Agency for International Development, May 1976",Archive,,Community and Professional Life,,1976-05,,Geographies To Be Confirmed,tentative interpretation,"Imported from /Users/Birittany/Downloads/SRM (1)/53.png on 2026-07-27. Metadata drawn from visual review of the image on July 27, 2026."
medium,SRM-2026-530,"Dedication plaque for B. Baldwin Dansby Hall, May 22, 1951",Artifact,B. Baldwin Dansby Collection,African American Education,B. Baldwin Dansby,1951-05-22,,Jackson State University Campus,tentative interpretation,"Imported from /Users/Birittany/Downloads/Dansby.zip item 2.png on 2026-07-29. Metadata drawn from visual review of the image on July 29, 2026."
medium,SRM-2026-538,"Studio portrait of B. Baldwin Dansby with patterned tie, undated",Photograph,B. Baldwin Dansby Collection,Portraiture and Community Memory,B. Baldwin Dansby,undated,,"Jackson, Mississippi",tentative interpretation,"Imported from /Users/Birittany/Downloads/Dansby.zip item 10.png on 2026-07-29. Metadata drawn from visual review of the image on July 29, 2026."
medium,SRM-2026-543,"Full-length portrait of Dr. B. Baldwin Dansby, December 17, 1950",Photograph,B. Baldwin Dansby Collection,Portraiture and Community Memory,B. Baldwin Dansby,1950-12-17,,"Jackson, Mississippi",tentative interpretation,"Imported from /Users/Birittany/Downloads/Dansby.zip item 15.png on 2026-07-29. Metadata drawn from visual review of the image on July 29, 2026."
medium,SRM-2026-554,"Prentiss Normal and Industrial Institute letter requesting biographical sketch from B. B. Dansby, April 3, 1967",Archive,B. Baldwin Dansby Collection,African American Education,B. Baldwin Dansby; J. E. Johnson,1967-04-03,,"Prentiss, Mississippi",verify/confirm language,"Imported from /Users/Birittany/Downloads/Dansby.zip item 26.png on 2026-07-29. Metadata drawn from visual review of the image on July 29, 2026."
medium,SRM-2026-578,"Prentiss Institute honorary Doctor of Humanities degree for Mary Augusta Rayford Collins, May 21, 1967",Archive,Biographical and Civic History Collection,African American Education,Mary Augusta Rayford Collins,1967-05-21,,"Prentiss, Mississippi",tentative interpretation,"Imported from /Users/Birittany/Downloads/Freedom Day Celebration 1991.zip item 9.png on 2026-07-29. Metadata drawn from visual review of the image on July 29, 2026."
medium,SRM-2026-592,"Miles Memorial College Junior College Department diploma for Ruth C. Finch, May 25, 1925",Archive,Dr. S. D. Redmond Collection,African American Education,Ruth C. Finch,1925-05-25,,"Birmingham, Alabama",tentative interpretation,"Imported from /Users/Birittany/Downloads/Dr S D Redmond/4.png on 2026-08-01. Metadata drawn from visual review of the image on August 1, 2026."
medium,SRM-2026-596,"Pair of brass handbells, undated",Artifact,Dr. S. D. Redmond Collection,Material Culture and Interpretation,,undated,,Geographies To Be Confirmed,tentative interpretation,"Imported from /Users/Birittany/Downloads/Dr S D Redmond/8.png on 2026-08-01. Metadata drawn from visual review of the image on August 1, 2026."
medium,SRM-2026-612,"Christian Endeavor Society certificate for Charles H. Wilson, May 14, 1921",Archive,Dr. S. D. Redmond Collection,Community and Professional Life,Charles H. Wilson,1921-05-14,,"Tuskegee, Alabama",tentative interpretation,"Imported from /Users/Birittany/Downloads/Dr S D Redmond/24.png on 2026-08-01. Metadata drawn from visual review of the image on August 1, 2026."
medium,SRM-2026-614,"City of Jackson proclamation for Bob Moses Day, May 4, 2000",Archive,Dr. S. D. Redmond Collection,Civil Rights and Citizenship,Bob Moses; Harvey Johnson Jr.,2000-05-04,,"Jackson, Mississippi",tentative interpretation,"Imported from /Users/Birittany/Downloads/Dr S D Redmond/26.png on 2026-08-01. Metadata drawn from visual review of the image on August 1, 2026."
medium,SRM-2026-615,"Tuskegee Normal and Industrial Institute trade certificate in harness-making for Charles James Henry Wilson, May 26, 1921",Archive,Dr. S. D. Redmond Collection,Black Business and Professional Life,Charles James Henry Wilson,1921-05-26,,"Tuskegee, Alabama",tentative interpretation,"Imported from /Users/Birittany/Downloads/Dr S D Redmond/27.png on 2026-08-01. Metadata drawn from visual review of the image on August 1, 2026."
medium,SRM-2026-617,"Double portrait of an unidentified couple, undated",Photograph,Dr. S. D. Redmond Collection,Portraiture and Community Memory,unidentified woman; unidentified man,undated,,Geographies To Be Confirmed,unidentified subject,"Imported from /Users/Birittany/Downloads/Dr S D Redmond/29.png on 2026-08-01. Metadata drawn from visual review of the image on August 1, 2026."
medium,SRM-2026-629,"Portrait of an unidentified clergyman holding a diploma, undated",Photograph,Dr. S. D. Redmond Collection,Portraiture and Community Memory,unidentified clergyman,undated,,Geographies To Be Confirmed,unidentified subject,"Imported from /Users/Birittany/Downloads/Dr S D Redmond/41.png on 2026-08-01. Metadata drawn from visual review of the image on August 1, 2026."
medium,SRM-2026-630,"Group portrait of unidentified men with handwritten names on verso, undated",Photograph,Dr. S. D. Redmond Collection,Community and Professional Life,Henry Denton; Lee Williams; Prof. Beasley; H. T. Sampson; unidentified men,undated,,Geographies To Be Confirmed,unidentified subject; generic subject title,"Imported from /Users/Birittany/Downloads/Dr S D Redmond/42.png on 2026-08-01. Metadata drawn from visual review of the image on August 1, 2026."
medium,SRM-2026-632,"Mississippi Association of Life Underwriters sales congress group photograph, May 28, 1920",Photograph,Dr. S. D. Redmond Collection,Black Business and Professional Life,Mississippi Association of Life Underwriters,1920-05-28,,"Jackson, Mississippi",tentative interpretation; generic subject title,"Imported from /Users/Birittany/Downloads/Dr S D Redmond/44.png on 2026-08-01. Metadata drawn from visual review of the image on August 1, 2026."
medium,SRM-2026-640,"Duplicate photographic copy of physician’s birth certificate data for Carlyn Evelyn Baker, March 24, 1943",Archive,Dr. S. D. Redmond Collection,Midwives and Motherhood,Carlyn Evelyn Baker; Barbara Willis; Milton Baker,1943-03-24,,"Jackson, Mississippi",tentative interpretation,"Imported from /Users/Birittany/Downloads/Dr S D Redmond/52.png on 2026-08-01. Metadata drawn from visual review of the image on August 1, 2026."
medium,SRM-2026-643,"Residential building associated with the Perkins network, undated",Photograph,John and Vera Mae Perkins Collection,Community and Professional Life,,undated,,Geographies To Be Confirmed,tentative interpretation,"Imported from /Users/Birittany/Downloads/January 1971/3.png on 2026-08-01. Metadata drawn from visual review of the image and contextual research on John M. Perkins and Vera Mae Perkins on August 1, 2026."
medium,SRM-2026-652,"Clasped hands detail, undated",Photograph,John and Vera Mae Perkins Collection,Family And Local Life,,undated,,Geographies To Be Confirmed,tentative interpretation,"Imported from /Users/Birittany/Downloads/January 1971/12.png on 2026-08-01. Metadata drawn from visual review of the image and contextual research on John M. Perkins and Vera Mae Perkins on August 1, 2026."
medium,SRM-2026-657,"John M. Perkins with an older companion outdoors, undated",Photograph,John and Vera Mae Perkins Collection,Civic Leadership,John M. Perkins; unidentified man,undated,,Geographies To Be Confirmed,tentative interpretation,"Imported from /Users/Birittany/Downloads/January 1971/17.png on 2026-08-01. Metadata drawn from visual review of the image and contextual research on John M. Perkins and Vera Mae Perkins on August 1, 2026."
medium,SRM-2026-679,"Presentation or exchange between community members, undated",Photograph,John and Vera Mae Perkins Collection,Community and Professional Life,unidentified adults,undated,,Geographies To Be Confirmed,tentative interpretation,"Imported from /Users/Birittany/Downloads/January 1971/39.png on 2026-08-01. Metadata drawn from visual review of the image and contextual research on John M. Perkins and Vera Mae Perkins on August 1, 2026."
medium,SRM-2026-701,"Publicity portrait of an unidentified woman in ceremonial headpiece, undated",Photograph,Youngs Collection,Arts And Culture,,undated,,Geographies To Be Confirmed,unidentified subject; no named people on person-centered image,"Imported from /Users/Birittany/Downloads/Youngs.zip (4.png) on 2026-08-01. Metadata drawn from visual review of the image on August 1, 2026."
medium,SRM-2026-703,"Portrait of an unidentified young man, undated",Photograph,Youngs Collection,Portraiture and Community Memory,,undated,,Geographies To Be Confirmed,unidentified subject; no named people on person-centered image,"Imported from /Users/Birittany/Downloads/Youngs.zip (6.png) on 2026-08-01. Metadata drawn from visual review of the image on August 1, 2026."
medium,SRM-2026-704,"Faded family group portrait, undated",Photograph,Youngs Collection,Family And Local Life,,undated,,Geographies To Be Confirmed,generic subject title; no named people on person-centered image,"Imported from /Users/Birittany/Downloads/Youngs.zip (7.png) on 2026-08-01. Metadata drawn from visual review of the image on August 1, 2026."
medium,SRM-2026-711,"Uniformed youth group portrait with adult leader, undated",Photograph,Youngs Collection,African American Education,,undated,,Geographies To Be Confirmed,generic subject title; no named people on person-centered image,"Imported from /Users/Birittany/Downloads/Youngs.zip (14.png) on 2026-08-01. Metadata drawn from visual review of the image on August 1, 2026."
medium,SRM-2026-716,"Close-up portrait of two unidentified adults outdoors, undated",Photograph,Youngs Collection,Portraiture and Community Memory,,undated,,Geographies To Be Confirmed,unidentified subject; no named people on person-centered image,"Imported from /Users/Birittany/Downloads/Youngs.zip (19.png) on 2026-08-01. Metadata drawn from visual review of the image on August 1, 2026. Legacy accession label visible in image: 90.12.1."
medium,SRM-2026-717,"Formal portrait of an unidentified man, undated",Photograph,Youngs Collection,Portraiture and Community Memory,,undated,,Geographies To Be Confirmed,unidentified subject; no named people on person-centered image,"Imported from /Users/Birittany/Downloads/Youngs.zip (20.png) on 2026-08-01. Metadata drawn from visual review of the image on August 1, 2026."
medium,SRM-2026-726,"Portrait of an unidentified man with glasses and bow tie, undated",Photograph,Youngs Collection,Portraiture and Community Memory,,undated,,Geographies To Be Confirmed,unidentified subject; no named people on person-centered image,"Imported from /Users/Birittany/Downloads/Youngs.zip (29.png) on 2026-08-01. Metadata drawn from visual review of the image on August 1, 2026."
medium,SRM-2026-732,"Profile portrait of an unidentified woman, undated",Photograph,Youngs Collection,Portraiture and Community Memory,,undated,,Geographies To Be Confirmed,unidentified subject; no named people on person-centered image,"Imported from /Users/Birittany/Downloads/Youngs.zip (35.png) on 2026-08-01. Metadata drawn from visual review of the image on August 1, 2026."
medium,SRM-2026-757,"Portrait of an unidentified man seated at a desk, undated",Photograph,Youngs Collection,Portraiture and Community Memory,,undated,,Geographies To Be Confirmed,unidentified subject; no named people on person-centered image,"Imported from /Users/Birittany/Downloads/Youngs.zip (60.png) on 2026-08-01. Metadata drawn from visual review of the image on August 1, 2026."
medium,SRM-2026-762,"Formal portrait of an unidentified elderly man with a book, undated",Photograph,Youngs Collection,Portraiture and Community Memory,,undated,,Geographies To Be Confirmed,unidentified subject; no named people on person-centered image,"Imported from /Users/Birittany/Downloads/Youngs.zip (65.png) on 2026-08-01. Metadata drawn from visual review of the image on August 1, 2026."
medium,SRM-2026-763,"Color snapshot of an unidentified older man at an event, undated",Photograph,Youngs Collection,Family And Local Life,,undated,,Geographies To Be Confirmed,unidentified subject; no named people on person-centered image,"Imported from /Users/Birittany/Downloads/Youngs.zip (66.png) on 2026-08-01. Metadata drawn from visual review of the image on August 1, 2026."
medium,SRM-2026-764,"Portrait of an unidentified man before a broken window, undated",Photograph,Youngs Collection,Portraiture and Community Memory,,undated,,Geographies To Be Confirmed,unidentified subject; no named people on person-centered image,"Imported from /Users/Birittany/Downloads/Youngs.zip (67.png) on 2026-08-01. Metadata drawn from visual review of the image on August 1, 2026. Additional label note: Photo credit Kirksey."
medium,SRM-2026-766,"Large outdoor group photograph, undated",Photograph,Youngs Collection,Community and Professional Life,,undated,,Geographies To Be Confirmed,generic subject title; no named people on person-centered image,"Imported from /Users/Birittany/Downloads/Youngs.zip (69.png) on 2026-08-01. Metadata drawn from visual review of the image on August 1, 2026."
medium,SRM-2026-777,"Exhibit installation or workroom scene with portrait display, undated",Photograph,,Arts And Culture,,undated,,,no named people on person-centered image; missing geography/neighborhood,"Imported from /Users/Birittany/Downloads/Lawrence A Jones, Margaret Burroughs, Karl Griffin/3.png on 2026-08-05."
medium,SRM-2026-787,"Child seated outdoors on a bench, undated",Photograph,,Family And Local Life,,undated,,,no named people on person-centered image; missing geography/neighborhood,"Imported from /Users/Birittany/Downloads/Lawrence A Jones, Margaret Burroughs, Karl Griffin/13.png on 2026-08-05."
medium,SRM-2026-788,"YWCA branch leadership group seated around a table, 1940s or 1950s",Photograph,,Civic Leadership,,1940s or 1950s,,,no named people on person-centered image; missing geography/neighborhood,"Imported from /Users/Birittany/Downloads/Lawrence A Jones, Margaret Burroughs, Karl Griffin/15.png on 2026-08-05. Handwritten note identifies the scene as a YWCA branch leadership or management committee photograph and lists several women by name and role."
medium,SRM-2026-790,"Woman seated at a piano or organ, undated",Photograph,,Arts And Culture,,undated,,,generic subject title; no named people on person-centered image; missing geography/neighborhood,"Imported from /Users/Birittany/Downloads/Lawrence A Jones, Margaret Burroughs, Karl Griffin/18.png on 2026-08-05."
medium,SRM-2026-796,"Classroom scene labeled ""Black e Proud School,"" undated",Photograph,,African American Education,,undated,,,tentative interpretation; missing geography/neighborhood,"Imported from /Users/Birittany/Downloads/Lawrence A Jones, Margaret Burroughs, Karl Griffin/24.png on 2026-08-05. Handwritten note at the lower edge appears to read ""Black e Proud School."""
medium,SRM-2026-809,"Infant seated in a walker beside a small table, undated",Photograph,,Family And Local Life,,undated,,,no named people on person-centered image; missing geography/neighborhood,"Imported from /Users/Birittany/Downloads/Lawrence A Jones, Margaret Burroughs, Karl Griffin/49.png on 2026-08-05."
medium,SRM-2026-819,"Family group portrait, undated",Photograph,,Family And Local Life,,undated,,,generic subject title; no named people on person-centered image; missing geography/neighborhood,"Imported from /Users/Birittany/Downloads/Lawrence A Jones, Margaret Burroughs, Karl Griffin/61.png on 2026-08-05."
medium,SRM-2026-820,"Wedding portrait with cake, undated",Photograph,,Family And Local Life,,undated,,,no named people on person-centered image; missing geography/neighborhood,"Imported from /Users/Birittany/Downloads/Lawrence A Jones, Margaret Burroughs, Karl Griffin/62.png on 2026-08-05."
medium,SRM-2026-821,"Indoor family group portrait, undated",Photograph,,Family And Local Life,,undated,,,generic subject title; no named people on person-centered image; missing geography/neighborhood,"Imported from /Users/Birittany/Downloads/Lawrence A Jones, Margaret Burroughs, Karl Griffin/63.png on 2026-08-05."
medium,SRM-2026-831,"Woman seated on a bench with child, undated",Photograph,,Family And Local Life,,undated,Atty. William Miller III,,generic subject title; no named people on person-centered image; missing geography/neighborhood,"Imported from /Users/Birittany/Downloads/Lawrence A Jones, Margaret Burroughs, Karl Griffin/75.png on 2026-08-05. Legacy accession label visible in image: 86.22.6. Donor context supplied on August 6, 2026."
medium,SRM-2026-834,"Candid photograph of a woman in a polka-dot dress, undated",Photograph,,Family And Local Life,,undated,,,no named people on person-centered image; missing geography/neighborhood,"Imported from /Users/Birittany/Downloads/Lawrence A Jones, Margaret Burroughs, Karl Griffin/79.png on 2026-08-05. Legacy accession label visible in image: 90.12.49."
medium,SRM-2026-835,"JSU graduation ceremony, May 8, 1977",Photograph,,African American Education,Luther; John A. Peoples Jr.,1977-05-08,,,tentative interpretation; missing geography/neighborhood,"Imported from /Users/Birittany/Downloads/Lawrence A Jones, Margaret Burroughs, Karl Griffin/80.png on 2026-08-05. Handwritten note reads: ""JSU Graduation May 8, 1977. Luther receiving Golden diploma from Dr. John A. Peoples, Jr., Pres."""
medium,SRM-2026-837,"Woman drawing water from a hand pump, undated",Photograph,,Family And Local Life,,undated,,,no named people on person-centered image; missing geography/neighborhood,"Imported from /Users/Birittany/Downloads/Lawrence A Jones, Margaret Burroughs, Karl Griffin/85.png on 2026-08-05. Legacy accession label visible in image: 90.12.31."
medium,SRM-2026-839,"Man drawing water from a hand pump, undated",Photograph,,Family And Local Life,,undated,,,no named people on person-centered image; missing geography/neighborhood,"Imported from /Users/Birittany/Downloads/Lawrence A Jones, Margaret Burroughs, Karl Griffin/87.png on 2026-08-05."
medium,SRM-P-2026-004,Photo Prof. Luther Marshall,Photograph,Smith Robertson,African American Education,,,,Smith Robertson Campus,no named people on person-centered image; missing object date; missing donor/provenance,
medium,SRM-R--2008-002,Jackson Advocate 2008,Artifact,Jackson Advocate,Arts And Culture,,2008,jackson advocate,,tentative interpretation; missing geography/neighborhood,
low,SRM-2026-046,Memphis Brewers Company Lewis Banquet for the Mississippi Negro Country Agents,Photograph,Photograph Collection,Community and Professional Life,,1939-11-28 00:00:00,,,missing donor/provenance; missing geography/neighborhood,Caption should be verified in person for spelling of place name and company wording.
low,SRM-2026-051,Poor People's Campaign 1968 Southern Caravan to Washington broadside,Archive,Civil Rights Collection,Civil Rights and Citizenship,Martin Luther King Jr.; Ralph David Abernathy,1968,,,missing donor/provenance; missing geography/neighborhood,Distinct item from the separate SCLC invitation flyer also photographed in this batch.
low,SRM-2026-052,SCLC flyer inviting participation in the Poor People's Campaign,Archive,Civil Rights Collection,Civil Rights and Citizenship,Martin Luther King Jr.,1968,,,missing donor/provenance; missing geography/neighborhood,This is a separate printed item from the Southern Caravan broadside.
low,SRM-2026-055,"The Link holdings (1996-1997, 2005-2006, 2008)",Newspaper / Periodical,Newspapers And Periodicals,Civic Leadership,,Jan. 1996-Sep. 1997; Jan. 2005-March 2006; Oct. 2008,,"Jackson, Mississippi",missing donor/provenance,Source image: 1.png. Label transcription: THE LINK / Jan. 1996-Sept. 1997 / Jan. 2005-March 2006 / Oct. 2008.
low,SRM-2026-056,The Jackson Advocate holdings (March-December 2006),Newspaper / Periodical,Newspapers And Periodicals,Civic Leadership,,March 2006-December 2006,,"Jackson, Mississippi",missing donor/provenance,Source image: 2.png. Label transcription: THE JACKSON ADVOCATE / March 2006-Dec 2006.
low,SRM-2026-057,The Jackson Advocate holdings (January-December 2007),Newspaper / Periodical,Newspapers And Periodicals,Civic Leadership,,Jan.-Dec. 2007,,"Jackson, Mississippi",missing donor/provenance,Source image: 3.png. Label transcription: THE JACKSON ADVOCATE / Jan-Dec. 2007.
low,SRM-2026-058,The Jackson Advocate holdings (January-December 2010),Newspaper / Periodical,Newspapers And Periodicals,Civic Leadership,,Jan.-Dec. 2010,,"Jackson, Mississippi",missing donor/provenance,Source image: 4.png. Label transcription: THE JACKSON ADVOCATE / Jan-Dec. 2010.
low,SRM-2026-059,The Jackson Advocate holdings (January-December 2009),Newspaper / Periodical,Newspapers And Periodicals,Civic Leadership,,Jan.-Dec. 2009,,"Jackson, Mississippi",missing donor/provenance,Source image: 5.png. Label transcription: THE JACKSON ADVOCATE / Jan-Dec. 2009.
low,SRM-2026-060,The Jackson Advocate holdings (August-October 2011),Newspaper / Periodical,Newspapers And Periodicals,Civic Leadership,,August 2011-October 2011,,"Jackson, Mississippi",missing donor/provenance,Source image: 6.png. Label transcription: Jackson Advocate / August 2011 thru October 2011 / Add to 2011's.
low,SRM-2026-062,Jackson Free Press holdings (2010 and September 2011 selections),Newspaper / Periodical,Newspapers And Periodicals,Civic Leadership,,"Jan.-Sept. 2010; Aug. 31-Sept. 20, 2011",,"Jackson, Mississippi",missing donor/provenance,Source image: 8.png. Label transcription: Jackson Free Press / Jan-Sept 2010 / Aug 31-Sept 6 2011 / Sept 7-13 2011 / Sept 14-20 2011.
low,SRM-2026-063,Jackson Free Press holdings (January-December 2009),Newspaper / Periodical,Newspapers And Periodicals,Civic Leadership,,Jan.-Dec. 2009,,"Jackson, Mississippi",missing donor/provenance,Source image: 9.png. Label transcription: Jackson Free Press / Jan-Dec 2009.
low,SRM-2026-064,Jackson Free Press holdings (January-December 2013),Newspaper / Periodical,Newspapers And Periodicals,Civic Leadership,,Jan. 2013-Dec. 2013,,"Jackson, Mississippi",missing donor/provenance,Source image: 10.png. Label transcription: Jackson Free Press / Jan 2013 / December 2013.
low,SRM-2026-065,"The Jackson Advocate holdings (January-December 2012, incomplete)",Newspaper / Periodical,Newspapers And Periodicals,Civic Leadership,,Jan.-Dec. 2012,,"Jackson, Mississippi",missing donor/provenance,"Source image: 11.png. Label transcription: THE JACKSON ADVOCATE / Jan-Dec 2012 / Missing issues June, July, August."
low,SRM-2026-066,"The Jackson Advocate holdings (January-December 2011, incomplete)",Newspaper / Periodical,Newspapers And Periodicals,Civic Leadership,,Jan.-Dec. 2011,,"Jackson, Mississippi",missing donor/provenance,Source image: 12.png. Label transcription: THE JACKSON ADVOCATE / Jan.-Dec. 2011 / Sept. issue missing.
low,SRM-2026-067,The Jackson Advocate holdings (January-December 2008),Newspaper / Periodical,Newspapers And Periodicals,Civic Leadership,,Jan.-Dec. 2008,,"Jackson, Mississippi",missing donor/provenance,Source image: 13.png. Label transcription: THE JACKSON ADVOCATE / Jan-Dec. 2008.
low,SRM-2026-070,"Jackson Free Press holdings (January 4-October 18, 2006)",Newspaper / Periodical,Newspapers And Periodicals,Civic Leadership,,"Jan. 4, 2006-Oct. 18, 2006",,"Jackson, Mississippi",missing donor/provenance,"Source image: 16.png. Label transcription: Jackson Free Press / Jan 4, 2006 thru October 18, 2006."
low,SRM-2026-072,"Jackson Free Press holdings (2003, 2005, 2007 selections)",Newspaper / Periodical,Newspapers And Periodicals,Civic Leadership,,"2003, 2005, and 2007 selections",,"Jackson, Mississippi",missing donor/provenance,"Source image: 18.png. Label transcription: Jackson Free Press / Nov 27-Dec 10, 2003 / Sept 29-Oct 5, 2005 / Feb 1-7, 2007 / June 2007 / Sept 20-26, 2007 / Sept 27-10/3, 2007 / Nov 1-7, 2007."
low,SRM-2026-073,Jackson Free Press holdings (January-December 2014),Newspaper / Periodical,Newspapers And Periodicals,Civic Leadership,,Jan.-Dec. 2014,,"Jackson, Mississippi",missing donor/provenance,Source image: 19.png. Label transcription: Jackson Free Press / Jan-December 2014.
low,SRM-2026-074,"Mixed periodicals folder (Jackson Free Press, Miss Link, Close Up)",Newspaper / Periodical,Newspapers And Periodicals,Community and Professional Life,,1969-2005 selections,,"Jackson, Mississippi",missing donor/provenance,"Source image: 20.png. Label transcription: Jackson Free Press / Sept 22, 2000 / Nov 7, 2002 / June 12-25, 2005 / Feb 24-March 16, 2005 / June 23-29, 2005 / Sept 29-Oct 5, 2005 / Nov 3-Nov 23, 2005 / Dec 1-7, 2005 / Dec 22-28, 2005 / Dec 15-21, 2005 / Miss Link / Jan 25-31, 1996 / Aug 21-27, 1997 / Close Up - Jan. 1969."
low,SRM-2026-075,Carved wooden slotted geometric panel,Artifact,SRM Collection,Material Culture and Interpretation,,,,Geographies To Be Confirmed,missing object date; missing donor/provenance,Title refined during 2026-07-18 visual metadata pass; exact cultural origin and use still need confirmation from museum documentation.
low,SRM-2026-077,Smith Robertson class portrait with young children posed outdoors,Photograph,SRM Collection,African American Education,unidentified students,,,Smith Robertson Campus,missing object date; missing donor/provenance,Visual review suggests a Smith Robertson class group; individual students and exact date remain unidentified.
low,SRM-2026-079,Piney Woods pennant ('21),Artifact,School History Collection,African American Education,,21,,Mississippi,missing donor/provenance,Source image: Untitled design (38)/5.png. Exact institution/date meaning should be confirmed.
low,SRM-2026-081,Mounted Smith Robertson commencement program and tuition receipt,Archive,School History Collection,African American Education,,"June 8, 1909; school month beginning Jan. 1, 1889",,Smith Robertson Campus,missing donor/provenance,Source image: Untitled design (37)/2.png. Tuition receipt handwriting is partially illegible and should be transcribed from the original object.
low,SRM-2026-083,Rules and Regulations for the Certification of the Administrative and Instructional Personnel (inscribed copy),Archive,School History Collection,African American Education,Betty Mae York; Bilbo Young,1958 revision,,Mississippi,missing donor/provenance,Source image: Untitled design (37)/4.png.
low,SRM-2026-088,Recitation Time,Archive,Museum Library,African American Education,,,,Geographies To Be Confirmed,missing object date; missing donor/provenance,Source image: Untitled design (37)/9.png.
low,SRM-2026-089,School Laws of the State of Mississippi,Archive,Museum Library,African American Education,J. S. Vandiver,"Code of 1930, as amended to 1938",,Mississippi,missing donor/provenance,Source image: Untitled design (37)/10.png.
low,SRM-2026-090,Fortieth Annual Convention of the Fifth Educational District of Mississippi Teachers Association,Archive,Museum Library,African American Education,,"January 24-25, 1964",,"Meridian, Mississippi",missing donor/provenance,Source image: Untitled design (37)/11.png.
low,SRM-2026-093,Souvenir Program of Miss Tan America Morton Pageant,Archive,Programs And Ephemera,Arts And Culture,,1965-03-12 00:00:00,,"Jackson, Mississippi",missing donor/provenance,Source image: Untitled design (37)/14.png.
low,SRM-2026-094,The Southern Register (Fall 1985),Archive,Museum Library,Arts And Culture,Richard Wright,Fall 1985,,Mississippi,missing donor/provenance,Source image: Untitled design (37)/15.png.
low,SRM-2026-095,From Nancy Cabot's Scrapbook quilt clipping,Archive,Programs And Ephemera,Arts And Culture,Nancy Cabot,,,United States,missing object date; missing donor/provenance,Source image: Untitled design (37)/16.png.
low,SRM-2026-099,A Neighborhood Discovery exhibition brochure,Archive,Programs And Ephemera,Civic Leadership,,"April 10-May 13, 1983",,Farish Street,missing donor/provenance,Source image: Untitled design (37)/20.png.
low,SRM-2026-100,Black Fashion Museum exhibition brochure,Archive,Programs And Ephemera,Arts And Culture,,1985-04-08 00:00:00,,New York City,missing donor/provenance,Source image: Untitled design (37)/21.png.
low,SRM-2026-101,Farish Street Historic District brochure,Archive,Programs And Ephemera,Arts And Culture,,,,Farish Street,missing object date; missing donor/provenance,Source image: Untitled design (37)/22.png.
low,SRM-2026-104,SRA Reading Laboratory IIc student record book,Archive,School History Collection,African American Education,,,,Smith Robertson Campus,missing object date; missing donor/provenance,Source image: Untitled design (37)/25.png. Student name on the cover should be confirmed directly from the original.
low,SRM-2026-105,"Jackson Public Schools admission application assigned to Robertson School, September 4, 1957",Archive,SRM Collection,African American Education,Eleanor Curtis Citis?,1957,,Smith Robertson Campus,missing donor/provenance,Student name remains difficult to read with confidence after visual review; revisit from original document if a precise transcription is needed.
low,SRM-2026-106,Jackson Public Schools admission application for Betti Ann Larry,Archive,SRM Collection,African American Education,Betti Ann Larry,1957,,Smith Robertson Campus,missing donor/provenance,Name reading strengthened during 2026-07-18 visual review.
low,SRM-2026-107,Jackson Public Schools admission application for Andra Jerome Robinson,Archive,SRM Collection,African American Education,Andra Jerome Robinson,1957,,Smith Robertson Campus,missing donor/provenance,Name reading strengthened during 2026-07-18 visual review.
low,SRM-2026-108,Jackson Public Schools admission application for Richard Oddie,Archive,SRM Collection,African American Education,Richard Oddie,1957,,Smith Robertson Campus,missing donor/provenance,Name reading retained after 2026-07-18 visual review.
low,SRM-2026-109,Jackson Public Schools admission application for Diane Lee Robinson,Archive,SRM Collection,African American Education,Diane Lee Robinson,1957,,Smith Robertson Campus,missing donor/provenance,Name reading strengthened during 2026-07-18 visual review.
low,SRM-2026-110,Jackson Public Schools admission application for James J. C. Horne,Archive,School History Collection,African American Education,James J. C. Horne,1957-09-04 00:00:00,,"Jackson, Mississippi",missing donor/provenance,Source image: Untitled design (37)/31.png.
low,SRM-2026-111,Jackson Public Schools admission application for Lillie Mae White,Archive,SRM Collection,African American Education,Lillie Mae White,1957,,Smith Robertson Campus,missing donor/provenance,Name reading strengthened during 2026-07-18 visual review.
low,SRM-2026-112,Jackson Public Schools admission application for Carol Lula Jones,Archive,School History Collection,African American Education,Carol Lula Jones,1957-09-05 00:00:00,,"Jackson, Mississippi",missing donor/provenance,Source image: Untitled design (37)/33.png.
low,SRM-2026-113,Jackson Public Schools admission application for Sarah Jennie Lindsey,Archive,SRM Collection,African American Education,Sarah Jennie Lindsey,1957,,Smith Robertson Campus,missing donor/provenance,Name reading strengthened during 2026-07-18 visual review.
low,SRM-2026-114,Leather portfolio embossed for Dr. Margaret Walker Alexander,Artifact,Personal Papers And Memorabilia,Arts And Culture,Margaret Walker Alexander,20th century,,"Jackson, Mississippi",missing donor/provenance,Object identification strengthened during 2026-07-18 visual review.
low,SRM-2026-117,Painting of seated woman holding child with teddy bear,Artifact,Art Collection,Midwives and Motherhood,,,,Geographies To Be Confirmed,missing object date; missing donor/provenance,Artist and exact date remain unidentified after visual review.
low,SRM-2026-126,Untitled expressionist portrait print in green and red tones,Artifact,Art Collection,Arts And Culture,,,,Geographies To Be Confirmed,missing object date,Represents printmaking or graphic portraiture within the museum's art holdings.
low,SRM-2026-128,Photograph of Fannie Lou Hamer speaking at microphones,Photograph,Civil Rights Collection,Civil Rights and Citizenship,Fannie Lou Hamer,1960s,,Mississippi,missing donor/provenance,Identification of Fannie Lou Hamer is based on image review and should be verified against object documentation.
low,SRM-2026-129,Framed drawing of seated figure,Artifact,Art Collection,Arts And Culture,,,,Geographies To Be Confirmed,missing object date; missing donor/provenance,Title and artist are not fully legible in the current image and should be confirmed from the original object.
low,SRM-2026-133,Freestanding photographic lamp or studio light,Artifact,SRM Collection,Arts And Culture,Richard Beadle,,,,missing object date; missing geography/neighborhood,Object function interpreted from visual review as photographic or studio lighting equipment.
low,SRM-2026-134,Collapsible tripod or equipment stand parts,Artifact,SRM Collection,Arts And Culture,Richard Beadle,,,,missing object date; missing geography/neighborhood,Exact device type still needs confirmation from object handling or donor documentation.
low,SRM-2026-135,Kodak Carousel slide projector with trays,Artifact,SRM Collection,Arts And Culture,Richard Beadle,,,,missing object date; missing geography/neighborhood,"Created from original SRM/3.png based on the 2026-07-03 cursory reconciliation pass. Best automated candidate was coll002.png at distance 35, but the image was triaged as likely not represented. Review before publishing or deduplicating."
low,SRM-2026-137,Circular slide carousel tray,Artifact,SRM Collection,Arts And Culture,Richard Beadle,,,,missing object date; missing geography/neighborhood,"Created from original SRM/5.png based on the 2026-07-03 cursory reconciliation pass. Best automated candidate was coll002.png at distance 35, but the image was triaged as likely not represented. Review before publishing or deduplicating."
low,SRM-2026-138,Metal motion-picture film reel,Artifact,SRM Collection,Arts And Culture,Richard Beadle,,,,missing object date; missing geography/neighborhood,"Created from original SRM/6.png based on the 2026-07-03 cursory reconciliation pass. Best automated candidate was coll002.png at distance 39, but the image was triaged as likely not represented. Review before publishing or deduplicating."
low,SRM-2026-139,Bell & Howell movie camera,Artifact,SRM Collection,Arts And Culture,Richard Beadle,,,,missing object date; missing geography/neighborhood,"Created from original SRM/7.png based on the 2026-07-03 cursory reconciliation pass. Best automated candidate was coll002.png at distance 47, but the image was triaged as likely not represented. Review before publishing or deduplicating."
low,SRM-2026-140,Portable audiovisual player or projector unit,Artifact,SRM Collection,Arts And Culture,Richard Beadle,,,,missing object date; missing geography/neighborhood,Exact make and model still need confirmation from close physical inspection.
low,SRM-2026-141,Large metal motion-picture reel,Artifact,SRM Collection,Arts And Culture,Richard Beadle,,,,missing object date; missing geography/neighborhood,"Created from original SRM/9.png based on the 2026-07-03 cursory reconciliation pass. Best automated candidate was coll016.png at distance 24, but the image was triaged as likely not represented. Review before publishing or deduplicating."
low,SRM-2026-142,Assorted cassette tapes and recording media,Artifact,SRM Collection,Arts And Culture,Richard Beadle,,,,missing object date; missing geography/neighborhood,"Created from original SRM/10.png based on the 2026-07-03 cursory reconciliation pass. Best automated candidate was coll002.png at distance 40, but the image was triaged as likely not represented. Review before publishing or deduplicating."
low,SRM-2026-143,Richard Beadle camera equipment with leather pouch,Artifact,SRM Collection,Arts And Culture,Richard Beadle,,,,missing object date; missing geography/neighborhood,User confirmed during 2026-07-18 metadata review that this object belongs with the Richard Beadle camera equipment group.
low,SRM-2026-144,Packets of photographic film,Artifact,SRM Collection,Arts And Culture,Richard Beadle,,,,missing object date; missing geography/neighborhood,User confirmed during 2026-07-18 metadata review that the grouped objects are packets of film.
low,SRM-2026-145,Kodak box camera with film cartridge,Artifact,SRM Collection,Arts And Culture,Richard Beadle,,,,missing object date; missing geography/neighborhood,"Created from original SRM/13.png based on the 2026-07-03 cursory reconciliation pass. Best automated candidate was coll016.png at distance 46, but the image was triaged as likely not represented. Review before publishing or deduplicating."
low,SRM-2026-146,Alamo Theatre ephemera and movie memorabilia assortment,Artifact,SRM Collection,Arts And Culture,,,,Farish Street,missing object date; missing donor/provenance,Visual review confirms the presence of Alamo Theatre promotional material and mid-1970s movie ephemera.
low,SRM-2026-149,Photography slides and slide mounts,Artifact,SRM Collection,Arts And Culture,Richard Beadle,,,,missing object date; missing geography/neighborhood,User confirmed during 2026-07-18 metadata review that the grouped items are photography slides.
low,SRM-2026-150,Vintage camera with flash attachment and cable release,Artifact,SRM Collection,Arts And Culture,Richard Beadle,,,,missing object date; missing geography/neighborhood,"Created from original SRM/18.png based on the 2026-07-03 cursory reconciliation pass. Best automated candidate was coll008.png at distance 48, but the image was triaged as likely not represented. Review before publishing or deduplicating."
low,SRM-2026-151,Photographic accessory set with slide viewers,Artifact,SRM Collection,Arts And Culture,Richard Beadle,,,,missing object date; missing geography/neighborhood,"Created from original SRM/19.png based on the 2026-07-03 cursory reconciliation pass. Best automated candidate was coll007.png at distance 35, but the image was triaged as likely not represented. Review before publishing or deduplicating."
low,SRM-2026-153,Camera equipment group with twin-lens camera and accessories,Artifact,SRM Collection,Arts And Culture,Richard Beadle,,,,missing object date; missing geography/neighborhood,"Created from original SRM/21.png based on the 2026-07-03 cursory reconciliation pass. Best automated candidate was coll006.png at distance 53, but the image was triaged as likely not represented. Review before publishing or deduplicating."
low,SRM-2026-154,Leather camera or equipment case,Artifact,SRM Collection,Arts And Culture,Richard Beadle,,,,missing object date; missing geography/neighborhood,"Created from original SRM/22.png based on the 2026-07-03 cursory reconciliation pass. Best automated candidate was coll006.png at distance 43, but the image was triaged as likely not represented. Review before publishing or deduplicating."
low,SRM-2026-155,Pair of photographic reflector lamps,Artifact,SRM Collection,Arts And Culture,Richard Beadle,,,,missing object date; missing geography/neighborhood,"Created from original SRM/23.png based on the 2026-07-03 cursory reconciliation pass. Best automated candidate was coll002.png at distance 31, but the image was triaged as likely not represented. Review before publishing or deduplicating."
low,SRM-2026-156,Ricohflex twin-lens reflex camera,Artifact,SRM Collection,Arts And Culture,Richard Beadle,,,,missing object date; missing geography/neighborhood,"Created from original SRM/24.png based on the 2026-07-03 cursory reconciliation pass. Best automated candidate was coll007.png at distance 54, but the image was triaged as likely not represented. Review before publishing or deduplicating."
low,SRM-2026-157,Assorted photographic flash reflectors,Artifact,SRM Collection,Arts And Culture,Richard Beadle,,,,missing object date; missing geography/neighborhood,"Created from original SRM/25.png based on the 2026-07-03 cursory reconciliation pass. Best automated candidate was coll092.png at distance 37, but the image was triaged as likely not represented. Review before publishing or deduplicating."
low,SRM-2026-162,Dr. C.L. Barnes Dentist sign,Artifact,SRM Collection,Black Business and Professional Life,Dr. C.L. Barnes,,,"Jackson, Mississippi",missing object date; missing donor/provenance,"Created from original SRM/32.png based on the 2026-07-03 cursory reconciliation pass. Best automated candidate was coll016.png at distance 37, but the image was triaged as likely not represented. Review before publishing or deduplicating."
low,SRM-2026-163,Framed photograph of Otis Grocery Store on Farish Street,Artifact,SRM Collection,Black Business and Professional Life,unidentified people,,,Farish Street,missing object date; missing donor/provenance,User identified the site during 2026-07-18 metadata review as Otis Grocery Store on Farish Street.
low,SRM-2026-164,Sony Walkman cassette player,Artifact,SRM Collection,Arts And Culture,Richard Beadle,,,,missing object date; missing geography/neighborhood,User confirmed during 2026-07-18 metadata review that the device is a Walkman.
low,SRM-2026-165,Small camera and accessory group,Artifact,SRM Collection,Arts And Culture,Richard Beadle,,,,missing object date; missing geography/neighborhood,"Created from original SRM/37.png based on the 2026-07-03 cursory reconciliation pass. Best automated candidate was coll093.png at distance 29, but the image was triaged as likely not represented. Review before publishing or deduplicating."
low,SRM-2026-168,Snowball fight in Jackson,Artifact,SRM Collection,Family And Local Life,unidentified people,,,"Jackson, Mississippi",missing object date; missing donor/provenance,User identified the scene during 2026-07-18 metadata review as a snowball fight in Jackson.
low,SRM-2026-171,"4-H Club meeting at Piney Woods School, August 5-10, 1929",Artifact,SRM Collection,African American Education,unidentified 4-H Club members,1929,,Mississippi,missing donor/provenance,"Created from original SRM/72.png based on the 2026-07-03 cursory reconciliation pass. Best automated candidate was coll025.png at distance 43, but the image was triaged as likely not represented. Review before publishing or deduplicating."
low,SRM-2026-172,"Civil Rights Acts and Voting Rights Act committee print, November 1975",Artifact,SRM Collection,Civil Rights and Citizenship,,1975,,United States,missing donor/provenance,"Created from original SRM/73.png based on the 2026-07-03 cursory reconciliation pass. Best automated candidate was coll022.png at distance 32, but the image was triaged as likely not represented. Review before publishing or deduplicating."
low,SRM-2026-182,Portrait photograph of James Meredith,Photograph,Original SRM Intake Review,Civil Rights and Citizenship,James Meredith,,,Mississippi,missing object date; missing donor/provenance,"Identification provided by user on July 18, 2026 from image review."
low,SRM-2026-183,Portrait photograph of James Meredith's wife,Photograph,Original SRM Intake Review,Civil Rights and Citizenship,Mrs. James Meredith,,,Mississippi,missing object date; missing donor/provenance,"Identification provided by user on July 18, 2026. Personal name not yet confirmed in record."
low,SRM-2026-189,Portrait of a man by Charles King,Artwork,Original SRM Intake Review,Portraiture and Community Memory,,,,,missing donor/provenance; missing geography/neighborhood,"Artist attribution provided by user on July 18, 2026."
low,SRM-2026-191,Harlem Street Scene,Print,Original SRM Intake Review,Arts And Culture,Jacob Lawrence,1975,,,missing donor/provenance; missing geography/neighborhood,"Title, artist, and 1975 date provided by user on July 18, 2026."
low,SRM-2026-192,Drawing of Black legislators,Drawing,Original SRM Intake Review,Civic Leadership,,,,Mississippi,missing donor/provenance,"Subject identification provided by user on July 18, 2026."
low,SRM-2026-193,Painting of James Meredith and aspects of his life,Artwork,Original SRM Intake Review,Civil Rights and Citizenship,James Meredith,,,Mississippi,missing donor/provenance,"Identification provided by user on July 18, 2026."
low,SRM-2026-196,Laura J. Flowers (Former Slave),Photograph,Original SRM Intake Review,Family And Local Life,Laura J. Flowers; Mary Collier; Lelia Jane Flowers Milner,,,Mississippi,missing object date; missing donor/provenance,Caption on mount reads: Donated by Ms. Lelia Jane Flowers Milner.
low,SRM-2026-199,Midwife obstetrical scissors or angled birth tool,Artifact,Original SRM Intake Review,Midwives and Motherhood,,,,Scott Ford Houses,missing object date; missing donor/provenance,"Retitled and rethemed on July 18, 2026 after visual review and user guidance that midwife-related materials belong with Scott Ford."
low,SRM-2026-200,Mississippi State Board of Health midwife permit for T. J. Handy,Archive,Original SRM Intake Review,Midwives and Motherhood,T. J. Handy,1973-1974,,Scott Ford Houses,missing donor/provenance,"Identification updated from image text on July 18, 2026 and grouped with Scott Ford midwife-related materials per user guidance."
low,SRM-2026-201,Mississippi birth certificate for Laverne Brown,Archive,Original SRM Intake Review,Midwives and Motherhood,Laverne Brown; Annie L. Brown,1927-07-28,,Scott Ford Houses,missing donor/provenance,"Identification updated from image text on July 18, 2026 and grouped with Scott Ford midwife-related materials per user guidance."
low,SRM-2026-203,Otis Grocery Store on Farish Street,Photograph,Original SRM Intake Review,Black Business and Professional Life,,,,Farish Street,missing object date; missing donor/provenance,"Identification provided by user on July 18, 2026."
low,SRM-2026-204,Historic information about the Scott Ford family,Archive,Original SRM Intake Review,Family And Local Life,,,,Scott Ford Houses,missing object date; missing donor/provenance,"Removed from public view on July 18, 2026 at user request."
low,SRM-2026-205,Architect’s rendering of the Smith Robertson Museum,Archive,Original SRM Intake Review,African American Education,,,,Smith Robertson Campus,missing object date; missing donor/provenance,"Identification provided by user on July 18, 2026."
low,SRM-2026-206,Peaches Restaurant in Jackson,Photograph,Original SRM Intake Review,Black Business and Professional Life,,,,"Jackson, Mississippi",missing object date; missing donor/provenance,"Identification provided by user on July 18, 2026."
low,SRM-2026-207,Farish Street scene,Photograph,Original SRM Intake Review,Community and Professional Life,,,,Farish Street,missing object date; missing donor/provenance,"Date range and location provided by user on July 18, 2026."
low,SRM-2026-208,Farish Street storefront scene,Photograph,Original SRM Intake Review,Black Business and Professional Life,,,,Farish Street,missing object date; missing donor/provenance,"Date range and location provided by user on July 18, 2026."
low,SRM-2026-210,Farish Street business interior scene,Photograph,Original SRM Intake Review,Black Business and Professional Life,,,,Farish Street,missing object date; missing donor/provenance,"Date range and location provided by user on July 18, 2026."
low,SRM-2026-211,Farish Street traffic scene,Photograph,Original SRM Intake Review,Community and Professional Life,,,,Farish Street,missing object date; missing donor/provenance,"Date range and location provided by user on July 18, 2026."
low,SRM-2026-215,Funeral service program for Percy Greene,Archive,Original SRM Intake Review,Portraiture and Community Memory,Percy Greene; Thomas B. Brown Jr.,1977-04-21,,,missing donor/provenance; missing geography/neighborhood,"Program text identifies Reverend Thomas B. Brown, Jr. as officiating pastor."
low,SRM-2026-216,Laura J. Flowers,Photograph,Original SRM Intake Review,Family And Local Life,Laura J. Flowers; Mary Collier; Lelia Jane Flowers Milner,,,Mississippi,missing object date; missing donor/provenance,Caption reads: Donated by Ms. Lelia Jane Flowers Milner.
low,SRM-2026-217,Portrait of Rev. Richard C. Anderson,Photograph,Original SRM Intake Review,Civic Leadership,Rev. Richard C. Anderson; James Anderson; Excy Anderson Edwards,,,Mississippi,missing object date; missing donor/provenance,Caption reads: Donated by Excy Anderson Edwards of Jackson.
low,SRM-2026-218,Mississippi Legislative Black Caucus Political Education Fund program,Archive,Original SRM Intake Review,Civic Leadership,A. Michael Espy,1987-03-12,,Mississippi,missing donor/provenance,"Program lists speaker: The Honorable A. Michael Espy, Member, United States Congress, 2nd Congressional District of Mississippi."
low,SRM-2026-219,Photograph of James Meredith in a crowd,Photograph,Original SRM Intake Review,Civil Rights and Citizenship,James Meredith,,,Mississippi,missing object date; missing donor/provenance,"Identification provided by user on July 18, 2026."
low,SRM-2026-220,Black and Tan Republican Party Headquarters on Farish Street,Photograph,Smith Robertson Photograph Collection,Civil Rights and Citizenship,Perry Howard; Jessie B. Mosley,,,Farish Street,missing object date; missing donor/provenance,Caption states that the party became a separate group for blacks around 1890 and was headed for many years by lawyer Perry Howard. Donated by Jessie B. Mosley.
low,SRM-2026-294,Mr. Willie Wynn studio portrait,Photograph,Dr. Townsend Collection,Portraiture and Community Memory,Willie Wynn,,,"Jackson, Mississippi",missing object date; missing donor/provenance,"Added from the Dr Townsend folder on July 22, 2026. Source file renamed from 1.png."
low,SRM-2026-296,Washboard in galvanized wash tub,Photograph,Dr. Townsend Collection,Family And Local Life,,,,Geographies To Be Confirmed,missing object date; missing donor/provenance,"Added from the Dr Townsend folder on July 22, 2026. Source file renamed from 3.png."
low,SRM-2026-297,Outhouse at Jennings Place in Port Gibson,Photograph,Dr. Townsend Collection,Family And Local Life,,,,"Port Gibson, Mississippi",missing object date; missing donor/provenance,"Added from the Dr Townsend folder on July 22, 2026. Source file renamed from 4.png."
low,SRM-2026-298,"Historic Pictorial Group of the Members of the Legislature, State of Mississippi, 1878-1879",Archive,Dr. Townsend Collection,Civic Leadership,,1878-1879,,Mississippi,missing donor/provenance,"Added from the Dr Townsend folder on July 22, 2026. Source file renamed from 5.png."
low,SRM-2026-300,The New Chardenal annotated volume,Artifact,Dr. Townsend Collection,African American Education,,,,Mississippi,missing object date; missing donor/provenance,"Added from the Dr Townsend folder on July 22, 2026. Source file renamed from 7.png."
low,SRM-2026-301,Principles and Technique of Teaching,Artifact,Dr. Townsend Collection,African American Education,Frank W. Thomas,,,Mississippi,missing object date; missing donor/provenance,"Added from the Dr Townsend folder on July 22, 2026. Source file renamed from 8.png."
low,SRM-2026-302,Key to High School Algebra volume,Artifact,Dr. Townsend Collection,African American Education,,,,Mississippi,missing object date; missing donor/provenance,"Added from the Dr Townsend folder on July 22, 2026. Source file renamed from 9.png."
low,SRM-2026-305,Advanced French Prose Composition,Artifact,Dr. Townsend Collection,African American Education,Victor E. Francois,,,Mississippi,missing object date; missing donor/provenance,"Added from the Dr Townsend folder on July 22, 2026. Source file renamed from 12.png."
low,SRM-2026-306,Architectural cast-metal bookends,Artifact,Dr. Townsend Collection,Material Culture and Interpretation,,,,Geographies To Be Confirmed,missing object date; missing donor/provenance,"Added from the Dr Townsend folder on July 22, 2026. Source file renamed from 13.png."
low,SRM-2026-307,Desk pen stand with upright pen,Artifact,Dr. Townsend Collection,Material Culture and Interpretation,,,,Geographies To Be Confirmed,missing object date; missing donor/provenance,"Added from the Dr Townsend folder on July 22, 2026. Source file renamed from 14.png."
low,SRM-2026-309,"The Alcornite yearbook cover, 1948",Archive,Dr. Townsend Collection,African American Education,,1948,,"Lorman, Mississippi",missing donor/provenance,"Added from the Dr Townsend folder on July 22, 2026. Source file renamed from 16.png."
low,SRM-2026-310,"The Alcornite yearbook cover, 1929",Archive,Dr. Townsend Collection,African American Education,,1929,,"Lorman, Mississippi",missing donor/provenance,"Added from the Dr Townsend folder on July 22, 2026. Source file renamed from 17.png."
low,SRM-2026-311,Forum 1927 cover,Archive,Dr. Townsend Collection,African American Education,,1927,,Geographies To Be Confirmed,missing donor/provenance,"Added from the Dr Townsend folder on July 22, 2026. Source file renamed from 18.png."
low,SRM-2026-312,The New Broadman Hymnal,Artifact,Dr. Townsend Collection,Family And Local Life,,,,Mississippi,missing object date; missing donor/provenance,"Added from the Dr Townsend folder on July 22, 2026. Source file renamed from 19.png."
low,SRM-2026-313,Modern Business Course and Service volume,Artifact,Dr. Townsend Collection,Black Business and Professional Life,Alexander Hamilton Institute,,,Geographies To Be Confirmed,missing object date; missing donor/provenance,"Added from the Dr Townsend folder on July 22, 2026. Source file renamed from 20.png."
low,SRM-2026-314,"A Tribute to Robert Smith, M.D.",Archive,Dr. Townsend Collection,Black Health and Medicine,"Robert Smith, M.D.",,,Mississippi,missing object date; missing donor/provenance,"Added from the Dr Townsend folder on July 22, 2026. Source file renamed from 21.png."
low,SRM-2026-315,"T. L. Zuber, A.B., M.D. portrait",Photograph,Dr. Townsend Collection,Black Health and Medicine,T. L. Zuber,,,"West Point, Mississippi",missing object date; missing donor/provenance,"Added from the Dr Townsend folder on July 22, 2026. Source file renamed from 22.png."
low,SRM-2026-316,Dr. Carmichael of Canton portrait,Photograph,Dr. Townsend Collection,Black Health and Medicine,Dr. Carmichael,,,"Canton, Mississippi",missing object date; missing donor/provenance,"Added from the Dr Townsend folder on July 22, 2026. Source file renamed from 23.png."
low,SRM-2026-317,Urban commercial corridor streetscape,Photograph,Dr. Townsend Collection,Black Business and Professional Life,,,,Geographies To Be Confirmed,missing object date; missing donor/provenance,"Added from the Dr Townsend folder on July 22, 2026. Source file renamed from 24.png."
low,SRM-2026-318,"House Concurrent Resolution No. 93 for Reverend Robert L. T. Smith, Sr.",Archive,Dr. Townsend Collection,Civic Leadership,"Robert L. T. Smith, Sr.",,,"Jackson, Mississippi",missing object date; missing donor/provenance,"Added from the Dr Townsend folder on July 22, 2026. Source file renamed from 25.png."
low,SRM-2026-319,Pentecostal Temple at 960 Kane Street,Photograph,Dr. Townsend Collection,Family And Local Life,,,,"Jackson, Mississippi",missing object date; missing donor/provenance,"Added from the Dr Townsend folder on July 22, 2026. Source file renamed from 26.png."
low,SRM-2026-320,Historical marker for photographer Richard Beadle,Photograph,Dr. Townsend Collection,Portraiture and Community Memory,Richard Beadle,,,"Jackson, Mississippi",missing object date; missing donor/provenance,"Added from the Dr Townsend folder on July 22, 2026. Source file renamed from 27.png."
low,SRM-2026-321,Two-story wood-frame residence with stacked porches,Photograph,Dr. Townsend Collection,Family And Local Life,,,,Geographies To Be Confirmed,missing object date; missing donor/provenance,"Added from the Dr Townsend folder on July 22, 2026. Source file renamed from 28.png."
low,SRM-2026-323,Kwame Ture campus lecture flyer and biographical sheet,Archive,Dr. Townsend Collection,Civil Rights and Citizenship,Kwame Ture; Stokely Carmichael,1986-12-04,,Mississippi,missing donor/provenance,"Added from the Dr Townsend folder on July 22, 2026. Source file renamed from 30.png."
low,SRM-2026-327,Aaron E. Henry biographical portrait and caption,Archive,Dr. Townsend Collection,Civil Rights and Citizenship,Aaron E. Henry,,,"Coahoma County, Mississippi",missing object date; missing donor/provenance,"Added from the Dr Townsend folder on July 22, 2026. Source file renamed from 34.png."
low,SRM-2026-331,"Brinkley faculty, 1952-1953",Photograph,Dr. Townsend Collection,African American Education,,1952-1953,,Mississippi,missing donor/provenance,"Added from the Dr Townsend folder on July 22, 2026. Source file renamed from 38.png."
low,SRM-2026-332,Flucker: The Buffalo Soldier on the American Frontier cover,Archive,Dr. Townsend Collection,Civil Rights and Citizenship,Turrie Flucker,,,Mississippi,missing object date; missing donor/provenance,"Added from the Dr Townsend folder on July 22, 2026. Source file renamed from 39.png."
low,SRM-2026-333,Panoramic view of W. H. Lanier High School,Photograph,Dr. Townsend Collection,African American Education,,,,"Jackson, Mississippi",missing object date; missing donor/provenance,"Added from the Dr Townsend folder on July 22, 2026. Source file renamed from 40.png."
low,SRM-2026-336,Barbara Beadle Barber introduction to the Richard H. Beadle Collection of Black Doctors in Mississippi,Archive,Dr. Townsend Collection,Black Health and Medicine,Barbara Beadle Barber; Richard H. Beadle,,,"Jackson, Mississippi",missing object date; missing donor/provenance,"Added from the Dr Townsend folder on July 22, 2026. Source file renamed from 43.png."
low,SRM-2026-340,Office interview or administrative meeting,Photograph,Dr. Townsend Collection,Community and Professional Life,,,,Geographies To Be Confirmed,missing object date; missing donor/provenance,"Added from the Dr Townsend folder on July 22, 2026. Source file renamed from 47.png."
low,SRM-2026-341,Two women working together at a table,Photograph,Dr. Townsend Collection,Community and Professional Life,Mrs. Bruce,,,Geographies To Be Confirmed,missing object date; missing donor/provenance,"Added from the Dr Townsend folder on July 22, 2026. Source file renamed from 48.png."
low,SRM-2026-343,Barbecue at Ms. Mitchell's in 1958,Photograph,Dr. Townsend Collection,Family And Local Life,Ms. Mitchell,1958,,Geographies To Be Confirmed,missing donor/provenance,"Added from the Dr Townsend folder on July 22, 2026. Source file renamed from 50.png."
low,SRM-2026-344,Committee or club meeting around table,Photograph,Dr. Townsend Collection,Community and Professional Life,,,,Geographies To Be Confirmed,missing object date; missing donor/provenance,"Added from the Dr Townsend folder on July 22, 2026. Source file renamed from 51.png."
low,SRM-2026-345,Front view of two-story institutional building,Photograph,Dr. Townsend Collection,African American Education,,,,Geographies To Be Confirmed,missing object date; missing donor/provenance,"Added from the Dr Townsend folder on July 22, 2026. Source file renamed from 52.png."
low,SRM-2026-347,Freedom Came to Mississippi title page,Archive,Dr. Townsend Collection,Civil Rights and Citizenship,,,,Mississippi,missing object date; missing donor/provenance,"Added from the Dr Townsend folder on July 22, 2026. Source file renamed from 54.png."
low,SRM-2026-348,Ida B. Wells marker dedication program cover,Archive,Dr. Townsend Collection,Civil Rights and Citizenship,Ida B. Wells,,,Mississippi,missing object date; missing donor/provenance,"Added from the Dr Townsend folder on July 22, 2026. Source file renamed from 55.png."
low,SRM-2026-349,Mississippi Legislative Black Caucus Political Education Fund banquet program,Archive,Dr. Townsend Collection,Civic Leadership,,,,Mississippi,missing object date; missing donor/provenance,"Added from the Dr Townsend folder on July 22, 2026. Source file renamed from 56.png."
low,SRM-2026-354,Mississippi-shaped board and Jackson Club history,Archive,Dr. Townsend Collection,Community and Professional Life,Jackson Club members,,,"Jackson, Mississippi",missing object date; missing donor/provenance,"Added from the Dr Townsend folder on July 22, 2026. Source file renamed from 62.png."
low,SRM-2026-357,Three boys at school cafeteria table,Photograph,Dr. Townsend Collection,African American Education,,,,Geographies To Be Confirmed,missing object date; missing donor/provenance,"Added from the Dr Townsend folder on July 22, 2026. Source file renamed from 65.png."
low,SRM-2026-358,Recorder lesson at Mt. Moriah Elementary School,Photograph,Dr. Townsend Collection,African American Education,fifth-grade students,,,Mt. Moriah Elementary School,missing object date; missing donor/provenance,"Added from the Dr Townsend folder on July 22, 2026. Source file renamed from 66.png."
low,SRM-2026-359,Business and Professional Women's Club member examining garments,Photograph,Dr. Townsend Collection,Community and Professional Life,,,,Geographies To Be Confirmed,missing object date; missing donor/provenance,"Added from the Dr Townsend folder on July 22, 2026. Source file renamed from 67.png."
low,SRM-2026-360,Girl Scouts Troop 181 arts-and-crafts display,Photograph,Dr. Townsend Collection,African American Education,Girl Scouts Troop 181,,,Geographies To Be Confirmed,missing object date; missing donor/provenance,"Added from the Dr Townsend folder on July 22, 2026. Source file renamed from 68.png."
low,SRM-2026-410,"Woman entering the Leflore County Courthouse, undated",Photograph,,Civil Rights and Citizenship,,undated,,Geographies To Be Confirmed,no named people on person-centered image,Imported from /Users/Birittany/Downloads/Stumps/50.png on 2026-07-26. Source description from pasted-text.txt. OCR not finalized; review image text for additional detail where applicable.
low,SRM-2026-459,"Older woman holding an infant, January 1979",Photograph,,Midwives and Motherhood,,1979,,Geographies To Be Confirmed,no named people on person-centered image,Imported from /Users/Birittany/Downloads/Stumps/99.png on 2026-07-26. Source description from pasted-text.txt. OCR not finalized; review image text for additional detail where applicable.
low,SRM-2026-561,"Group photograph in front of Barrett Hall at Jackson College, early 20th century",Photograph,B. Baldwin Dansby Collection,African American Education,unidentified students and faculty,early 20th century,,Jackson State University Campus,generic subject title,"Imported from /Users/Birittany/Downloads/Dansby.zip item 33.png on 2026-07-29. Metadata drawn from visual review of the image on July 29, 2026."
low,SRM-2026-577,"Management Policy Seminar group photograph including Clarie Collins Harvey, 1965",Photograph,Biographical and Civic History Collection,Community and Professional Life,Clarie Collins Harvey,1965,,National,generic subject title,"Imported from /Users/Birittany/Downloads/Freedom Day Celebration 1991.zip item 8.png on 2026-07-29. Metadata drawn from visual review of the image on July 29, 2026."
low,SRM-2026-585,"Jackson City Hall building photograph, undated",Photograph,Civic Leadership Collection,Civic Leadership,,undated,,Downtown Jackson,no named people on person-centered image,"Imported from /Users/Birittany/Downloads/Freedom Day Celebration 1991.zip item 16.png on 2026-07-29. Metadata drawn from visual review of the image on July 29, 2026."
low,SRM-2026-588,"Greyhound bus station building photograph, undated",Photograph,Photograph Collection,Community and Professional Life,,undated,,Downtown Jackson,no named people on person-centered image,"Imported from /Users/Birittany/Downloads/Freedom Day Celebration 1991.zip item 19.png on 2026-07-29. Metadata drawn from visual review of the image on July 29, 2026."
low,SRM-2026-637,"Jackson College teacher-training sophomores group photograph under Dr. B. B. Dansby, undated",Photograph,Dr. S. D. Redmond Collection,African American Education,Jackson College sophomores; B. B. Dansby,undated,,"Jackson, Mississippi",generic subject title,"Imported from /Users/Birittany/Downloads/Dr S D Redmond/49.png on 2026-08-01. Metadata drawn from visual review of the image on August 1, 2026."
low,SRM-2026-650,"Group portrait of women and children, undated",Photograph,John and Vera Mae Perkins Collection,Family And Local Life,unidentified women; unidentified children,undated,,Geographies To Be Confirmed,generic subject title,"Imported from /Users/Birittany/Downloads/January 1971/10.png on 2026-08-01. Metadata drawn from visual review of the image and contextual research on John M. Perkins and Vera Mae Perkins on August 1, 2026."
low,SRM-2026-667,"Porch group portrait, undated",Photograph,John and Vera Mae Perkins Collection,Family And Local Life,unidentified adults,undated,,Geographies To Be Confirmed,generic subject title,"Imported from /Users/Birittany/Downloads/January 1971/27.png on 2026-08-01. Metadata drawn from visual review of the image and contextual research on John M. Perkins and Vera Mae Perkins on August 1, 2026."
low,SRM-2026-687,"Choir or congregational group portrait, undated",Photograph,John and Vera Mae Perkins Collection,Faith And Community Life,choir members,undated,,Geographies To Be Confirmed,generic subject title,"Imported from /Users/Birittany/Downloads/January 1971/47.png on 2026-08-01. Metadata drawn from visual review of the image and contextual research on John M. Perkins and Vera Mae Perkins on August 1, 2026."
low,SRM-2026-699,"Woman preparing food beside a large pot, undated",Photograph,Youngs Collection,Family And Local Life,,undated,,Geographies To Be Confirmed,no named people on person-centered image,"Imported from /Users/Birittany/Downloads/Youngs.zip (2.png) on 2026-08-01. Metadata drawn from visual review of the image on August 1, 2026."
low,SRM-2026-706,"Outdoor group gathering around tables, undated",Photograph,Youngs Collection,Community and Professional Life,,undated,,Geographies To Be Confirmed,no named people on person-centered image,"Imported from /Users/Birittany/Downloads/Youngs.zip (9.png) on 2026-08-01. Metadata drawn from visual review of the image on August 1, 2026."
low,SRM-2026-713,"Child seated on wooden house steps, undated",Photograph,Youngs Collection,Family And Local Life,,undated,,Geographies To Be Confirmed,no named people on person-centered image,"Imported from /Users/Birittany/Downloads/Youngs.zip (16.png) on 2026-08-01. Metadata drawn from visual review of the image on August 1, 2026."
low,SRM-2026-724,"Group gathered on porch steps, undated",Photograph,Youngs Collection,Family And Local Life,,undated,,Geographies To Be Confirmed,no named people on person-centered image,"Imported from /Users/Birittany/Downloads/Youngs.zip (27.png) on 2026-08-01. Metadata drawn from visual review of the image on August 1, 2026."
low,SRM-2026-734,"Man standing in a field or work yard, undated",Photograph,Youngs Collection,Family And Local Life,,undated,,Geographies To Be Confirmed,no named people on person-centered image,"Imported from /Users/Birittany/Downloads/Youngs.zip (37.png) on 2026-08-01. Metadata drawn from visual review of the image on August 1, 2026."
low,SRM-2026-738,"Man posed in a doorway or entryway, undated",Photograph,Youngs Collection,Portraiture and Community Memory,,undated,,Geographies To Be Confirmed,no named people on person-centered image,"Imported from /Users/Birittany/Downloads/Youngs.zip (41.png) on 2026-08-01. Metadata drawn from visual review of the image on August 1, 2026."
low,SRM-2026-742,"Woman with children in a classroom or meeting space, undated",Photograph,Youngs Collection,African American Education,,undated,,Geographies To Be Confirmed,no named people on person-centered image,"Imported from /Users/Birittany/Downloads/Youngs.zip (45.png) on 2026-08-01. Metadata drawn from visual review of the image on August 1, 2026."
low,SRM-2026-745,"Portrait of an infant or toddler, undated",Photograph,Youngs Collection,Portraiture and Community Memory,,undated,,Geographies To Be Confirmed,no named people on person-centered image,"Imported from /Users/Birittany/Downloads/Youngs.zip (48.png) on 2026-08-01. Metadata drawn from visual review of the image on August 1, 2026."
low,SRM-2026-746,"Man carrying a serving tray, undated",Photograph,Youngs Collection,Community and Professional Life,,undated,,Geographies To Be Confirmed,no named people on person-centered image,"Imported from /Users/Birittany/Downloads/Youngs.zip (49.png) on 2026-08-01. Metadata drawn from visual review of the image on August 1, 2026."
low,SRM-2026-752,"Children gathered outdoors, undated",Photograph,Youngs Collection,Family And Local Life,,undated,,Geographies To Be Confirmed,no named people on person-centered image,"Imported from /Users/Birittany/Downloads/Youngs.zip (55.png) on 2026-08-01. Metadata drawn from visual review of the image on August 1, 2026."
low,SRM-2026-753,"Portrait of a boy in a striped shirt, undated",Photograph,Youngs Collection,Portraiture and Community Memory,,undated,,Geographies To Be Confirmed,no named people on person-centered image,"Imported from /Users/Birittany/Downloads/Youngs.zip (56.png) on 2026-08-01. Metadata drawn from visual review of the image on August 1, 2026."
low,SRM-2026-755,"Woman walking outdoors in formal dress, undated",Photograph,Youngs Collection,Arts And Culture,,undated,,Geographies To Be Confirmed,no named people on person-centered image,"Imported from /Users/Birittany/Downloads/Youngs.zip (58.png) on 2026-08-01. Metadata drawn from visual review of the image on August 1, 2026."
low,SRM-2026-756,"Art in the Park performance or procession, undated",Photograph,Youngs Collection,Arts And Culture,,undated,,Geographies To Be Confirmed,no named people on person-centered image,"Imported from /Users/Birittany/Downloads/Youngs.zip (59.png) on 2026-08-01. Metadata drawn from visual review of the image on August 1, 2026. Additional label note: Art in the Park."
low,SRM-2026-760,"Outdoor portrait of a couple, undated",Photograph,Youngs Collection,Family And Local Life,,undated,,Geographies To Be Confirmed,no named people on person-centered image,"Imported from /Users/Birittany/Downloads/Youngs.zip (63.png) on 2026-08-01. Metadata drawn from visual review of the image on August 1, 2026."
low,SRM-2026-767,"Majorette or dance-line performance, undated",Photograph,Youngs Collection,Arts And Culture,,undated,,Geographies To Be Confirmed,no named people on person-centered image,"Imported from /Users/Birittany/Downloads/Youngs.zip (70.png) on 2026-08-01. Metadata drawn from visual review of the image on August 1, 2026."
low,SRM-2026-775,"Lawrence A. Jones, Margaret Burroughs, and Karl Griffin seated together, undated",Photograph,,Arts And Culture,Lawrence A. Jones; Margaret Burroughs; Karl Griffin,undated,,,missing geography/neighborhood,"Imported from /Users/Birittany/Downloads/Lawrence A Jones, Margaret Burroughs, Karl Griffin/1.png on 2026-08-05."
low,SRM-2026-776,"Community meeting around a conference table, undated",Photograph,,Community and Professional Life,,undated,,,missing geography/neighborhood,"Imported from /Users/Birittany/Downloads/Lawrence A Jones, Margaret Burroughs, Karl Griffin/2.png on 2026-08-05."
low,SRM-2026-778,"Typing classroom with students at typewriters, undated",Photograph,,African American Education,,undated,Piney Woods School,,missing geography/neighborhood,"Imported from /Users/Birittany/Downloads/Lawrence A Jones, Margaret Burroughs, Karl Griffin/4.png on 2026-08-05. Legacy accession label visible in image: 83.13.11. Alternate accession corrected from an earlier reading on August 6, 2026."
low,SRM-2026-779,"House and parked car, undated",Photograph,,Family And Local Life,,undated,,,missing geography/neighborhood,"Imported from /Users/Birittany/Downloads/Lawrence A Jones, Margaret Burroughs, Karl Griffin/5.png on 2026-08-05."
low,SRM-2026-782,"House doorway with wooden porch, undated",Photograph,,Family And Local Life,,undated,,,missing geography/neighborhood,"Imported from /Users/Birittany/Downloads/Lawrence A Jones, Margaret Burroughs, Karl Griffin/8.png on 2026-08-05."
low,SRM-2026-784,"Charles H. Wilson posed in front of the school with students, undated",Photograph,,African American Education,Charles H. Wilson,undated,Ada Wilson,,missing geography/neighborhood,"Imported from /Users/Birittany/Downloads/Lawrence A Jones, Margaret Burroughs, Karl Griffin/10.png on 2026-08-05. Legacy accession label visible in image: 83.15.7. Identification and donor context supplied on August 6, 2026."
low,SRM-2026-789,"Baseball players behind a chain-link fence, undated",Photograph,,African American Education,,undated,,,missing geography/neighborhood,"Imported from /Users/Birittany/Downloads/Lawrence A Jones, Margaret Burroughs, Karl Griffin/16.png on 2026-08-05."
low,SRM-2026-791,"Outdoor labor or logging scene, undated",Photograph,,Community and Professional Life,,undated,,,missing geography/neighborhood,"Imported from /Users/Birittany/Downloads/Lawrence A Jones, Margaret Burroughs, Karl Griffin/19.png on 2026-08-05."
low,SRM-2026-792,"Figure standing in a field, undated",Photograph,,Family And Local Life,,undated,,,missing geography/neighborhood,"Imported from /Users/Birittany/Downloads/Lawrence A Jones, Margaret Burroughs, Karl Griffin/20.png on 2026-08-05."
low,SRM-2026-793,"Printed portrait of Richmond Barthe, undated",Archive,,Arts And Culture,Richmond Barthe,undated,,,missing geography/neighborhood,"Imported from /Users/Birittany/Downloads/Lawrence A Jones, Margaret Burroughs, Karl Griffin/21.png on 2026-08-05. Printed caption identifies the subject as Richmond Barthe."
low,SRM-2026-794,"Printed portrait of Mary Leontyne Price, undated",Archive,,Arts And Culture,Mary Leontyne Price,undated,,,missing geography/neighborhood,"Imported from /Users/Birittany/Downloads/Lawrence A Jones, Margaret Burroughs, Karl Griffin/22.png on 2026-08-05. Printed caption identifies the subject as Mary Leontyne Price."
low,SRM-2026-795,"Cooperative worker sewing stuffed dolls at Rose Hill near Lexington, undated",Photograph,,Community and Professional Life,,undated,,,missing geography/neighborhood,"Imported from /Users/Birittany/Downloads/Lawrence A Jones, Margaret Burroughs, Karl Griffin/23.png on 2026-08-05. Handwritten note reads: ""Coop worker at Rose Hill nr. Lexington."""
low,SRM-2026-797,"Southern Changes, October-November 1978",Archive,,Civil Rights and Citizenship,,October-November 1978,,,missing geography/neighborhood,"Imported from /Users/Birittany/Downloads/Lawrence A Jones, Margaret Burroughs, Karl Griffin/25.png on 2026-08-05. Cover lines visible in image: ""The Courtesy of Becoming a Federal Judge,"" ""Vivian Malone Jones and the VEP,"" and ""ERA and the Southern Black Woman."""
low,SRM-2026-799,"Learning to Sew, William Johnson Center, Jackson, Mississippi, undated",Photograph,,African American Education,,undated,,,missing geography/neighborhood,"Imported from /Users/Birittany/Downloads/Lawrence A Jones, Margaret Burroughs, Karl Griffin/28.png on 2026-08-05. Printed caption at lower edge reads ""Learning to Sew"" and ""William Johnson Center, Jackson, Miss."""
low,SRM-2026-800,"Classroom or workshop scene with seated participants, undated",Photograph,,African American Education,,undated,,,missing geography/neighborhood,"Imported from /Users/Birittany/Downloads/Lawrence A Jones, Margaret Burroughs, Karl Griffin/29.png on 2026-08-05."
low,SRM-2026-801,"Printed portrait of William Grant Still, undated",Archive,,Arts And Culture,William Grant Still,undated,,,missing geography/neighborhood,"Imported from /Users/Birittany/Downloads/Lawrence A Jones, Margaret Burroughs, Karl Griffin/30.png on 2026-08-05."
low,SRM-2026-802,"Printed portrait of Robert Earl Jones, undated",Archive,,Arts And Culture,Robert Earl Jones,undated,,,missing geography/neighborhood,"Imported from /Users/Birittany/Downloads/Lawrence A Jones, Margaret Burroughs, Karl Griffin/31.png on 2026-08-05."
low,SRM-2026-803,"Printed portrait of Richmond Barthe, variant view, undated",Archive,,Arts And Culture,Richmond Barthe,undated,,,missing geography/neighborhood,"Imported from /Users/Birittany/Downloads/Lawrence A Jones, Margaret Burroughs, Karl Griffin/32.png on 2026-08-05."
low,SRM-2026-804,"Advertising fan for OJ's Beauty Lotion and Coal Roller Pills, undated",Artifact,,Community and Professional Life,,undated,,,missing geography/neighborhood,"Imported from /Users/Birittany/Downloads/Lawrence A Jones, Margaret Burroughs, Karl Griffin/33.png on 2026-08-05."
low,SRM-2026-807,"Sports pin awarded to Prof. Luther Marshall, undated",Artifact,,African American Education,Luther Marshall,undated,Mrs. Esther Marshall,,missing geography/neighborhood,"Imported from /Users/Birittany/Downloads/Lawrence A Jones, Margaret Burroughs, Karl Griffin/47.png on 2026-08-05. Typed label on ribbon reads ""Luther Marshall."" Legacy accession label visible in image: 84.17.6. Donor context supplied on August 6, 2026."
low,SRM-2026-808,"WWII unit portrait identified with Marcus Greer at far left, 1940s",Photograph,WWII Soldiers Collection,Community and Professional Life,Marcus Greer,1940s,,,missing geography/neighborhood,"Imported from /Users/Birittany/Downloads/Lawrence A Jones, Margaret Burroughs, Karl Griffin/48.png on 2026-08-05. Handwritten note reads ""Marcus Greer's Unit,"" ""WWII,"" and ""Marcus standing extreme left."""
low,SRM-2026-822,"Color portrait of Fred Scott in uniform, undated",Photograph,WWII Soldiers Collection,Portraiture and Community Memory,Fred Scott,undated,,,missing geography/neighborhood,"Imported from /Users/Birittany/Downloads/Lawrence A Jones, Margaret Burroughs, Karl Griffin/65.png on 2026-08-05."
low,SRM-2026-825,"Photo of Rev. J. V. Johnson with poem on the back, undated",Photograph,,Civic Leadership,Rev. J. V. Johnson,undated,Ian Tomlin,,missing geography/neighborhood,"Imported from /Users/Birittany/Downloads/Lawrence A Jones, Margaret Burroughs, Karl Griffin/68.png on 2026-08-05. Legacy accession label visible in image: 86.17.39. Earlier note recorded an accompanying card credited to Bishop J. E. V. Johnson; title and donor refined on August 6, 2026."
low,SRM-2026-826,"Fraternal lodge officers posed in ceremonial regalia, undated",Photograph,,Civic Leadership,,undated,,,missing geography/neighborhood,"Imported from /Users/Birittany/Downloads/Lawrence A Jones, Margaret Burroughs, Karl Griffin/70.png on 2026-08-05."
low,SRM-2026-828,"Fraternal leader speaking at a podium, undated",Photograph,,Civic Leadership,,undated,,,missing geography/neighborhood,"Imported from /Users/Birittany/Downloads/Lawrence A Jones, Margaret Burroughs, Karl Griffin/72.png on 2026-08-05."
low,SRM-2026-838,"Dotty Cab Restaurant (White House), undated",Photograph,,Community and Professional Life,,undated,Willsard Johnson,,missing geography/neighborhood,"Imported from /Users/Birittany/Downloads/Lawrence A Jones, Margaret Burroughs, Karl Griffin/86.png on 2026-08-05. Legacy accession label visible in image: 85.8.10. Identification and donor context supplied on August 6, 2026."
low,SRM-P-1955-012,"Portrait photograph of A.N. Jackson, principal",Artifact,SR,African American Education,A.N. Jackson,c.1950,,Smith Robertson Campus,missing donor/provenance,
low,SRM-P-1960-020,Smith Robinson School Sunday Evening Meeting,Photograph,SR,African American Education,,,,Smith Robertson Campus,missing object date; missing donor/provenance,
low,SRM-P-2026-011,Portrait photograph of Principal James Gooden,Photograph,SR,African American Education,James Gooden,,,Smith Robertson Campus,missing object date; missing donor/provenance,Exact date still needs confirmation from source documentation.
low,SRM-P-c.1950- 018,Portrait photograph of Richard Wright,Photograph,SR,Arts And Culture,Richard Wright,c.1950,,Mississippi,missing donor/provenance,Corrected capitalization and description during 2026-07-18 metadata pass.
low,SRM-P-c.1970- 017,Smith Robertson Under Construction,Photograph,SR,African American Education,,,,Smith Robertson Campus,missing object date; missing donor/provenance,
low,SRM-R--2013-001,Jackson Advocate 2013,Newspaper / Periodical,Jackson Advocate,Arts And Culture,,2013,Jackson Advocate,,missing geography/neighborhood,
low,SRM-R--2026-006,Field to Factory Slides and Videos,Artifact,Smith Robertson,African American Education,,,Smith Robertson,Smith Robertson Campus,missing object date,
low,SRM-R--2026-009,Field to Factory Art Box,Exhibit,Smith robinson,African American Education,,unknown,,Statewide Mississippi,missing donor/provenance,
low,SRM-R--c.1900-019,Photo of Smith Robertson,Artifact,SR,African American Education,,,SR,Smith Robertson Campus,missing object date,
