priority,accession_number,title,record_type,historical_theme,collection_name,people,object_date,donor,neighborhood,rights_status,observation_reasons,notes
high,SRM-2026-020,Mississippi Board of Barber Examiners Certificate for Clarence Gray,Artifact,Black Business and Professional Life,Barbering and Community Life Collection,Clarence Gray,1945,,,Museum Use Only,Ambiguous metadata language: verify; Ambiguous metadata language: may; Ambiguous metadata language: text read from photograph; Missing donor and provenance; Missing neighborhood/geography detail; Condition still marked Needs Review; Status still marked Needs Review; Rights status needs normalization: Museum Use Only,"Text read from photograph; verify certificate number, exact dates, and whether the black name panel is original to the object. Photo shows partial lettering 'C. E. GRA'."
high,SRM-2026-021,"Barber tools group including brush, sharpening stones, and razor accessories",Artifact,Black Business and Professional Life,Barbering and Community Life Collection,,,,,Museum Use Only,Ambiguous metadata language: appears; Ambiguous metadata language: grouped objects; Missing object date; Missing donor and provenance; Missing neighborhood/geography detail; Condition still marked Needs Review; Status still marked Needs Review; Rights status needs normalization: Museum Use Only,Image appears to show multiple objects grouped together. Consider splitting into individual records after physical inventory.
high,SRM-2026-022,Wester Bros. Hi-Car-Bin Steel barber implement case or razor box,Artifact,Black Business and Professional Life,Barbering and Community Life Collection,,,,,Museum Use Only,Ambiguous metadata language: confirm; Missing object date; Missing donor and provenance; Missing neighborhood/geography detail; Condition still marked Needs Review; Status still marked Needs Review; Rights status needs normalization: Museum Use Only,"Confirm whether this is a razor, case, strop, or hone. Brand text visible in photograph."
high,SRM-2026-023,Barber tools group including hand clippers and brush,Artifact,Black Business and Professional Life,Barbering and Community Life Collection,,,,,Museum Use Only,Ambiguous metadata language: appears; Ambiguous metadata language: grouped objects; Missing object date; Missing donor and provenance; Missing neighborhood/geography detail; Condition still marked Needs Review; Status still marked Needs Review; Rights status needs normalization: Museum Use Only,Image appears to show multiple objects grouped together. Consider creating separate item records if inventory numbers exist.
high,SRM-2026-024,"Maroon and White yearbooks, 1952 and 1954",Archive,African American Education,Original SRM Intake Review,,1952; 1954,,,Museum Use Only,Ambiguous metadata language: verify; Missing donor and provenance; Missing neighborhood/geography detail; Status still marked Needs Review; Rights status needs normalization: Museum Use Only,Not a Smith Robertson School record. Verify school name and whether each volume should be cataloged separately.
high,SRM-2026-025,Black-and-white photograph of gathering along riverbank,Photograph,Family And Local Life,Photograph Collection,,,,,Museum Use Only,Ambiguous metadata language: verify; Ambiguous metadata language: may; No named people on person-centered photograph; Missing object date; Missing donor and provenance; Missing neighborhood/geography detail; Condition still marked Needs Review; Status still marked Needs Review; Rights status needs normalization: Museum Use Only,Unidentified location and date. Verify whether there is writing on verso.
high,SRM-2026-026,Black-and-white photograph of agricultural field work,Photograph,Agriculture and Labor,Photograph Collection,,,,,Museum Use Only,Ambiguous metadata language: may; Ambiguous metadata language: possibly; No named people on person-centered photograph; Missing object date; Missing donor and provenance; Missing neighborhood/geography detail; Condition still marked Needs Review; Status still marked Needs Review; Rights status needs normalization: Museum Use Only,"Exact activity, location, and date are uncertain from the image alone."
high,SRM-2026-027,Black-and-white photograph of agricultural processing scene,Photograph,Agriculture and Labor,Photograph Collection,,,,,Museum Use Only,Ambiguous metadata language: may; No named people on person-centered photograph; Missing object date; Missing donor and provenance; Missing neighborhood/geography detail; Condition still marked Needs Review; Status still marked Needs Review; Rights status needs normalization: Museum Use Only,Image has glare in the lower portion; identify machinery and location during cataloging.
high,SRM-2026-028,Membership Directory of Historic Mount Helm Baptist Church 135th Anniversary Program,Archive,Faith And Community Life,Church and Community History Collection,Dr. T. B. Brown,1970,,Downtown Jackson,Museum Use Only,Ambiguous metadata language: verify; Missing donor and provenance; Condition still marked Needs Review; Status still marked Needs Review; Rights status needs normalization: Museum Use Only,"Cover lists Dr. T. B. Brown, Pastor, and Jackson, Mississippi. Verify address and full program contents."
high,SRM-2026-030,"A Collection of Memories: Smith Robertson School, 1894–1970",Archive,African American Education,School History Collection,Dr. Jessie Mosley; Doris Tharpe Hall; A. N. Jackson; Alferdteen Harrison; James Rundle; Myrtle Glascoe; Theresa Martin; Walter Scott; Cleopatra Thompson; Sophia Taylor; Mattie Collins; Gustava Gooden,1970,,Smith Robertson Campus,Museum Use Only,Ambiguous metadata language: verify; Ambiguous metadata language: appears; Ambiguous metadata language: may; Missing donor and provenance; Condition still marked Needs Review; Status still marked Needs Review; Rights status needs normalization: Museum Use Only,This appears to be a distinct item from the Mount Helm anniversary program already cataloged. Verify full pagination and title page details.
high,SRM-2026-032,Fragmentary clipping about Wilson Brown and the Medal of Honor,Archive,Military Service,Military and Civic History Collection,Wilson Brown,,,,Museum Use Only,Ambiguous metadata language: verify; Ambiguous metadata language: appears; Missing object date; Missing donor and provenance; Missing neighborhood/geography detail; Condition still marked Needs Review; Status still marked Needs Review; Rights status needs normalization: Museum Use Only,Text is partial and the object appears torn or incomplete. Verify source publication and complete caption.
high,SRM-2026-033,Photograph of elderly woman standing outdoors,Photograph,Portraiture and Community Memory,Photograph Collection,,,,,Museum Use Only,Ambiguous metadata language: may; No named people on person-centered photograph; Missing object date; Missing donor and provenance; Missing neighborhood/geography detail; Condition still marked Needs Review; Status still marked Needs Review; Rights status needs normalization: Museum Use Only,Subject and location unidentified from the image alone. Check verso or associated materials for identification.
high,SRM-2026-034,Printed portrait of John R. Lynch,Archive,Portraiture and Community Memory,Biographical and Civic History Collection,John R. Lynch,,,,Museum Use Only,Ambiguous metadata language: may; Missing object date; Missing donor and provenance; Missing neighborhood/geography detail; Condition still marked Needs Review; Status still marked Needs Review; Rights status needs normalization: Museum Use Only,Image may be a reproduction from a publication rather than an original photograph. Identification updated from image review.
high,SRM-2026-035,Printed portrait of Hiram Revels,Archive,Portraiture and Community Memory,Biographical and Civic History Collection,Hiram Revels,,,,Museum Use Only,Ambiguous metadata language: confirm; Ambiguous metadata language: may; Missing object date; Missing donor and provenance; Missing neighborhood/geography detail; Condition still marked Needs Review; Status still marked Needs Review; Rights status needs normalization: Museum Use Only,"Image may be a reproduction from a book, pamphlet, or exhibit panel. Identification updated from image review; confirm source."
high,SRM-2026-036,Framed display of note labeled 'The State of England' one dollar,Artifact,Material Culture and Interpretation,Material Culture Collection,,,,,Museum Use Only,Ambiguous metadata language: verify; Ambiguous metadata language: may; Missing object date; Missing donor and provenance; Missing neighborhood/geography detail; Condition still marked Needs Review; Status still marked Needs Review; Rights status needs normalization: Museum Use Only,"Identification is uncertain from the image alone. Verify whether the note is original, reproduction, or exhibit facsimile."
high,SRM-2026-047,Annual meeting group photograph of the Mississippi Negro Brewers Association,Photograph,Community and Professional Life,Photograph Collection,,,,,Museum Use Only,No named people on person-centered photograph; Missing object date; Missing donor and provenance; Missing neighborhood/geography detail; Condition still marked Needs Review; Status still marked Needs Review; Rights status needs normalization: Museum Use Only,Caption is partially obscured and should be verified from the original print.
high,SRM-2026-048,Civil rights demonstration photograph with linked arms,Photograph,Civil Rights and Citizenship,Civil Rights Collection,,,,,Museum Use Only,No named people on person-centered photograph; Missing object date; Missing donor and provenance; Missing neighborhood/geography detail; Condition still marked Needs Review; Status still marked Needs Review; Rights status needs normalization: Museum Use Only,"Location, photographer, and exact event are not identified from the image alone."
high,SRM-2026-049,Alcorn Agricultural and Mechanical College Eighty-Ninth Annual Commencement program,Archive,African American Education,Education Collection,,1960-05-23 00:00:00,,,Museum Use Only,Ambiguous metadata language: confirm; Ambiguous metadata language: may; Missing donor and provenance; Missing neighborhood/geography detail; Condition still marked Needs Review; Status still marked Needs Review; Rights status needs normalization: Museum Use Only,Front cover only is shown; confirm full contents and whether any names are listed inside.
high,SRM-2026-050,Student Nonviolent Coordinating Committee 1967 calendar,Archive,Civil Rights and Citizenship,Civil Rights Collection,Bob Fletcher; Julius Lester,1967,,,Museum Use Only,Ambiguous metadata language: appears; Missing donor and provenance; Missing neighborhood/geography detail; Condition still marked Needs Review; Status still marked Needs Review; Rights status needs normalization: Museum Use Only,The cover and June page appear to be the same item and are cataloged here as a single calendar rather than separate records.
high,SRM-2026-053,Free Mississippi in '64 campaign sticker or handbill,Archive,Civil Rights and Citizenship,Civil Rights Collection,,1964,,,Museum Use Only,Ambiguous metadata language: confirm; Missing donor and provenance; Missing neighborhood/geography detail; Condition still marked Needs Review; Status still marked Needs Review; Rights status needs normalization: Museum Use Only,"Confirm whether object is a sticker, handbill, or sign."
high,SRM-2026-054,"Democratic National Convention reserved section ticket, August 24, 1964",Archive,Civil Rights and Citizenship,Political History Collection,John M. Bailey,1964-08-24 00:00:00,,,Museum Use Only,Ambiguous metadata language: may; Missing donor and provenance; Missing neighborhood/geography detail; Condition still marked Needs Review; Status still marked Needs Review; Rights status needs normalization: Museum Use Only,Consider cross-referencing with Freedom Democratic Party materials if present elsewhere in the collection.
high,SRM-2026-061,The Jackson Advocate holdings (May-October 2012),Newspaper / Periodical,Civic Leadership,Newspapers And Periodicals,,May 2012-October 2012,,"Jackson, Mississippi",Rights Unknown,Ambiguous metadata language: may; Missing donor and provenance; Rights status needs normalization: Rights Unknown,Source image: 7.png. Label transcription: Jackson Advocate / May 2012 thru October 2012 / Add to other 2012's.
high,SRM-2026-068,"Mixed periodicals folder (Close Up, Focus, National Alliance, Burning Spear, Planet, Northeast Ledger, South Reporter)",Newspaper / Periodical,Community and Professional Life,Newspapers And Periodicals,,1968-2007 selections,,"Jackson, Mississippi",Rights Unknown,Ambiguous metadata language: may; Missing donor and provenance; Rights status needs normalization: Rights Unknown,"Source image: 14.png. Label transcription: Close Up - 1968, 1969; Focus 1997; National Alliance - 1984; Burning Spear - 1984; Planet - August 2002; Northeast Ledger - March 29, 2006 and April 15, 2006; South Reporter - May 24, 2007."
high,SRM-2026-069,The Clarion-Ledger election-related issues (1989-2011 selections),Newspaper / Periodical,Civic Leadership,Newspapers And Periodicals,Barack Obama,1989-2011 selections,,"Jackson, Mississippi",Rights Unknown,Ambiguous metadata language: may; Missing donor and provenance; Rights status needs normalization: Rights Unknown,"Source image: 15.png. Label transcription: The Clarion Ledger / December 9, 2000 / February 5, 1989 / November 10, 2005 / January 23, 2006 / June 23, 2006 / September 13, 2006 / October 13, 2006 / Nov. 3, 2008 / Nov. 8, 2008 / May 8, 2009 / May 20, 2009 / Jan. 21, 2009 / April 6, 2010 / April 14, 2011 / Papers with the election of Barack Obama 44th President."
high,SRM-2026-071,Jackson Free Press holdings (May-December 2008 selections),Newspaper / Periodical,Civic Leadership,Newspapers And Periodicals,,May-December 2008 selections,,"Jackson, Mississippi",Rights Unknown,Ambiguous metadata language: may; Missing donor and provenance; Rights status needs normalization: Rights Unknown,"Source image: 17.png. Label transcription: Jackson Free Press / May 22-28, 2008 / May 29-June 4, 2008 / July 31-Aug 2008 / Aug 14-20 2008 / Sept 11-17, 2008 / Sept 25-Oct 1, 2008 / Oct 16-22, 2008 / Oct 30-Nov 5, 2008 / Oct 23-29, 2008 / Dec 18-24, 2008."
high,SRM-2026-076,Portrait photograph of Medgar Evers with unidentified man,Photograph,Civic Leadership,Photograph Collection,Medgar Evers,,,"Jackson, Mississippi",Rights Unknown,Ambiguous metadata language: may; Unidentified subject in title; Missing object date; Missing donor and provenance; Rights status needs normalization: Rights Unknown,Source image: Untitled design (38)/2.png. One subject identified as Medgar Evers; second subject remains unidentified.
high,SRM-2026-078,Smith Robertson class portrait with teacher,Photograph,African American Education,School History Collection,,,,Smith Robertson Campus,Rights Unknown,No named people on person-centered photograph; Missing object date; Missing donor and provenance; Rights status needs normalization: Rights Unknown,Source image: Untitled design (38)/4.png. Some image wear visible around edges.
high,SRM-2026-082,Carved wooden face mask,Artifact,Arts And Culture,Museum Object Collection,,,,Geographies To Be Confirmed,Rights Unknown,Ambiguous metadata language: may; Missing object date; Missing donor and provenance; Rights status needs normalization: Rights Unknown,Source image: Untitled design (37)/3.png. Cultural attribution should be confirmed by collections staff.
high,SRM-2026-084,Tomorrow Was Yesterday,Archive,Arts And Culture,Museum Library,James N. Brown,,,Geographies To Be Confirmed,Rights Unknown,Ambiguous metadata language: may; Missing object date; Missing donor and provenance; Rights status needs normalization: Rights Unknown,Source image: Untitled design (37)/5.png.
high,SRM-2026-085,On-the-Job Education in Rural Communities (inscribed title-page copy),Archive,African American Education,Museum Library,Roy W. Roberts; Betty Mae York,1947-02-01 00:00:00,,Rural communities,Rights Unknown,Ambiguous metadata language: may; Missing donor and provenance; Rights status needs normalization: Rights Unknown,Source image: Untitled design (37)/6.png. May be the same physical publication as SRM-2026-086 photographed from a different side.
high,SRM-2026-086,On-the-Job Education in Rural Communities (cover copy),Archive,African American Education,Museum Library,,1947-02-01 00:00:00,,Rural communities,Rights Unknown,Ambiguous metadata language: may; Missing donor and provenance; Rights status needs normalization: Rights Unknown,Source image: Untitled design (37)/7.png. May represent the same physical publication as SRM-2026-085.
high,SRM-2026-087,Closing Day Treasury,Archive,African American Education,Museum Library,Marie Irish; Elizabeth F. Guptill,,,Geographies To Be Confirmed,Rights Unknown,Ambiguous metadata language: may; Missing object date; Missing donor and provenance; Rights status needs normalization: Rights Unknown,Source image: Untitled design (37)/8.png.
high,SRM-2026-091,Rules and Regulations for the Certification of the Administrative and Instructional Personnel (plain copy),Archive,African American Education,School History Collection,Bilbo Young,1958 revision,,Mississippi,Rights Unknown,Ambiguous metadata language: may; Missing donor and provenance; Rights status needs normalization: Rights Unknown,Source image: Untitled design (37)/12.png. May duplicate or accompany SRM-2026-083.
high,SRM-2026-092,The County Superintendent of Schools in the United States,Archive,African American Education,Museum Library,,,,United States,Rights Unknown,Ambiguous metadata language: may; Missing object date; Missing donor and provenance; Rights status needs normalization: Rights Unknown,Source image: Untitled design (37)/13.png.
high,SRM-2026-096,Bound scrapbook or notebook with inserted typed historical document,Archive,Civic Leadership,Archives Collection,,,,Geographies To Be Confirmed,Rights Unknown,Ambiguous metadata language: may; Missing object date; Missing donor and provenance; Rights status needs normalization: Rights Unknown,Source image: Untitled design (37)/17.png. Detailed identification should be completed from the original object before public release.
high,SRM-2026-097,Beaded gourd vessel with white and red netting,Artifact,Arts And Culture,Museum Object Collection,,,,Geographies To Be Confirmed,Rights Unknown,Ambiguous metadata language: may; Missing object date; Missing donor and provenance; Rights status needs normalization: Rights Unknown,Source image: Untitled design (37)/18.png. Cultural attribution should be confirmed.
high,SRM-2026-098,Beaded gourd vessel marked Kuba,Artifact,Arts And Culture,Museum Object Collection,,,,Kuba,Rights Unknown,Ambiguous metadata language: may; Missing object date; Missing donor and provenance; Rights status needs normalization: Rights Unknown,Source image: Untitled design (37)/19.png. Attribution and meaning of inscription should be verified.
high,SRM-2026-102,Opera/South program packet,Archive,Arts And Culture,Programs And Ephemera,,,,"Jackson, Mississippi",Rights Unknown,Ambiguous metadata language: may; Missing object date; Missing donor and provenance; Rights status needs normalization: Rights Unknown,Source image: Untitled design (37)/23.png. May contain multiple related pieces that could later be cataloged separately.
high,SRM-2026-103,SRA Reading Laboratory IIa student record book,Archive,African American Education,School History Collection,James Earl Dixon?,,,Smith Robertson Campus,Rights Unknown,Ambiguous metadata language: appears; Missing object date; Missing donor and provenance; Rights status needs normalization: Rights Unknown,"Source image: Untitled design (37)/24.png. Student name appears to read James Earl Dixon, but should be verified from the object."
high,SRM-2026-115,"Grouped artifacts including camera, soap box, and two small irons",Artifact,Material Culture and Interpretation,Material Culture Collection,,,,Geographies To Be Confirmed,Rights Unknown,Ambiguous metadata language: may; Missing object date; Missing donor; Rights status needs normalization: Rights Unknown,"Documents everyday household and consumer objects that may relate to domestic life, photography, and material culture."
high,SRM-2026-118,Portrait of elderly woman holding infant,Photograph,Midwives and Motherhood,Photograph Collection,,,,Geographies To Be Confirmed,Rights Unknown,Ambiguous metadata language: confirm; Ambiguous metadata language: may; No named people on person-centered photograph; Missing object date; Missing donor and provenance; Rights status needs normalization: Rights Unknown,Subjects are unidentified in the current image. Confirm names
high,SRM-2026-119,Interior photograph of women working in laundry room,Photograph,Black Business and Professional Life,Photograph Collection,unidentified women,,,Geographies To Be Confirmed,Rights Unknown,Ambiguous metadata language: confirm; Missing object date; Missing donor and provenance; Rights status needs normalization: Rights Unknown,Provisional title based on image review. Confirm location
high,SRM-2026-120,Photograph of child receiving oral examination,Photograph,Community and Professional Life,Photograph Collection,,,,Geographies To Be Confirmed,Rights Unknown,Ambiguous metadata language: may; No named people on person-centered photograph; Missing object date; Missing donor; Rights status needs normalization: Rights Unknown,
high,SRM-2026-121,Photograph of house exterior,Photograph,Family And Local Life,Photograph Collection,,,,Geographies To Be Confirmed,Rights Unknown,Ambiguous metadata language: may; No named people on person-centered photograph; Missing object date; Missing donor; Rights status needs normalization: Rights Unknown,"May support interpretation of domestic space, neighborhood history, or property documentation."
high,SRM-2026-123,Portrait clipping of Virginia Scott (Scott Ford Houses),Archive,Portraiture and Community Memory,Biographical And Civic History Collection,Virginia Scott,,,Scott Ford Houses,Rights Unknown,Ambiguous metadata language: confirm; Missing object date; Missing donor and provenance; Rights status needs normalization: Rights Unknown,Identification updated from cursory visual review against original SRM/45.png. Confirm full biographical details from source documentation.
high,SRM-2026-125,"""Delta Fishing"" woodcut print",Artifact,Arts And Culture,Art Collection,,1950,,Mississippi,Rights Unknown,Ambiguous metadata language: confirm; Ambiguous metadata language: appears; Missing donor and provenance; Rights status needs normalization: Rights Unknown,Title and date appear to be visible in the image. Confirm artist signature and edition details from the original.
high,SRM-2026-127,Cotton branch photograph,Photograph,Agriculture and Labor,Photograph Collection,,,,Mississippi,Rights Unknown,No named people on person-centered photograph; Missing object date; Missing donor and provenance; Rights status needs normalization: Rights Unknown,Exact context and date are unidentified in the current image.
high,SRM-2026-130,Sony Walkman cassette player,Artifact,Arts And Culture,Material Culture Collection,,late 20th century,,Geographies To Be Confirmed,Rights Unknown,Ambiguous metadata language: confirm; Missing donor and provenance; Rights status needs normalization: Rights Unknown,Confirm exact model number and manufacturing date from the object.
high,SRM-2026-131,Portrait photograph of O.B. Cobbins,Photograph,Portraiture and Community Memory,Photograph Collection,O.B. Cobbins,,,Geographies To Be Confirmed,Rights Unknown,Ambiguous metadata language: verify; Missing object date; Missing donor and provenance; Rights status needs normalization: Rights Unknown,"Identification supplied during image review. Verify full name, date, and any associated biography from object documentation."
high,SRM-2026-132,Portrait photograph of Mary Scott (Scott Ford Houses),Photograph,Portraiture and Community Memory,Photograph Collection,Mary Scott,,,Scott Ford Houses,Rights Unknown,Ambiguous metadata language: confirm; Missing object date; Missing donor and provenance; Rights status needs normalization: Rights Unknown,Created from original SRM/29.png after cursory visual review suggested the image was not yet represented elsewhere in the current database. Confirm date and biographical details from source documentation.
high,SRM-2026-144,Packets of photographic film,Artifact,Arts And Culture,SRM Collection,Richard Beadle,,,,Rights Unknown,Missing object date; Missing donor; Missing neighborhood/geography detail; Rights status needs normalization: Rights Unknown,User confirmed during 2026-07-18 metadata review that the grouped objects are packets of film.
high,SRM-2026-185,Man and two children on Farish Street,Photograph,Family And Local Life,Original SRM Intake Review,,,,Farish Street,Rights Unknown,No named people on person-centered photograph; Missing object date; Missing donor and provenance; Condition still marked Needs Review; Status still marked Needs Review; Rights status needs normalization: Rights Unknown,"Identification and date range provided by user on July 18, 2026."
high,SRM-2026-195,Civil rights demonstration photograph,Photograph,Civil Rights and Citizenship,Original SRM Intake Review,,,,Mississippi,Rights Unknown,No named people on person-centered photograph; Missing object date; Missing donor and provenance; Condition still marked Needs Review; Status still marked Needs Review; Rights status needs normalization: Rights Unknown,Source file renamed from 14.png in /Users/Birittany/Downloads/Untitled design (1). Additional unedited source files are in /Users/Birittany/Downloads/drive-download-20260718T010640Z-1-001 and should be reviewed for fuller identification.
high,SRM-2026-202,Standard certificate of birth for Bobbie May Jefferson,Archive,Midwives and Motherhood,Original SRM Intake Review,Bobbie May Jefferson; Josephine Jefferson,1934-08-17,,Scott Ford Houses,Rights Unknown,Ambiguous metadata language: may; Missing donor and provenance; Condition still marked Needs Review; Status still marked Needs Review; Rights status needs normalization: Rights Unknown,"Identification updated from image text on July 18, 2026 and grouped with Scott Ford midwife-related materials per user guidance."
high,SRM-2026-209,Farish Street group photograph,Photograph,Family And Local Life,Original SRM Intake Review,,,,Farish Street,Rights Unknown,No named people on person-centered photograph; Missing object date; Missing donor and provenance; Condition still marked Needs Review; Status still marked Needs Review; Rights status needs normalization: Rights Unknown,"Date range and location provided by user on July 18, 2026."
high,SRM-2026-214,Certificate of Meritorious Achievement in Journalism for Percy Greene,Archive,Black Business and Professional Life,Original SRM Intake Review,Percy Greene,1960,,,Rights Unknown,Ambiguous metadata language: appears; Missing donor and provenance; Missing neighborhood/geography detail; Condition still marked Needs Review; Status still marked Needs Review; Rights status needs normalization: Rights Unknown,The certificate appears to reference a New York Press Club award.
high,SRM-2026-235,Jackson College exhibit display room (provisional),Photograph,Arts And Culture,Smith Robertson Photograph Collection,,20th century,,Jackson State University Campus,Rights Held by Museum,Ambiguous metadata language: may; Missing donor; Status still marked Needs Review,Embedded metadata did not include a usable caption beyond the asset identifier. Title and description are provisional from visual review of gettyimages-2151568410-594x594.jpg.
high,SRM-2026-265,Voice-O-Graph recording labeled with R. Jess Brown's name and state criminal case,Artifact,Community and Professional Life,R. Jess Brown Collection,R. Jess Brown,20th century,Daughter of R. Jess Brown,Mississippi,Rights Unknown,Ambiguous metadata language: may; Condition still marked Needs Review; Rights status needs normalization: Rights Unknown,Source image: 24.png from /Users/Birittany/Downloads/Untitled design (2); metadata imported from R_Jess_Brown_Metadata_Descriptions_1-52.txt on 2026-07-21.
high,SRM-2026-277,National Bar Association life-membership certificate for R. Jess Brown,Artifact,Community and Professional Life,R. Jess Brown Collection,R. Jess Brown,1968-05-13,Daughter of R. Jess Brown,United States,Rights Unknown,Ambiguous metadata language: may; Rights status needs normalization: Rights Unknown,Source image: 36.png from /Users/Birittany/Downloads/Untitled design (2); metadata imported from R_Jess_Brown_Metadata_Descriptions_1-52.txt on 2026-07-21.
high,SRM-2026-280,Ellis J. May III letter recalling conversation with R. Jess Brown,Archive,Civic Leadership,R. Jess Brown Collection,R. Jess Brown; Ellis J. May III; Thurgood Marshall,1988-09-21,Daughter of R. Jess Brown,"Washington, D.C.",Rights Unknown,Ambiguous metadata language: may; Rights status needs normalization: Rights Unknown,Source image: 39.png from /Users/Birittany/Downloads/Untitled design (2); metadata imported from R_Jess_Brown_Metadata_Descriptions_1-52.txt on 2026-07-21.
high,SRM-2026-295,Formal group portrait on institutional steps,Photograph,Community and Professional Life,Dr. Townsend Collection,,,,Geographies To Be Confirmed,Rights Held by Museum,Ambiguous metadata language: may; No named people on person-centered photograph; Missing object date; Missing donor and provenance; Condition still marked Needs Review; Status still marked Needs Review,"Added from the Dr Townsend folder on July 22, 2026. Source file renamed from 2.png."
high,SRM-2026-299,Metropolitan Class Record No. 425,Archive,African American Education,Dr. Townsend Collection,"Dr. Townsend (teacher, attributed)",1944,,Mississippi,Rights Held by Museum,Ambiguous metadata language: appears; Missing donor and provenance; Condition still marked Needs Review; Status still marked Needs Review,"Added from the Dr Townsend folder on July 22, 2026. Source file renamed from 6.png."
high,SRM-2026-303,Seated older man indoors,Photograph,Portraiture and Community Memory,Dr. Townsend Collection,,,,Geographies To Be Confirmed,Rights Held by Museum,No named people on person-centered photograph; Missing object date; Missing donor and provenance; Condition still marked Needs Review; Status still marked Needs Review,"Added from the Dr Townsend folder on July 22, 2026. Source file renamed from 10.png."
high,SRM-2026-304,Older man seated with cane,Photograph,Portraiture and Community Memory,Dr. Townsend Collection,,,,Geographies To Be Confirmed,Rights Held by Museum,Ambiguous metadata language: may; No named people on person-centered photograph; Missing object date; Missing donor and provenance; Condition still marked Needs Review; Status still marked Needs Review,"Added from the Dr Townsend folder on July 22, 2026. Source file renamed from 11.png."
high,SRM-2026-308,Alcorn A and M College Certificate of Merit,Archive,African American Education,Dr. Townsend Collection,,1960-05-23,,"Lorman, Mississippi",Rights Held by Museum,Ambiguous metadata language: may; Missing donor and provenance; Condition still marked Needs Review; Status still marked Needs Review,"Added from the Dr Townsend folder on July 22, 2026. Source file renamed from 15.png."
high,SRM-2026-322,Nineteenth-century group portrait of seven men,Photograph,Civic Leadership,Dr. Townsend Collection,,,,Geographies To Be Confirmed,Rights Held by Museum,Ambiguous metadata language: may; No named people on person-centered photograph; Missing object date; Missing donor and provenance; Condition still marked Needs Review; Status still marked Needs Review,"Added from the Dr Townsend folder on July 22, 2026. Source file renamed from 29.png."
high,SRM-2026-324,Office or public building desk scene,Photograph,Community and Professional Life,Dr. Townsend Collection,,,,Geographies To Be Confirmed,Rights Held by Museum,Ambiguous metadata language: may; Missing object date; Missing donor and provenance; Condition still marked Needs Review; Status still marked Needs Review,"Added from the Dr Townsend folder on July 22, 2026. Source file renamed from 31.png."
high,SRM-2026-325,Studio portrait of unidentified infant,Photograph,Midwives and Motherhood,Dr. Townsend Collection,,,,Geographies To Be Confirmed,Rights Held by Museum,Unidentified subject in title; No named people on person-centered photograph; Missing object date; Missing donor and provenance; Condition still marked Needs Review; Status still marked Needs Review,"Added from the Dr Townsend folder on July 22, 2026. Source file renamed from 32.png."
high,SRM-2026-326,Portrait of three unidentified young people,Photograph,Portraiture and Community Memory,Dr. Townsend Collection,,,,Geographies To Be Confirmed,Rights Held by Museum,Unidentified subject in title; No named people on person-centered photograph; Missing object date; Missing donor and provenance; Condition still marked Needs Review; Status still marked Needs Review,"Added from the Dr Townsend folder on July 22, 2026. Source file renamed from 33.png."
high,SRM-2026-328,Full-length portrait of unidentified woman with handbag,Photograph,Portraiture and Community Memory,Dr. Townsend Collection,,,,Geographies To Be Confirmed,Rights Held by Museum,Unidentified subject in title; No named people on person-centered photograph; Missing object date; Missing donor and provenance; Condition still marked Needs Review; Status still marked Needs Review,"Added from the Dr Townsend folder on July 22, 2026. Source file renamed from 35.png."
high,SRM-2026-329,Health worker examining seated man,Photograph,Black Health and Medicine,Dr. Townsend Collection,,,,Geographies To Be Confirmed,Rights Held by Museum,No named people on person-centered photograph; Missing object date; Missing donor and provenance; Condition still marked Needs Review; Status still marked Needs Review,"Added from the Dr Townsend folder on July 22, 2026. Source file renamed from 36.png."
high,SRM-2026-330,Auditorium audience photograph,Photograph,Community and Professional Life,Dr. Townsend Collection,,,,Geographies To Be Confirmed,Rights Held by Museum,No named people on person-centered photograph; Missing object date; Missing donor and provenance; Condition still marked Needs Review; Status still marked Needs Review,"Added from the Dr Townsend folder on July 22, 2026. Source file renamed from 37.png."
high,SRM-2026-334,Close-up portrait of young man with lowered head,Photograph,Portraiture and Community Memory,Dr. Townsend Collection,,,,Geographies To Be Confirmed,Rights Held by Museum,Ambiguous metadata language: unclear; No named people on person-centered photograph; Missing object date; Missing donor and provenance; Condition still marked Needs Review; Status still marked Needs Review,"Added from the Dr Townsend folder on July 22, 2026. Source file renamed from 41.png."
high,SRM-2026-335,Man speaking to boys indoors,Photograph,African American Education,Dr. Townsend Collection,,,,Geographies To Be Confirmed,Rights Held by Museum,Ambiguous metadata language: may; No named people on person-centered photograph; Missing object date; Missing donor and provenance; Condition still marked Needs Review; Status still marked Needs Review,"Added from the Dr Townsend folder on July 22, 2026. Source file renamed from 42.png."
high,SRM-2026-337,Bust-length portrait of unidentified woman with high bun,Photograph,Portraiture and Community Memory,Dr. Townsend Collection,,,,Geographies To Be Confirmed,Rights Held by Museum,Unidentified subject in title; No named people on person-centered photograph; Missing object date; Missing donor and provenance; Condition still marked Needs Review; Status still marked Needs Review,"Added from the Dr Townsend folder on July 22, 2026. Source file renamed from 44.png."
high,SRM-2026-338,Row of small wood-frame houses streetscape,Photograph,Family And Local Life,Dr. Townsend Collection,,,,Geographies To Be Confirmed,Rights Held by Museum,Ambiguous metadata language: appears; Missing object date; Missing donor and provenance; Condition still marked Needs Review; Status still marked Needs Review,"Added from the Dr Townsend folder on July 22, 2026. Source file renamed from 45.png."
high,SRM-2026-339,Woman sorting garments in distribution room,Photograph,Community and Professional Life,Dr. Townsend Collection,,,,Geographies To Be Confirmed,Rights Held by Museum,No named people on person-centered photograph; Missing object date; Missing donor and provenance; Condition still marked Needs Review; Status still marked Needs Review,"Added from the Dr Townsend folder on July 22, 2026. Source file renamed from 46.png."
high,SRM-2026-342,Man speaking at microphone behind podium,Photograph,Civic Leadership,Dr. Townsend Collection,,,,Geographies To Be Confirmed,Rights Held by Museum,No named people on person-centered photograph; Missing object date; Missing donor and provenance; Condition still marked Needs Review; Status still marked Needs Review,"Added from the Dr Townsend folder on July 22, 2026. Source file renamed from 49.png."
high,SRM-2026-346,Group photograph in front of building and construction site,Photograph,Black Health and Medicine,Dr. Townsend Collection,"William E. Miller, M.D. (associated label)",,,Geographies To Be Confirmed,Rights Held by Museum,Ambiguous metadata language: may; Ambiguous metadata language: unclear; Missing object date; Missing donor and provenance; Condition still marked Needs Review; Status still marked Needs Review,"Added from the Dr Townsend folder on July 22, 2026. Source file renamed from 53.png."
high,SRM-2026-350,Head-and-shoulders portrait of unidentified young woman,Photograph,Portraiture and Community Memory,Dr. Townsend Collection,,,,Geographies To Be Confirmed,Rights Held by Museum,Unidentified subject in title; No named people on person-centered photograph; Missing object date; Missing donor and provenance; Condition still marked Needs Review; Status still marked Needs Review,"Added from the Dr Townsend folder on July 22, 2026. Source file renamed from 57.png."
high,SRM-2026-351,Studio portrait of unidentified woman wearing glasses,Photograph,Portraiture and Community Memory,Dr. Townsend Collection,,,,Geographies To Be Confirmed,Rights Held by Museum,Unidentified subject in title; No named people on person-centered photograph; Missing object date; Missing donor and provenance; Condition still marked Needs Review; Status still marked Needs Review,"Added from the Dr Townsend folder on July 22, 2026. Source file renamed from 58.png."
high,SRM-2026-353,1926-1927 seniors group portrait,Photograph,African American Education,Dr. Townsend Collection,,1926-1927,,Geographies To Be Confirmed,Rights Held by Museum,No named people on person-centered photograph; Missing donor and provenance; Condition still marked Needs Review; Status still marked Needs Review,"Added from the Dr Townsend folder on July 22, 2026. Source file renamed from 60.png."
high,SRM-2026-356,Children eating in school cafeteria,Photograph,African American Education,Dr. Townsend Collection,,,,Geographies To Be Confirmed,Rights Held by Museum,No named people on person-centered photograph; Missing object date; Missing donor and provenance; Condition still marked Needs Review; Status still marked Needs Review,"Added from the Dr Townsend folder on July 22, 2026. Source file renamed from 64.png."
high,SRM-2026-361,"Portrait of an unidentified infant, undated",Photograph,Midwives and Motherhood,,,undated,,Geographies To Be Confirmed,Rights Unknown,Unidentified subject in title; No named people on person-centered photograph; Missing donor; Condition still marked Needs Review; Status still marked Needs Review; Rights status needs normalization: Rights Unknown; No collection name assigned,Imported from /Users/Birittany/Downloads/Stumps/1.png on 2026-07-26. Source description from pasted-text.txt. OCR not finalized; review image text for additional detail where applicable.
high,SRM-2026-362,"Portrait of three unidentified children, undated",Photograph,Family And Local Life,,,undated,,Geographies To Be Confirmed,Rights Unknown,Unidentified subject in title; No named people on person-centered photograph; Missing donor; Condition still marked Needs Review; Status still marked Needs Review; Rights status needs normalization: Rights Unknown; No collection name assigned,Imported from /Users/Birittany/Downloads/Stumps/2.png on 2026-07-26. Source description from pasted-text.txt. OCR not finalized; review image text for additional detail where applicable.
high,SRM-2026-363,"Portrait of an unidentified couple, undated",Photograph,Family And Local Life,,,undated,,Geographies To Be Confirmed,Rights Unknown,Unidentified subject in title; No named people on person-centered photograph; Missing donor; Condition still marked Needs Review; Status still marked Needs Review; Rights status needs normalization: Rights Unknown; No collection name assigned,Imported from /Users/Birittany/Downloads/Stumps/3.png on 2026-07-26. Source description from pasted-text.txt. OCR not finalized; review image text for additional detail where applicable.
high,SRM-2026-364,"Carved portrait bust of an unidentified woman, undated",Photograph,Family And Local Life,,,undated,,Geographies To Be Confirmed,Rights Unknown,Unidentified subject in title; No named people on person-centered photograph; Missing donor; Condition still marked Needs Review; Status still marked Needs Review; Rights status needs normalization: Rights Unknown; No collection name assigned,Imported from /Users/Birittany/Downloads/Stumps/4.png on 2026-07-26. Source description from pasted-text.txt. OCR not finalized; review image text for additional detail where applicable.
high,SRM-2026-365,"Carved portrait bust of an unidentified man, undated",Photograph,Family And Local Life,,,undated,,Geographies To Be Confirmed,Rights Unknown,Unidentified subject in title; No named people on person-centered photograph; Missing donor; Condition still marked Needs Review; Status still marked Needs Review; Rights status needs normalization: Rights Unknown; No collection name assigned,Imported from /Users/Birittany/Downloads/Stumps/5.png on 2026-07-26. Source description from pasted-text.txt. OCR not finalized; review image text for additional detail where applicable.
high,SRM-2026-370,"Smith Robertson Folklife Festival program, May 3–5, 1985",Archive,African American Education,,,1985,,Smith Robertson Campus,Rights Unknown,Ambiguous metadata language: may; Missing donor; Condition still marked Needs Review; Status still marked Needs Review; Rights status needs normalization: Rights Unknown; No collection name assigned,Imported from /Users/Birittany/Downloads/Stumps/10.png on 2026-07-26. Festival dates and sponsor details confirmed from the cover image on July 27
high,SRM-2026-373,"A Neighborhood Discovery exhibition program, 1983",Archive,African American Education,,,1983,,Smith Robertson Campus,Rights Unknown,Ambiguous metadata language: may; Missing donor; Condition still marked Needs Review; Status still marked Needs Review; Rights status needs normalization: Rights Unknown; No collection name assigned,Imported from /Users/Birittany/Downloads/Stumps/13.png on 2026-07-26. Exhibition dates and site wording confirmed from the image on July 27
high,SRM-2026-376,"Advertising fan with portrait of an unidentified boy, undated",Photograph,Family And Local Life,,,undated,,Geographies To Be Confirmed,Rights Unknown,Unidentified subject in title; No named people on person-centered photograph; Missing donor; Condition still marked Needs Review; Status still marked Needs Review; Rights status needs normalization: Rights Unknown; No collection name assigned,Imported from /Users/Birittany/Downloads/Stumps/16.png on 2026-07-26. Source description from pasted-text.txt. OCR not finalized; review image text for additional detail where applicable.
high,SRM-2026-377,"Portrait of an unidentified woman, undated",Photograph,Family And Local Life,,,undated,,Geographies To Be Confirmed,Rights Unknown,Unidentified subject in title; No named people on person-centered photograph; Missing donor; Condition still marked Needs Review; Status still marked Needs Review; Rights status needs normalization: Rights Unknown; No collection name assigned,Imported from /Users/Birittany/Downloads/Stumps/17.png on 2026-07-26. Source description from pasted-text.txt. OCR not finalized; review image text for additional detail where applicable.
high,SRM-2026-380,"Portrait of an unidentified young man, undated",Photograph,Family And Local Life,,,undated,,Geographies To Be Confirmed,Rights Unknown,Unidentified subject in title; No named people on person-centered photograph; Missing donor; Condition still marked Needs Review; Status still marked Needs Review; Rights status needs normalization: Rights Unknown; No collection name assigned,Imported from /Users/Birittany/Downloads/Stumps/20.png on 2026-07-26. Source description from pasted-text.txt. OCR not finalized; review image text for additional detail where applicable.
high,SRM-2026-381,"Two unidentified children indoors, undated",Photograph,Family And Local Life,,,undated,,Geographies To Be Confirmed,Rights Unknown,Unidentified subject in title; No named people on person-centered photograph; Missing donor; Condition still marked Needs Review; Status still marked Needs Review; Rights status needs normalization: Rights Unknown; No collection name assigned,Imported from /Users/Birittany/Downloads/Stumps/21.png on 2026-07-26. Source description from pasted-text.txt. OCR not finalized; review image text for additional detail where applicable.
high,SRM-2026-387,"Industrial-course certificate awarded to R. L. Burton, May 20, 1916",Archive,African American Education,,R. L. Burton,1916-05-20,,Geographies To Be Confirmed,Rights Unknown,Ambiguous metadata language: may; Missing donor; Condition still marked Needs Review; Status still marked Needs Review; Rights status needs normalization: Rights Unknown; No collection name assigned,Imported from /Users/Birittany/Downloads/Stumps/27.png on 2026-07-26. Recipient name
high,SRM-2026-389,"Smith Robertson Neighborhood Folklife Festival program, May 4, 1984",Archive,African American Education,,,1984-05-04,,Smith Robertson Campus,Rights Unknown,Ambiguous metadata language: may; Missing donor; Condition still marked Needs Review; Status still marked Needs Review; Rights status needs normalization: Rights Unknown; No collection name assigned,Imported from /Users/Birittany/Downloads/Stumps/29.png on 2026-07-26. Event title
high,SRM-2026-390,"Smith Robertson Neighborhood Folklife Festival program pages, 1984",Archive,African American Education,,Theresa H. Martin; C. C. Appleberry; Margaret Walker Alexander; Dale Danks Jr.,1984-05-04,,Smith Robertson Campus,Rights Unknown,Ambiguous metadata language: may; Missing donor; Condition still marked Needs Review; Status still marked Needs Review; Rights status needs normalization: Rights Unknown; No collection name assigned, performers
high,SRM-2026-396,Unidentified image,Photograph,Material Culture and Interpretation,,,,,Geographies To Be Confirmed,Rights Unknown,Unidentified subject in title; Missing object date; Missing donor; Condition still marked Needs Review; Status still marked Needs Review; Rights status needs normalization: Rights Unknown; No collection name assigned,Imported from /Users/Birittany/Downloads/Stumps/36.png on 2026-07-26. Source description from pasted-text.txt. OCR not finalized; review image text for additional detail where applicable.
high,SRM-2026-397,"Group portrait with handwritten identifications, undated",Photograph,Family And Local Life,,,undated,,Geographies To Be Confirmed,Rights Unknown,No named people on person-centered photograph; Missing donor; Condition still marked Needs Review; Status still marked Needs Review; Rights status needs normalization: Rights Unknown; No collection name assigned,Imported from /Users/Birittany/Downloads/Stumps/37.png on 2026-07-26. Source description from pasted-text.txt. OCR not finalized; review image text for additional detail where applicable.
high,SRM-2026-410,"Woman entering the Leflore County Courthouse, undated",Photograph,Civil Rights and Citizenship,,,undated,,Geographies To Be Confirmed,Rights Unknown,No named people on person-centered photograph; Missing donor; Condition still marked Needs Review; Status still marked Needs Review; Rights status needs normalization: Rights Unknown; No collection name assigned,Imported from /Users/Birittany/Downloads/Stumps/50.png on 2026-07-26. Source description from pasted-text.txt. OCR not finalized; review image text for additional detail where applicable.
high,SRM-2026-414,"Street Talk, May 1979",Photograph,Material Culture and Interpretation,,,1979,,Geographies To Be Confirmed,Rights Unknown,Ambiguous metadata language: may; Missing donor; Condition still marked Needs Review; Status still marked Needs Review; Rights status needs normalization: Rights Unknown; No collection name assigned,Imported from /Users/Birittany/Downloads/Stumps/54.png on 2026-07-26. Source description from pasted-text.txt. OCR not finalized; review image text for additional detail where applicable.
high,SRM-2026-415,"The South of the Near Future, May 1980",Archive,Civil Rights and Citizenship,,Leslie W. Dunbar,1980-05,,Atlanta Georgia,Rights Unknown,Ambiguous metadata language: may; Missing donor; Condition still marked Needs Review; Status still marked Needs Review; Rights status needs normalization: Rights Unknown; No collection name assigned,Imported from /Users/Birittany/Downloads/Stumps/55.png on 2026-07-26. Author
high,SRM-2026-424,"Unidentified musician performing, undated",Photograph,Arts And Culture,,,undated,,Geographies To Be Confirmed,Rights Unknown,Unidentified subject in title; Missing donor; Condition still marked Needs Review; Status still marked Needs Review; Rights status needs normalization: Rights Unknown; No collection name assigned,Imported from /Users/Birittany/Downloads/Stumps/64.png on 2026-07-26. Source description from pasted-text.txt. OCR not finalized; review image text for additional detail where applicable.
high,SRM-2026-428,"Focus, May 1980",Archive,Civil Rights and Citizenship,,,1980-05,,Washington D.C.,Rights Unknown,Ambiguous metadata language: may; Missing donor; Condition still marked Needs Review; Status still marked Needs Review; Rights status needs normalization: Rights Unknown; No collection name assigned,Imported from /Users/Birittany/Downloads/Stumps/68.png on 2026-07-26. Corrected the year to 1980 from the cover image; publication title
high,SRM-2026-430,"Interior of an unidentified general store, undated",Photograph,Material Culture and Interpretation,,,undated,,Geographies To Be Confirmed,Rights Unknown,Unidentified subject in title; Missing donor; Condition still marked Needs Review; Status still marked Needs Review; Rights status needs normalization: Rights Unknown; No collection name assigned,Imported from /Users/Birittany/Downloads/Stumps/70.png on 2026-07-26. Source description from pasted-text.txt. OCR not finalized; review image text for additional detail where applicable.
high,SRM-2026-440,"Rust College Alumni Newsletter, February 1981",Archive,African American Education,,,1981-02,,Holly Springs,Rights Unknown,Ambiguous metadata language: may; Missing donor; Condition still marked Needs Review; Status still marked Needs Review; Rights status needs normalization: Rights Unknown; No collection name assigned,Imported from /Users/Birittany/Downloads/Stumps/80.png on 2026-07-26. Newsletter title
high,SRM-2026-452,"Southern Black Cultural Newsletter, May 1981",Archive,Arts And Culture,,John O'Neal,1981-05,,South,Rights Unknown,Ambiguous metadata language: may; Missing donor; Condition still marked Needs Review; Status still marked Needs Review; Rights status needs normalization: Rights Unknown; No collection name assigned,Imported from /Users/Birittany/Downloads/Stumps/92.png on 2026-07-26. Publication title
high,SRM-2026-454,"Portrait of an unidentified woman, undated",Photograph,Family And Local Life,,,undated,,Geographies To Be Confirmed,Rights Unknown,Unidentified subject in title; No named people on person-centered photograph; Missing donor; Condition still marked Needs Review; Status still marked Needs Review; Rights status needs normalization: Rights Unknown; No collection name assigned,Imported from /Users/Birittany/Downloads/Stumps/94.png on 2026-07-26. Source description from pasted-text.txt. OCR not finalized; review image text for additional detail where applicable.
high,SRM-2026-455,"Portrait of an unidentified man with seasonal inscription, undated",Photograph,Family And Local Life,,,undated,,Geographies To Be Confirmed,Rights Unknown,Unidentified subject in title; No named people on person-centered photograph; Missing donor; Condition still marked Needs Review; Status still marked Needs Review; Rights status needs normalization: Rights Unknown; No collection name assigned,Imported from /Users/Birittany/Downloads/Stumps/95.png on 2026-07-26. Source description from pasted-text.txt. OCR not finalized; review image text for additional detail where applicable.
high,SRM-2026-456,"Unidentified man with bicycle, undated",Photograph,Family And Local Life,,,undated,,Geographies To Be Confirmed,Rights Unknown,Unidentified subject in title; No named people on person-centered photograph; Missing donor; Condition still marked Needs Review; Status still marked Needs Review; Rights status needs normalization: Rights Unknown; No collection name assigned,Imported from /Users/Birittany/Downloads/Stumps/96.png on 2026-07-26. Source description from pasted-text.txt. OCR not finalized; review image text for additional detail where applicable.
high,SRM-2026-459,"Older woman holding an infant, January 1979",Photograph,Midwives and Motherhood,,,1979,,Geographies To Be Confirmed,Rights Unknown,No named people on person-centered photograph; Missing donor; Condition still marked Needs Review; Status still marked Needs Review; Rights status needs normalization: Rights Unknown; No collection name assigned,Imported from /Users/Birittany/Downloads/Stumps/99.png on 2026-07-26. Source description from pasted-text.txt. OCR not finalized; review image text for additional detail where applicable.
high,SRM-2026-465,"Portrait of an unidentified woman, undated",Photograph,Family And Local Life,,,undated,,Geographies To Be Confirmed,Rights Unknown,Unidentified subject in title; No named people on person-centered photograph; Missing donor; Condition still marked Needs Review; Status still marked Needs Review; Rights status needs normalization: Rights Unknown; No collection name assigned,Imported from /Users/Birittany/Downloads/Stumps/105.png on 2026-07-26. Source description from pasted-text.txt. OCR not finalized; review image text for additional detail where applicable.
high,SRM-2026-475,"Portrait of an unidentified woman in hat and fur collar, undated",Photograph,Portraiture and Community Memory,,,undated,,Geographies To Be Confirmed,Rights Unknown,Ambiguous metadata language: may; Unidentified subject in title; No named people on person-centered photograph; Missing donor; Condition still marked Needs Review; Status still marked Needs Review; Rights status needs normalization: Rights Unknown; No collection name assigned,"Imported from /Users/Birittany/Downloads/SRM (1)/3.png on 2026-07-27. Metadata drawn from visual review of the image on July 27, 2026."
high,SRM-2026-477,"Portrait of an unidentified infant in christening gown, undated",Photograph,Midwives and Motherhood,,,undated,,Geographies To Be Confirmed,Rights Unknown,Unidentified subject in title; No named people on person-centered photograph; Missing donor; Condition still marked Needs Review; Status still marked Needs Review; Rights status needs normalization: Rights Unknown; No collection name assigned,"Imported from /Users/Birittany/Downloads/SRM (1)/5.png on 2026-07-27. Metadata drawn from visual review of the image on July 27, 2026."
high,SRM-2026-488,"May Day 1963, Vertilla Anderson’s first grade class",Photograph,African American Education,,Vertilla F. Anderson,1963-05,,Farish Street,Rights Unknown,Ambiguous metadata language: may; Missing donor; Condition still marked Needs Review; Status still marked Needs Review; Rights status needs normalization: Rights Unknown; No collection name assigned,"Imported from /Users/Birittany/Downloads/SRM (1)/16.png on 2026-07-27. Metadata drawn from visual review of the image on July 27, 2026."
high,SRM-2026-491,"Vertilla F. Anderson portrait with floral display, May 1964",Photograph,African American Education,,Vertilla F. Anderson,1964-05,,Farish Street,Rights Unknown,Ambiguous metadata language: may; Missing donor; Condition still marked Needs Review; Status still marked Needs Review; Rights status needs normalization: Rights Unknown; No collection name assigned,"Imported from /Users/Birittany/Downloads/SRM (1)/19.png on 2026-07-27. Metadata drawn from visual review of the image on July 27, 2026."
high,SRM-2026-492,"Betty Mencuree with first graders, May 1964",Photograph,African American Education,,Betty Mencuree,1964-05,,Farish Street,Rights Unknown,Ambiguous metadata language: may; Missing donor; Condition still marked Needs Review; Status still marked Needs Review; Rights status needs normalization: Rights Unknown; No collection name assigned,"Imported from /Users/Birittany/Downloads/SRM (1)/20.png on 2026-07-27. Metadata drawn from visual review of the image on July 27, 2026."
high,SRM-2026-493,"Vertilla F. Anderson and class, May 1964",Photograph,African American Education,,Vertilla F. Anderson,1964-05,,Farish Street,Rights Unknown,Ambiguous metadata language: may; Missing donor; Condition still marked Needs Review; Status still marked Needs Review; Rights status needs normalization: Rights Unknown; No collection name assigned,"Imported from /Users/Birittany/Downloads/SRM (1)/21.png on 2026-07-27. Metadata drawn from visual review of the image on July 27, 2026."
high,SRM-2026-496,May Day 1965 maypole at Robertson School,Photograph,African American Education,,Robert Blackmon; Mrs. Blackmon,1965-05,,Farish Street,Rights Unknown,Ambiguous metadata language: may; Missing donor; Condition still marked Needs Review; Status still marked Needs Review; Rights status needs normalization: Rights Unknown; No collection name assigned,"Imported from /Users/Birittany/Downloads/SRM (1)/24.png on 2026-07-27. Metadata drawn from visual review of the image on July 27, 2026."
high,SRM-2026-499,"May Day first grade class in costume, May 1964",Photograph,African American Education,,Vertilla F. Anderson,1964-05,,Farish Street,Rights Unknown,Ambiguous metadata language: may; Missing donor; Condition still marked Needs Review; Status still marked Needs Review; Rights status needs normalization: Rights Unknown; No collection name assigned,"Imported from /Users/Birittany/Downloads/SRM (1)/27.png on 2026-07-27. Metadata drawn from visual review of the image on July 27, 2026."
high,SRM-2026-502,"At the zoo, May Day 1965, Robertson School",Photograph,African American Education,,Robert Blackmon; Mrs. Blackmon,1965-05,,Geographies To Be Confirmed,Rights Unknown,Ambiguous metadata language: may; Missing donor; Condition still marked Needs Review; Status still marked Needs Review; Rights status needs normalization: Rights Unknown; No collection name assigned,"Imported from /Users/Birittany/Downloads/SRM (1)/30.png on 2026-07-27. Metadata drawn from visual review of the image on July 27, 2026."
high,SRM-2026-509,"Hygiene class certificate for Leroy Weathersby, May 21, 1940",Archive,Black Health and Medicine,,Leroy Weathersby; Mary T. Osborne; Felix J. Underwood,1940-05-21,,Hinds County,Rights Unknown,Ambiguous metadata language: may; Missing donor; Condition still marked Needs Review; Status still marked Needs Review; Rights status needs normalization: Rights Unknown; No collection name assigned,"Imported from /Users/Birittany/Downloads/SRM (1)/37.png on 2026-07-27. Metadata drawn from visual review of the image on July 27, 2026."
high,SRM-2026-512,"Ten African American Artists at Smith Robertson opening program, May 5, 1991",Archive,Arts And Culture,,,1991-05-05,,Downtown Jackson,Rights Unknown,Ambiguous metadata language: may; Missing donor; Condition still marked Needs Review; Status still marked Needs Review; Rights status needs normalization: Rights Unknown; No collection name assigned,"Imported from /Users/Birittany/Downloads/SRM (1)/40.png on 2026-07-27. Metadata drawn from visual review of the image on July 27, 2026."
high,SRM-2026-525,"War on Hunger: A Report from the Agency for International Development, May 1976",Archive,Community and Professional Life,,,1976-05,,Geographies To Be Confirmed,Rights Unknown,Ambiguous metadata language: may; Missing donor; Condition still marked Needs Review; Status still marked Needs Review; Rights status needs normalization: Rights Unknown; No collection name assigned,"Imported from /Users/Birittany/Downloads/SRM (1)/53.png on 2026-07-27. Metadata drawn from visual review of the image on July 27, 2026."
high,SRM-2026-530,"Dedication plaque for B. Baldwin Dansby Hall, May 22, 1951",Artifact,African American Education,B. Baldwin Dansby Collection,B. Baldwin Dansby,1951-05-22,,Jackson State University Campus,"Rights reserved, contact Smith Robertson",Ambiguous metadata language: may; Missing donor; Condition still marked Needs Review; Status still marked Needs Review,"Imported from /Users/Birittany/Downloads/Dansby.zip item 2.png on 2026-07-29. Metadata drawn from visual review of the image on July 29, 2026."
high,SRM-2026-538,"Studio portrait of B. Baldwin Dansby with patterned tie, undated",Photograph,Portraiture and Community Memory,B. Baldwin Dansby Collection,B. Baldwin Dansby,undated,,"Jackson, Mississippi","Rights reserved, contact Smith Robertson",Ambiguous metadata language: may; Missing donor; Condition still marked Needs Review; Status still marked Needs Review,"Imported from /Users/Birittany/Downloads/Dansby.zip item 10.png on 2026-07-29. Metadata drawn from visual review of the image on July 29, 2026."
high,SRM-2026-543,"Full-length portrait of Dr. B. Baldwin Dansby, December 17, 1950",Photograph,Portraiture and Community Memory,B. Baldwin Dansby Collection,B. Baldwin Dansby,1950-12-17,,"Jackson, Mississippi","Rights reserved, contact Smith Robertson",Ambiguous metadata language: may; Missing donor; Condition still marked Needs Review; Status still marked Needs Review,"Imported from /Users/Birittany/Downloads/Dansby.zip item 15.png on 2026-07-29. Metadata drawn from visual review of the image on July 29, 2026."
high,SRM-2026-554,"Prentiss Normal and Industrial Institute letter requesting biographical sketch from B. B. Dansby, April 3, 1967",Archive,African American Education,B. Baldwin Dansby Collection,B. Baldwin Dansby; J. E. Johnson,1967-04-03,,"Prentiss, Mississippi","Rights reserved, contact Smith Robertson",Ambiguous metadata language: confirm; Missing donor; Condition still marked Needs Review; Status still marked Needs Review,"Imported from /Users/Birittany/Downloads/Dansby.zip item 26.png on 2026-07-29. Metadata drawn from visual review of the image on July 29, 2026."
high,SRM-2026-570,"Portrait of unidentified older woman in sequined heart sweater, undated",Photograph,Family And Local Life,Photograph Collection,unidentified woman,undated,,Geographies To Be Confirmed,"Rights reserved, contact Smith Robertson",Ambiguous metadata language: may; Unidentified subject in title; Missing donor; Condition still marked Needs Review; Status still marked Needs Review,"Imported from /Users/Birittany/Downloads/Freedom Day Celebration 1991.zip item 1.png on 2026-07-29. Metadata drawn from visual review of the image on July 29, 2026."
high,SRM-2026-575,"Portrait photograph of unidentified man in pinstripe suit, undated",Photograph,Portraiture and Community Memory,Photograph Collection,unidentified man,undated,,Geographies To Be Confirmed,"Rights reserved, contact Smith Robertson",Ambiguous metadata language: may; Unidentified subject in title; Missing donor; Condition still marked Needs Review; Status still marked Needs Review, or professional context.
high,SRM-2026-578,"Prentiss Institute honorary Doctor of Humanities degree for Mary Augusta Rayford Collins, May 21, 1967",Archive,African American Education,Biographical and Civic History Collection,Mary Augusta Rayford Collins,1967-05-21,,"Prentiss, Mississippi","Rights reserved, contact Smith Robertson",Ambiguous metadata language: may; Missing donor; Condition still marked Needs Review; Status still marked Needs Review,"Imported from /Users/Birittany/Downloads/Freedom Day Celebration 1991.zip item 9.png on 2026-07-29. Metadata drawn from visual review of the image on July 29, 2026."
high,SRM-2026-585,"Jackson City Hall building photograph, undated",Photograph,Civic Leadership,Civic Leadership Collection,,undated,,Downtown Jackson,"Rights reserved, contact Smith Robertson",No named people on person-centered photograph; Missing donor; Condition still marked Needs Review; Status still marked Needs Review,"Imported from /Users/Birittany/Downloads/Freedom Day Celebration 1991.zip item 16.png on 2026-07-29. Metadata drawn from visual review of the image on July 29, 2026."
high,SRM-2026-588,"Greyhound bus station building photograph, undated",Photograph,Community and Professional Life,Photograph Collection,,undated,,Downtown Jackson,"Rights reserved, contact Smith Robertson",No named people on person-centered photograph; Missing donor; Condition still marked Needs Review; Status still marked Needs Review,"Imported from /Users/Birittany/Downloads/Freedom Day Celebration 1991.zip item 19.png on 2026-07-29. Metadata drawn from visual review of the image on July 29, 2026."
high,SRM-2026-592,"Miles Memorial College Junior College Department diploma for Ruth C. Finch, May 25, 1925",Archive,African American Education,Dr. S. D. Redmond Collection,Ruth C. Finch,1925-05-25,,"Birmingham, Alabama","Rights reserved, contact Smith Robertson",Ambiguous metadata language: may; Missing donor; Condition still marked Needs Review; Status still marked Needs Review,"Imported from /Users/Birittany/Downloads/Dr S D Redmond/4.png on 2026-08-01. Metadata drawn from visual review of the image on August 1, 2026."
high,SRM-2026-596,"Pair of brass handbells, undated",Artifact,Material Culture and Interpretation,Dr. S. D. Redmond Collection,,undated,,Geographies To Be Confirmed,"Rights reserved, contact Smith Robertson",Ambiguous metadata language: may; Missing donor; Condition still marked Needs Review; Status still marked Needs Review,"Imported from /Users/Birittany/Downloads/Dr S D Redmond/8.png on 2026-08-01. Metadata drawn from visual review of the image on August 1, 2026."
high,SRM-2026-612,"Christian Endeavor Society certificate for Charles H. Wilson, May 14, 1921",Archive,Community and Professional Life,Dr. S. D. Redmond Collection,Charles H. Wilson,1921-05-14,,"Tuskegee, Alabama","Rights reserved, contact Smith Robertson",Ambiguous metadata language: may; Missing donor; Condition still marked Needs Review; Status still marked Needs Review,"Imported from /Users/Birittany/Downloads/Dr S D Redmond/24.png on 2026-08-01. Metadata drawn from visual review of the image on August 1, 2026."
high,SRM-2026-614,"City of Jackson proclamation for Bob Moses Day, May 4, 2000",Archive,Civil Rights and Citizenship,Dr. S. D. Redmond Collection,Bob Moses; Harvey Johnson Jr.,2000-05-04,,"Jackson, Mississippi","Rights reserved, contact Smith Robertson",Ambiguous metadata language: may; Missing donor; Condition still marked Needs Review; Status still marked Needs Review,"Imported from /Users/Birittany/Downloads/Dr S D Redmond/26.png on 2026-08-01. Metadata drawn from visual review of the image on August 1, 2026."
high,SRM-2026-615,"Tuskegee Normal and Industrial Institute trade certificate in harness-making for Charles James Henry Wilson, May 26, 1921",Archive,Black Business and Professional Life,Dr. S. D. Redmond Collection,Charles James Henry Wilson,1921-05-26,,"Tuskegee, Alabama","Rights reserved, contact Smith Robertson",Ambiguous metadata language: may; Missing donor; Condition still marked Needs Review; Status still marked Needs Review,"Imported from /Users/Birittany/Downloads/Dr S D Redmond/27.png on 2026-08-01. Metadata drawn from visual review of the image on August 1, 2026."
high,SRM-2026-617,"Double portrait of an unidentified couple, undated",Photograph,Portraiture and Community Memory,Dr. S. D. Redmond Collection,unidentified woman; unidentified man,undated,,Geographies To Be Confirmed,"Rights reserved, contact Smith Robertson",Unidentified subject in title; Missing donor; Condition still marked Needs Review; Status still marked Needs Review,"Imported from /Users/Birittany/Downloads/Dr S D Redmond/29.png on 2026-08-01. Metadata drawn from visual review of the image on August 1, 2026."
high,SRM-2026-629,"Portrait of an unidentified clergyman holding a diploma, undated",Photograph,Portraiture and Community Memory,Dr. S. D. Redmond Collection,unidentified clergyman,undated,,Geographies To Be Confirmed,"Rights reserved, contact Smith Robertson",Unidentified subject in title; Missing donor; Condition still marked Needs Review; Status still marked Needs Review,"Imported from /Users/Birittany/Downloads/Dr S D Redmond/41.png on 2026-08-01. Metadata drawn from visual review of the image on August 1, 2026."
high,SRM-2026-630,"Group portrait of unidentified men with handwritten names on verso, undated",Photograph,Community and Professional Life,Dr. S. D. Redmond Collection,Henry Denton; Lee Williams; Prof. Beasley; H. T. Sampson; unidentified men,undated,,Geographies To Be Confirmed,"Rights reserved, contact Smith Robertson",Unidentified subject in title; Missing donor; Condition still marked Needs Review; Status still marked Needs Review,"Imported from /Users/Birittany/Downloads/Dr S D Redmond/42.png on 2026-08-01. Metadata drawn from visual review of the image on August 1, 2026."
high,SRM-2026-632,"Mississippi Association of Life Underwriters sales congress group photograph, May 28, 1920",Photograph,Black Business and Professional Life,Dr. S. D. Redmond Collection,Mississippi Association of Life Underwriters,1920-05-28,,"Jackson, Mississippi","Rights reserved, contact Smith Robertson",Ambiguous metadata language: may; Missing donor; Condition still marked Needs Review; Status still marked Needs Review,"Imported from /Users/Birittany/Downloads/Dr S D Redmond/44.png on 2026-08-01. Metadata drawn from visual review of the image on August 1, 2026."
high,SRM-2026-640,"Duplicate photographic copy of physician’s birth certificate data for Carlyn Evelyn Baker, March 24, 1943",Archive,Midwives and Motherhood,Dr. S. D. Redmond Collection,Carlyn Evelyn Baker; Barbara Willis; Milton Baker,1943-03-24,,"Jackson, Mississippi","Rights reserved, contact Smith Robertson",Ambiguous metadata language: may; Missing donor; Condition still marked Needs Review; Status still marked Needs Review,"Imported from /Users/Birittany/Downloads/Dr S D Redmond/52.png on 2026-08-01. Metadata drawn from visual review of the image on August 1, 2026."
high,SRM-2026-643,"Residential building associated with the Perkins network, undated",Photograph,Community and Professional Life,John and Vera Mae Perkins Collection,,undated,,Geographies To Be Confirmed,"Rights reserved, contact Smith Robertson",Ambiguous metadata language: may; Missing donor; Condition still marked Needs Review; Status still marked Needs Review,"Imported from /Users/Birittany/Downloads/January 1971/3.png on 2026-08-01. Metadata drawn from visual review of the image and contextual research on John M. Perkins and Vera Mae Perkins on August 1, 2026."
high,SRM-2026-652,"Clasped hands detail, undated",Photograph,Family And Local Life,John and Vera Mae Perkins Collection,,undated,,Geographies To Be Confirmed,"Rights reserved, contact Smith Robertson",Ambiguous metadata language: may; Missing donor; Condition still marked Needs Review; Status still marked Needs Review,"Imported from /Users/Birittany/Downloads/January 1971/12.png on 2026-08-01. Metadata drawn from visual review of the image and contextual research on John M. Perkins and Vera Mae Perkins on August 1, 2026."
high,SRM-2026-657,"John M. Perkins with an older companion outdoors, undated",Photograph,Civic Leadership,John and Vera Mae Perkins Collection,John M. Perkins; unidentified man,undated,,Geographies To Be Confirmed,"Rights reserved, contact Smith Robertson",Ambiguous metadata language: may; Missing donor; Condition still marked Needs Review; Status still marked Needs Review,"Imported from /Users/Birittany/Downloads/January 1971/17.png on 2026-08-01. Metadata drawn from visual review of the image and contextual research on John M. Perkins and Vera Mae Perkins on August 1, 2026."
high,SRM-2026-679,"Presentation or exchange between community members, undated",Photograph,Community and Professional Life,John and Vera Mae Perkins Collection,unidentified adults,undated,,Geographies To Be Confirmed,"Rights reserved, contact Smith Robertson",Ambiguous metadata language: appears; Missing donor; Condition still marked Needs Review; Status still marked Needs Review,"Imported from /Users/Birittany/Downloads/January 1971/39.png on 2026-08-01. Metadata drawn from visual review of the image and contextual research on John M. Perkins and Vera Mae Perkins on August 1, 2026."
high,SRM-2026-699,"Woman preparing food beside a large pot, undated",Photograph,Family And Local Life,Youngs Collection,,undated,,Geographies To Be Confirmed,"Rights reserved, contact Smith Robertson",No named people on person-centered photograph; Missing donor; Condition still marked Needs Review; Status still marked Needs Review,"Imported from /Users/Birittany/Downloads/Youngs.zip (2.png) on 2026-08-01. Metadata drawn from visual review of the image on August 1, 2026."
high,SRM-2026-701,"Publicity portrait of an unidentified woman in ceremonial headpiece, undated",Photograph,Arts And Culture,Youngs Collection,,undated,,Geographies To Be Confirmed,"Rights reserved, contact Smith Robertson",Unidentified subject in title; No named people on person-centered photograph; Missing donor; Condition still marked Needs Review; Status still marked Needs Review,"Imported from /Users/Birittany/Downloads/Youngs.zip (4.png) on 2026-08-01. Metadata drawn from visual review of the image on August 1, 2026."
high,SRM-2026-703,"Portrait of an unidentified young man, undated",Photograph,Portraiture and Community Memory,Youngs Collection,,undated,,Geographies To Be Confirmed,"Rights reserved, contact Smith Robertson",Unidentified subject in title; No named people on person-centered photograph; Missing donor; Condition still marked Needs Review; Status still marked Needs Review,"Imported from /Users/Birittany/Downloads/Youngs.zip (6.png) on 2026-08-01. Metadata drawn from visual review of the image on August 1, 2026."
high,SRM-2026-704,"Faded family group portrait, undated",Photograph,Family And Local Life,Youngs Collection,,undated,,Geographies To Be Confirmed,"Rights reserved, contact Smith Robertson",No named people on person-centered photograph; Missing donor; Condition still marked Needs Review; Status still marked Needs Review,"Imported from /Users/Birittany/Downloads/Youngs.zip (7.png) on 2026-08-01. Metadata drawn from visual review of the image on August 1, 2026."
high,SRM-2026-711,"Uniformed youth group portrait with adult leader, undated",Photograph,African American Education,Youngs Collection,,undated,,Geographies To Be Confirmed,"Rights reserved, contact Smith Robertson",No named people on person-centered photograph; Missing donor; Condition still marked Needs Review; Status still marked Needs Review,"Imported from /Users/Birittany/Downloads/Youngs.zip (14.png) on 2026-08-01. Metadata drawn from visual review of the image on August 1, 2026."
high,SRM-2026-713,"Child seated on wooden house steps, undated",Photograph,Family And Local Life,Youngs Collection,,undated,,Geographies To Be Confirmed,"Rights reserved, contact Smith Robertson",No named people on person-centered photograph; Missing donor; Condition still marked Needs Review; Status still marked Needs Review,"Imported from /Users/Birittany/Downloads/Youngs.zip (16.png) on 2026-08-01. Metadata drawn from visual review of the image on August 1, 2026."
high,SRM-2026-716,"Close-up portrait of two unidentified adults outdoors, undated",Photograph,Portraiture and Community Memory,Youngs Collection,,undated,,Geographies To Be Confirmed,"Rights reserved, contact Smith Robertson",Unidentified subject in title; No named people on person-centered photograph; Missing donor; Condition still marked Needs Review; Status still marked Needs Review,"Imported from /Users/Birittany/Downloads/Youngs.zip (19.png) on 2026-08-01. Metadata drawn from visual review of the image on August 1, 2026. Legacy accession label visible in image: 90.12.1."
high,SRM-2026-717,"Formal portrait of an unidentified man, undated",Photograph,Portraiture and Community Memory,Youngs Collection,,undated,,Geographies To Be Confirmed,"Rights reserved, contact Smith Robertson",Unidentified subject in title; No named people on person-centered photograph; Missing donor; Condition still marked Needs Review; Status still marked Needs Review,"Imported from /Users/Birittany/Downloads/Youngs.zip (20.png) on 2026-08-01. Metadata drawn from visual review of the image on August 1, 2026."
high,SRM-2026-726,"Portrait of an unidentified man with glasses and bow tie, undated",Photograph,Portraiture and Community Memory,Youngs Collection,,undated,,Geographies To Be Confirmed,"Rights reserved, contact Smith Robertson",Unidentified subject in title; No named people on person-centered photograph; Missing donor; Condition still marked Needs Review; Status still marked Needs Review,"Imported from /Users/Birittany/Downloads/Youngs.zip (29.png) on 2026-08-01. Metadata drawn from visual review of the image on August 1, 2026."
high,SRM-2026-732,"Profile portrait of an unidentified woman, undated",Photograph,Portraiture and Community Memory,Youngs Collection,,undated,,Geographies To Be Confirmed,"Rights reserved, contact Smith Robertson",Unidentified subject in title; No named people on person-centered photograph; Missing donor; Condition still marked Needs Review; Status still marked Needs Review,"Imported from /Users/Birittany/Downloads/Youngs.zip (35.png) on 2026-08-01. Metadata drawn from visual review of the image on August 1, 2026."
high,SRM-2026-734,"Man standing in a field or work yard, undated",Photograph,Family And Local Life,Youngs Collection,,undated,,Geographies To Be Confirmed,"Rights reserved, contact Smith Robertson",No named people on person-centered photograph; Missing donor; Condition still marked Needs Review; Status still marked Needs Review,"Imported from /Users/Birittany/Downloads/Youngs.zip (37.png) on 2026-08-01. Metadata drawn from visual review of the image on August 1, 2026."
high,SRM-2026-738,"Man posed in a doorway or entryway, undated",Photograph,Portraiture and Community Memory,Youngs Collection,,undated,,Geographies To Be Confirmed,"Rights reserved, contact Smith Robertson",No named people on person-centered photograph; Missing donor; Condition still marked Needs Review; Status still marked Needs Review,"Imported from /Users/Birittany/Downloads/Youngs.zip (41.png) on 2026-08-01. Metadata drawn from visual review of the image on August 1, 2026."
high,SRM-2026-742,"Woman with children in a classroom or meeting space, undated",Photograph,African American Education,Youngs Collection,,undated,,Geographies To Be Confirmed,"Rights reserved, contact Smith Robertson",No named people on person-centered photograph; Missing donor; Condition still marked Needs Review; Status still marked Needs Review,"Imported from /Users/Birittany/Downloads/Youngs.zip (45.png) on 2026-08-01. Metadata drawn from visual review of the image on August 1, 2026."
high,SRM-2026-745,"Portrait of an infant or toddler, undated",Photograph,Portraiture and Community Memory,Youngs Collection,,undated,,Geographies To Be Confirmed,"Rights reserved, contact Smith Robertson",No named people on person-centered photograph; Missing donor; Condition still marked Needs Review; Status still marked Needs Review,"Imported from /Users/Birittany/Downloads/Youngs.zip (48.png) on 2026-08-01. Metadata drawn from visual review of the image on August 1, 2026."
high,SRM-2026-746,"Man carrying a serving tray, undated",Photograph,Community and Professional Life,Youngs Collection,,undated,,Geographies To Be Confirmed,"Rights reserved, contact Smith Robertson",No named people on person-centered photograph; Missing donor; Condition still marked Needs Review; Status still marked Needs Review,"Imported from /Users/Birittany/Downloads/Youngs.zip (49.png) on 2026-08-01. Metadata drawn from visual review of the image on August 1, 2026."
high,SRM-2026-752,"Children gathered outdoors, undated",Photograph,Family And Local Life,Youngs Collection,,undated,,Geographies To Be Confirmed,"Rights reserved, contact Smith Robertson",No named people on person-centered photograph; Missing donor; Condition still marked Needs Review; Status still marked Needs Review,"Imported from /Users/Birittany/Downloads/Youngs.zip (55.png) on 2026-08-01. Metadata drawn from visual review of the image on August 1, 2026."
high,SRM-2026-753,"Portrait of a boy in a striped shirt, undated",Photograph,Portraiture and Community Memory,Youngs Collection,,undated,,Geographies To Be Confirmed,"Rights reserved, contact Smith Robertson",No named people on person-centered photograph; Missing donor; Condition still marked Needs Review; Status still marked Needs Review,"Imported from /Users/Birittany/Downloads/Youngs.zip (56.png) on 2026-08-01. Metadata drawn from visual review of the image on August 1, 2026."
high,SRM-2026-755,"Woman walking outdoors in formal dress, undated",Photograph,Arts And Culture,Youngs Collection,,undated,,Geographies To Be Confirmed,"Rights reserved, contact Smith Robertson",No named people on person-centered photograph; Missing donor; Condition still marked Needs Review; Status still marked Needs Review,"Imported from /Users/Birittany/Downloads/Youngs.zip (58.png) on 2026-08-01. Metadata drawn from visual review of the image on August 1, 2026."
high,SRM-2026-756,"Art in the Park performance or procession, undated",Photograph,Arts And Culture,Youngs Collection,,undated,,Geographies To Be Confirmed,"Rights reserved, contact Smith Robertson",No named people on person-centered photograph; Missing donor; Condition still marked Needs Review; Status still marked Needs Review,"Imported from /Users/Birittany/Downloads/Youngs.zip (59.png) on 2026-08-01. Metadata drawn from visual review of the image on August 1, 2026. Additional label note: Art in the Park."
high,SRM-2026-757,"Portrait of an unidentified man seated at a desk, undated",Photograph,Portraiture and Community Memory,Youngs Collection,,undated,,Geographies To Be Confirmed,"Rights reserved, contact Smith Robertson",Unidentified subject in title; No named people on person-centered photograph; Missing donor; Condition still marked Needs Review; Status still marked Needs Review,"Imported from /Users/Birittany/Downloads/Youngs.zip (60.png) on 2026-08-01. Metadata drawn from visual review of the image on August 1, 2026."
high,SRM-2026-760,"Outdoor portrait of a couple, undated",Photograph,Family And Local Life,Youngs Collection,,undated,,Geographies To Be Confirmed,"Rights reserved, contact Smith Robertson",No named people on person-centered photograph; Missing donor; Condition still marked Needs Review; Status still marked Needs Review,"Imported from /Users/Birittany/Downloads/Youngs.zip (63.png) on 2026-08-01. Metadata drawn from visual review of the image on August 1, 2026."
high,SRM-2026-762,"Formal portrait of an unidentified elderly man with a book, undated",Photograph,Portraiture and Community Memory,Youngs Collection,,undated,,Geographies To Be Confirmed,"Rights reserved, contact Smith Robertson",Unidentified subject in title; No named people on person-centered photograph; Missing donor; Condition still marked Needs Review; Status still marked Needs Review,"Imported from /Users/Birittany/Downloads/Youngs.zip (65.png) on 2026-08-01. Metadata drawn from visual review of the image on August 1, 2026."
high,SRM-2026-763,"Color snapshot of an unidentified older man at an event, undated",Photograph,Family And Local Life,Youngs Collection,,undated,,Geographies To Be Confirmed,"Rights reserved, contact Smith Robertson",Unidentified subject in title; No named people on person-centered photograph; Missing donor; Condition still marked Needs Review; Status still marked Needs Review,"Imported from /Users/Birittany/Downloads/Youngs.zip (66.png) on 2026-08-01. Metadata drawn from visual review of the image on August 1, 2026."
high,SRM-2026-764,"Portrait of an unidentified man before a broken window, undated",Photograph,Portraiture and Community Memory,Youngs Collection,,undated,,Geographies To Be Confirmed,"Rights reserved, contact Smith Robertson",Unidentified subject in title; No named people on person-centered photograph; Missing donor; Condition still marked Needs Review; Status still marked Needs Review,"Imported from /Users/Birittany/Downloads/Youngs.zip (67.png) on 2026-08-01. Metadata drawn from visual review of the image on August 1, 2026. Additional label note: Photo credit Kirksey."
high,SRM-2026-766,"Large outdoor group photograph, undated",Photograph,Community and Professional Life,Youngs Collection,,undated,,Geographies To Be Confirmed,"Rights reserved, contact Smith Robertson",No named people on person-centered photograph; Missing donor; Condition still marked Needs Review; Status still marked Needs Review,"Imported from /Users/Birittany/Downloads/Youngs.zip (69.png) on 2026-08-01. Metadata drawn from visual review of the image on August 1, 2026."
high,SRM-2026-767,"Majorette or dance-line performance, undated",Photograph,Arts And Culture,Youngs Collection,,undated,,Geographies To Be Confirmed,"Rights reserved, contact Smith Robertson",No named people on person-centered photograph; Missing donor; Condition still marked Needs Review; Status still marked Needs Review,"Imported from /Users/Birittany/Downloads/Youngs.zip (70.png) on 2026-08-01. Metadata drawn from visual review of the image on August 1, 2026."
high,SRM-2026-777,"Exhibit installation or workroom scene with portrait display, undated",Photograph,Arts And Culture,,,undated,,,"Rights reserved, contact Smith Robertson",No named people on person-centered photograph; Missing donor; Missing neighborhood/geography detail; Condition still marked Needs Review; Status still marked Needs Review; No collection name assigned,"Imported from /Users/Birittany/Downloads/Lawrence A Jones, Margaret Burroughs, Karl Griffin/3.png on 2026-08-05."
high,SRM-2026-780,"Large outdoor youth group portrait, possibly associated with Mrs. Minnie Jarvis's Girl Scouts, undated",Photograph,African American Education,,,undated,,,"Rights reserved, contact Smith Robertson",Ambiguous metadata language: appears; Ambiguous metadata language: may; Ambiguous metadata language: possibly; No named people on person-centered photograph; Missing donor; Missing neighborhood/geography detail; Condition still marked Needs Review; Status still marked Needs Review; No collection name assigned,"Imported from /Users/Birittany/Downloads/Lawrence A Jones, Margaret Burroughs, Karl Griffin/6.png on 2026-08-05. Handwritten note appears to read: ""I am thinking that these are Mrs. Minnie Jarvis' girl scouts."""
high,SRM-2026-781,"Studio portrait of an unidentified man in suit, undated",Photograph,Portraiture and Community Memory,,,undated,,,"Rights reserved, contact Smith Robertson",Unidentified subject in title; No named people on person-centered photograph; Missing donor; Missing neighborhood/geography detail; Condition still marked Needs Review; Status still marked Needs Review; No collection name assigned,"Imported from /Users/Birittany/Downloads/Lawrence A Jones, Margaret Burroughs, Karl Griffin/7.png on 2026-08-05."
high,SRM-2026-783,"Studio portrait of an unidentified young man, undated",Photograph,Portraiture and Community Memory,,,undated,,,"Rights reserved, contact Smith Robertson",Unidentified subject in title; No named people on person-centered photograph; Missing donor; Missing neighborhood/geography detail; Condition still marked Needs Review; Status still marked Needs Review; No collection name assigned,"Imported from /Users/Birittany/Downloads/Lawrence A Jones, Margaret Burroughs, Karl Griffin/9.png on 2026-08-05."
high,SRM-2026-785,"Sepia portrait of an unidentified man, undated",Photograph,Portraiture and Community Memory,,,undated,,,"Rights reserved, contact Smith Robertson",Unidentified subject in title; No named people on person-centered photograph; Missing donor; Missing neighborhood/geography detail; Condition still marked Needs Review; Status still marked Needs Review; No collection name assigned,"Imported from /Users/Birittany/Downloads/Lawrence A Jones, Margaret Burroughs, Karl Griffin/11.png on 2026-08-05."
high,SRM-2026-786,"Color snapshot of an unidentified man standing outdoors, undated",Photograph,Portraiture and Community Memory,,,undated,,,"Rights reserved, contact Smith Robertson",Unidentified subject in title; No named people on person-centered photograph; Missing donor; Missing neighborhood/geography detail; Condition still marked Needs Review; Status still marked Needs Review; No collection name assigned,"Imported from /Users/Birittany/Downloads/Lawrence A Jones, Margaret Burroughs, Karl Griffin/12.png on 2026-08-05."
high,SRM-2026-787,"Child seated outdoors on a bench, undated",Photograph,Family And Local Life,,,undated,,,"Rights reserved, contact Smith Robertson",No named people on person-centered photograph; Missing donor; Missing neighborhood/geography detail; Condition still marked Needs Review; Status still marked Needs Review; No collection name assigned,"Imported from /Users/Birittany/Downloads/Lawrence A Jones, Margaret Burroughs, Karl Griffin/13.png on 2026-08-05."
high,SRM-2026-790,"Woman seated at a piano or organ, undated",Photograph,Arts And Culture,,,undated,,,"Rights reserved, contact Smith Robertson",No named people on person-centered photograph; Missing donor; Missing neighborhood/geography detail; Condition still marked Needs Review; Status still marked Needs Review; No collection name assigned,"Imported from /Users/Birittany/Downloads/Lawrence A Jones, Margaret Burroughs, Karl Griffin/18.png on 2026-08-05."
high,SRM-2026-796,"Classroom scene labeled ""Black e Proud School,"" undated",Photograph,African American Education,,,undated,,,"Rights reserved, contact Smith Robertson",Ambiguous metadata language: appears; Missing donor; Missing neighborhood/geography detail; Condition still marked Needs Review; Status still marked Needs Review; No collection name assigned,"Imported from /Users/Birittany/Downloads/Lawrence A Jones, Margaret Burroughs, Karl Griffin/24.png on 2026-08-05. Handwritten note at the lower edge appears to read ""Black e Proud School."""
high,SRM-2026-809,"Infant seated in a walker beside a small table, undated",Photograph,Family And Local Life,,,undated,,,"Rights reserved, contact Smith Robertson",No named people on person-centered photograph; Missing donor; Missing neighborhood/geography detail; Condition still marked Needs Review; Status still marked Needs Review; No collection name assigned,"Imported from /Users/Birittany/Downloads/Lawrence A Jones, Margaret Burroughs, Karl Griffin/49.png on 2026-08-05."
high,SRM-2026-810,"Studio portrait of an unidentified service member, undated",Photograph,Portraiture and Community Memory,WWII Soldiers Collection,,undated,,,"Rights reserved, contact Smith Robertson",Unidentified subject in title; No named people on person-centered photograph; Missing donor; Missing neighborhood/geography detail; Condition still marked Needs Review; Status still marked Needs Review,"Imported from /Users/Birittany/Downloads/Lawrence A Jones, Margaret Burroughs, Karl Griffin/50.png on 2026-08-05."
high,SRM-2026-811,"Studio portrait of an unidentified soldier in uniform, undated",Photograph,Portraiture and Community Memory,WWII Soldiers Collection,,undated,,,"Rights reserved, contact Smith Robertson",Unidentified subject in title; No named people on person-centered photograph; Missing donor; Missing neighborhood/geography detail; Condition still marked Needs Review; Status still marked Needs Review,"Imported from /Users/Birittany/Downloads/Lawrence A Jones, Margaret Burroughs, Karl Griffin/51.png on 2026-08-05."
high,SRM-2026-812,"Outdoor portrait of an unidentified man, undated",Photograph,Portraiture and Community Memory,,,undated,,,"Rights reserved, contact Smith Robertson",Unidentified subject in title; No named people on person-centered photograph; Missing donor; Missing neighborhood/geography detail; Condition still marked Needs Review; Status still marked Needs Review; No collection name assigned,"Imported from /Users/Birittany/Downloads/Lawrence A Jones, Margaret Burroughs, Karl Griffin/52.png on 2026-08-05."
high,SRM-2026-813,"Studio portrait of an unidentified serviceman, undated",Photograph,Portraiture and Community Memory,WWII Soldiers Collection,,undated,,,"Rights reserved, contact Smith Robertson",Unidentified subject in title; No named people on person-centered photograph; Missing donor; Missing neighborhood/geography detail; Condition still marked Needs Review; Status still marked Needs Review,"Imported from /Users/Birittany/Downloads/Lawrence A Jones, Margaret Burroughs, Karl Griffin/53.png on 2026-08-05."
high,SRM-2026-814,"Studio portrait of an unidentified Air Force serviceman, undated",Photograph,Portraiture and Community Memory,WWII Soldiers Collection,,undated,,,"Rights reserved, contact Smith Robertson",Unidentified subject in title; No named people on person-centered photograph; Missing donor; Missing neighborhood/geography detail; Condition still marked Needs Review; Status still marked Needs Review,"Imported from /Users/Birittany/Downloads/Lawrence A Jones, Margaret Burroughs, Karl Griffin/54.png on 2026-08-05."
high,SRM-2026-815,"Full-length portrait of an unidentified serviceman outdoors, undated",Photograph,Portraiture and Community Memory,WWII Soldiers Collection,,undated,,,"Rights reserved, contact Smith Robertson",Unidentified subject in title; No named people on person-centered photograph; Missing donor; Missing neighborhood/geography detail; Condition still marked Needs Review; Status still marked Needs Review,"Imported from /Users/Birittany/Downloads/Lawrence A Jones, Margaret Burroughs, Karl Griffin/56.png on 2026-08-05."
high,SRM-2026-816,"Indoor portrait of an unidentified couple, undated",Photograph,Family And Local Life,,,undated,,,"Rights reserved, contact Smith Robertson",Unidentified subject in title; No named people on person-centered photograph; Missing donor; Missing neighborhood/geography detail; Condition still marked Needs Review; Status still marked Needs Review; No collection name assigned,"Imported from /Users/Birittany/Downloads/Lawrence A Jones, Margaret Burroughs, Karl Griffin/57.png on 2026-08-05."
high,SRM-2026-817,"Studio portrait of an unidentified smiling serviceman, undated",Photograph,Portraiture and Community Memory,WWII Soldiers Collection,,undated,,,"Rights reserved, contact Smith Robertson",Unidentified subject in title; No named people on person-centered photograph; Missing donor; Missing neighborhood/geography detail; Condition still marked Needs Review; Status still marked Needs Review,"Imported from /Users/Birittany/Downloads/Lawrence A Jones, Margaret Burroughs, Karl Griffin/59.png on 2026-08-05."
high,SRM-2026-818,"Portrait of an unidentified man in suit and tie, undated",Photograph,Portraiture and Community Memory,,,undated,,,"Rights reserved, contact Smith Robertson",Unidentified subject in title; No named people on person-centered photograph; Missing donor; Missing neighborhood/geography detail; Condition still marked Needs Review; Status still marked Needs Review; No collection name assigned,"Imported from /Users/Birittany/Downloads/Lawrence A Jones, Margaret Burroughs, Karl Griffin/60.png on 2026-08-05."
high,SRM-2026-819,"Family group portrait, undated",Photograph,Family And Local Life,,,undated,,,"Rights reserved, contact Smith Robertson",No named people on person-centered photograph; Missing donor; Missing neighborhood/geography detail; Condition still marked Needs Review; Status still marked Needs Review; No collection name assigned,"Imported from /Users/Birittany/Downloads/Lawrence A Jones, Margaret Burroughs, Karl Griffin/61.png on 2026-08-05."
high,SRM-2026-820,"Wedding portrait with cake, undated",Photograph,Family And Local Life,,,undated,,,"Rights reserved, contact Smith Robertson",No named people on person-centered photograph; Missing donor; Missing neighborhood/geography detail; Condition still marked Needs Review; Status still marked Needs Review; No collection name assigned,"Imported from /Users/Birittany/Downloads/Lawrence A Jones, Margaret Burroughs, Karl Griffin/62.png on 2026-08-05."
high,SRM-2026-821,"Indoor family group portrait, undated",Photograph,Family And Local Life,,,undated,,,"Rights reserved, contact Smith Robertson",No named people on person-centered photograph; Missing donor; Missing neighborhood/geography detail; Condition still marked Needs Review; Status still marked Needs Review; No collection name assigned,"Imported from /Users/Birittany/Downloads/Lawrence A Jones, Margaret Burroughs, Karl Griffin/63.png on 2026-08-05."
high,SRM-2026-823,"Portrait of an unidentified decorated U.S. serviceman, undated",Photograph,Portraiture and Community Memory,WWII Soldiers Collection,,undated,,,"Rights reserved, contact Smith Robertson",Unidentified subject in title; No named people on person-centered photograph; Missing donor; Missing neighborhood/geography detail; Condition still marked Needs Review; Status still marked Needs Review,"Imported from /Users/Birittany/Downloads/Lawrence A Jones, Margaret Burroughs, Karl Griffin/66.png on 2026-08-05."
high,SRM-2026-824,"Portrait of an unidentified U.S. serviceman in dress uniform, undated",Photograph,Portraiture and Community Memory,WWII Soldiers Collection,,undated,,,"Rights reserved, contact Smith Robertson",Unidentified subject in title; No named people on person-centered photograph; Missing donor; Missing neighborhood/geography detail; Condition still marked Needs Review; Status still marked Needs Review,"Imported from /Users/Birittany/Downloads/Lawrence A Jones, Margaret Burroughs, Karl Griffin/67.png on 2026-08-05."
high,SRM-2026-829,"Portrait of an unidentified woman, undated",Photograph,Portraiture and Community Memory,,,undated,,,"Rights reserved, contact Smith Robertson",Unidentified subject in title; No named people on person-centered photograph; Missing donor; Missing neighborhood/geography detail; Condition still marked Needs Review; Status still marked Needs Review; No collection name assigned,"Imported from /Users/Birittany/Downloads/Lawrence A Jones, Margaret Burroughs, Karl Griffin/73.png on 2026-08-05. Legacy accession label visible in image: 87.19.13."
high,SRM-2026-830,"Profile portrait of an unidentified woman, undated",Photograph,Portraiture and Community Memory,,,undated,Atty. William Miller III,,"Rights reserved, contact Smith Robertson",Unidentified subject in title; No named people on person-centered photograph; Missing neighborhood/geography detail; Condition still marked Needs Review; Status still marked Needs Review; No collection name assigned,"Imported from /Users/Birittany/Downloads/Lawrence A Jones, Margaret Burroughs, Karl Griffin/74.png on 2026-08-05. Legacy accession label visible in image: 86.22.1. Donor context supplied on August 6, 2026."
high,SRM-2026-831,"Woman seated on a bench with child, undated",Photograph,Family And Local Life,,,undated,Atty. William Miller III,,"Rights reserved, contact Smith Robertson",No named people on person-centered photograph; Missing neighborhood/geography detail; Condition still marked Needs Review; Status still marked Needs Review; No collection name assigned,"Imported from /Users/Birittany/Downloads/Lawrence A Jones, Margaret Burroughs, Karl Griffin/75.png on 2026-08-05. Legacy accession label visible in image: 86.22.6. Donor context supplied on August 6, 2026."
high,SRM-2026-832,"Studio portrait of an unidentified infant, undated",Photograph,Family And Local Life,,,undated,Atty. William Miller III,,"Rights reserved, contact Smith Robertson",Unidentified subject in title; No named people on person-centered photograph; Missing neighborhood/geography detail; Condition still marked Needs Review; Status still marked Needs Review; No collection name assigned,"Imported from /Users/Birittany/Downloads/Lawrence A Jones, Margaret Burroughs, Karl Griffin/77.png on 2026-08-05. Legacy accession label visible in image: 86.22.8. Donor context supplied on August 6, 2026."
high,SRM-2026-833,"Portrait of an unidentified woman in striped dress, undated",Photograph,Portraiture and Community Memory,,,undated,,,"Rights reserved, contact Smith Robertson",Unidentified subject in title; No named people on person-centered photograph; Missing donor; Missing neighborhood/geography detail; Condition still marked Needs Review; Status still marked Needs Review; No collection name assigned,"Imported from /Users/Birittany/Downloads/Lawrence A Jones, Margaret Burroughs, Karl Griffin/78.png on 2026-08-05."
high,SRM-2026-834,"Candid photograph of a woman in a polka-dot dress, undated",Photograph,Family And Local Life,,,undated,,,"Rights reserved, contact Smith Robertson",No named people on person-centered photograph; Missing donor; Missing neighborhood/geography detail; Condition still marked Needs Review; Status still marked Needs Review; No collection name assigned,"Imported from /Users/Birittany/Downloads/Lawrence A Jones, Margaret Burroughs, Karl Griffin/79.png on 2026-08-05. Legacy accession label visible in image: 90.12.49."
high,SRM-2026-835,"JSU graduation ceremony, May 8, 1977",Photograph,African American Education,,Luther; John A. Peoples Jr.,1977-05-08,,,"Rights reserved, contact Smith Robertson",Ambiguous metadata language: may; Missing donor; Missing neighborhood/geography detail; Condition still marked Needs Review; Status still marked Needs Review; No collection name assigned,"Imported from /Users/Birittany/Downloads/Lawrence A Jones, Margaret Burroughs, Karl Griffin/80.png on 2026-08-05. Handwritten note reads: ""JSU Graduation May 8, 1977. Luther receiving Golden diploma from Dr. John A. Peoples, Jr., Pres."""
high,SRM-2026-836,"Graduation portrait of an unidentified woman, Jackson College class of 1937",Photograph,African American Education,,,1937,,,"Rights reserved, contact Smith Robertson",Unidentified subject in title; No named people on person-centered photograph; Missing donor; Missing neighborhood/geography detail; Condition still marked Needs Review; Status still marked Needs Review; No collection name assigned,"Imported from /Users/Birittany/Downloads/Lawrence A Jones, Margaret Burroughs, Karl Griffin/84.png on 2026-08-05. Beadle Studio imprint reads Jackson, Mississippi. Handwritten inscription includes ""Jackson College"" and ""Class of 1937."""
high,SRM-2026-837,"Woman drawing water from a hand pump, undated",Photograph,Family And Local Life,,,undated,,,"Rights reserved, contact Smith Robertson",No named people on person-centered photograph; Missing donor; Missing neighborhood/geography detail; Condition still marked Needs Review; Status still marked Needs Review; No collection name assigned,"Imported from /Users/Birittany/Downloads/Lawrence A Jones, Margaret Burroughs, Karl Griffin/85.png on 2026-08-05. Legacy accession label visible in image: 90.12.31."
high,SRM-2026-839,"Man drawing water from a hand pump, undated",Photograph,Family And Local Life,,,undated,,,"Rights reserved, contact Smith Robertson",No named people on person-centered photograph; Missing donor; Missing neighborhood/geography detail; Condition still marked Needs Review; Status still marked Needs Review; No collection name assigned,"Imported from /Users/Birittany/Downloads/Lawrence A Jones, Margaret Burroughs, Karl Griffin/87.png on 2026-08-05."
high,SRM-2026-840,"Sepia full-length portrait of an unidentified woman outdoors, undated",Photograph,Portraiture and Community Memory,,,undated,,,"Rights reserved, contact Smith Robertson",Unidentified subject in title; No named people on person-centered photograph; Missing donor; Missing neighborhood/geography detail; Condition still marked Needs Review; Status still marked Needs Review; No collection name assigned,"Imported from /Users/Birittany/Downloads/Lawrence A Jones, Margaret Burroughs, Karl Griffin/153.png on 2026-08-05."
high,SRM-P-2026-004,Photo Prof. Luther Marshall,Photograph,African American Education,Smith Robertson,,,,Smith Robertson Campus,Educational Use Approved,No named people on person-centered photograph; Missing object date; Missing donor and provenance,
high,SRM-R--2008-002,Jackson Advocate 2008,Artifact,Arts And Culture,Jackson Advocate,,2008,jackson advocate,,Public Domain,Ambiguous metadata language: may; Missing provenance; Missing neighborhood/geography detail,
medium,SRM-2026-031,Portrait photograph of Smith Robertson,Photograph,Portraiture and Community Memory,Photograph Collection,Smith Robertson,,,,Museum Use Only,Missing object date; Missing donor and provenance; Missing neighborhood/geography detail; Condition still marked Needs Review; Status still marked Needs Review; Rights status needs normalization: Museum Use Only,"Identification updated from image review. Check verso, matting, or related files for date and provenance details."
medium,SRM-2026-046,Memphis Brewers Company Lewis Banquet for the Mississippi Negro Country Agents,Photograph,Community and Professional Life,Photograph Collection,,1939-11-28 00:00:00,,,Museum Use Only,Missing donor and provenance; Missing neighborhood/geography detail; Condition still marked Needs Review; Status still marked Needs Review; Rights status needs normalization: Museum Use Only,Caption should be verified in person for spelling of place name and company wording.
medium,SRM-2026-051,Poor People's Campaign 1968 Southern Caravan to Washington broadside,Archive,Civil Rights and Citizenship,Civil Rights Collection,Martin Luther King Jr.; Ralph David Abernathy,1968,,,Museum Use Only,Missing donor and provenance; Missing neighborhood/geography detail; Condition still marked Needs Review; Status still marked Needs Review; Rights status needs normalization: Museum Use Only,Distinct item from the separate SCLC invitation flyer also photographed in this batch.
medium,SRM-2026-052,SCLC flyer inviting participation in the Poor People's Campaign,Archive,Civil Rights and Citizenship,Civil Rights Collection,Martin Luther King Jr.,1968,,,Museum Use Only,Missing donor and provenance; Missing neighborhood/geography detail; Condition still marked Needs Review; Status still marked Needs Review; Rights status needs normalization: Museum Use Only,This is a separate printed item from the Southern Caravan broadside.
medium,SRM-2026-055,"The Link holdings (1996-1997, 2005-2006, 2008)",Newspaper / Periodical,Civic Leadership,Newspapers And Periodicals,,Jan. 1996-Sep. 1997; Jan. 2005-March 2006; Oct. 2008,,"Jackson, Mississippi",Rights Unknown,Missing donor and provenance; Rights status needs normalization: Rights Unknown,Source image: 1.png. Label transcription: THE LINK / Jan. 1996-Sept. 1997 / Jan. 2005-March 2006 / Oct. 2008.
medium,SRM-2026-056,The Jackson Advocate holdings (March-December 2006),Newspaper / Periodical,Civic Leadership,Newspapers And Periodicals,,March 2006-December 2006,,"Jackson, Mississippi",Rights Unknown,Missing donor and provenance; Rights status needs normalization: Rights Unknown,Source image: 2.png. Label transcription: THE JACKSON ADVOCATE / March 2006-Dec 2006.
medium,SRM-2026-057,The Jackson Advocate holdings (January-December 2007),Newspaper / Periodical,Civic Leadership,Newspapers And Periodicals,,Jan.-Dec. 2007,,"Jackson, Mississippi",Rights Unknown,Missing donor and provenance; Rights status needs normalization: Rights Unknown,Source image: 3.png. Label transcription: THE JACKSON ADVOCATE / Jan-Dec. 2007.
medium,SRM-2026-058,The Jackson Advocate holdings (January-December 2010),Newspaper / Periodical,Civic Leadership,Newspapers And Periodicals,,Jan.-Dec. 2010,,"Jackson, Mississippi",Rights Unknown,Missing donor and provenance; Rights status needs normalization: Rights Unknown,Source image: 4.png. Label transcription: THE JACKSON ADVOCATE / Jan-Dec. 2010.
medium,SRM-2026-059,The Jackson Advocate holdings (January-December 2009),Newspaper / Periodical,Civic Leadership,Newspapers And Periodicals,,Jan.-Dec. 2009,,"Jackson, Mississippi",Rights Unknown,Missing donor and provenance; Rights status needs normalization: Rights Unknown,Source image: 5.png. Label transcription: THE JACKSON ADVOCATE / Jan-Dec. 2009.
medium,SRM-2026-060,The Jackson Advocate holdings (August-October 2011),Newspaper / Periodical,Civic Leadership,Newspapers And Periodicals,,August 2011-October 2011,,"Jackson, Mississippi",Rights Unknown,Missing donor and provenance; Rights status needs normalization: Rights Unknown,Source image: 6.png. Label transcription: Jackson Advocate / August 2011 thru October 2011 / Add to 2011's.
medium,SRM-2026-062,Jackson Free Press holdings (2010 and September 2011 selections),Newspaper / Periodical,Civic Leadership,Newspapers And Periodicals,,"Jan.-Sept. 2010; Aug. 31-Sept. 20, 2011",,"Jackson, Mississippi",Rights Unknown,Missing donor and provenance; Rights status needs normalization: Rights Unknown,Source image: 8.png. Label transcription: Jackson Free Press / Jan-Sept 2010 / Aug 31-Sept 6 2011 / Sept 7-13 2011 / Sept 14-20 2011.
medium,SRM-2026-063,Jackson Free Press holdings (January-December 2009),Newspaper / Periodical,Civic Leadership,Newspapers And Periodicals,,Jan.-Dec. 2009,,"Jackson, Mississippi",Rights Unknown,Missing donor and provenance; Rights status needs normalization: Rights Unknown,Source image: 9.png. Label transcription: Jackson Free Press / Jan-Dec 2009.
medium,SRM-2026-064,Jackson Free Press holdings (January-December 2013),Newspaper / Periodical,Civic Leadership,Newspapers And Periodicals,,Jan. 2013-Dec. 2013,,"Jackson, Mississippi",Rights Unknown,Missing donor and provenance; Rights status needs normalization: Rights Unknown,Source image: 10.png. Label transcription: Jackson Free Press / Jan 2013 / December 2013.
medium,SRM-2026-065,"The Jackson Advocate holdings (January-December 2012, incomplete)",Newspaper / Periodical,Civic Leadership,Newspapers And Periodicals,,Jan.-Dec. 2012,,"Jackson, Mississippi",Rights Unknown,Missing donor and provenance; Rights status needs normalization: Rights Unknown,"Source image: 11.png. Label transcription: THE JACKSON ADVOCATE / Jan-Dec 2012 / Missing issues June, July, August."
medium,SRM-2026-066,"The Jackson Advocate holdings (January-December 2011, incomplete)",Newspaper / Periodical,Civic Leadership,Newspapers And Periodicals,,Jan.-Dec. 2011,,"Jackson, Mississippi",Rights Unknown,Missing donor and provenance; Rights status needs normalization: Rights Unknown,Source image: 12.png. Label transcription: THE JACKSON ADVOCATE / Jan.-Dec. 2011 / Sept. issue missing.
medium,SRM-2026-067,The Jackson Advocate holdings (January-December 2008),Newspaper / Periodical,Civic Leadership,Newspapers And Periodicals,,Jan.-Dec. 2008,,"Jackson, Mississippi",Rights Unknown,Missing donor and provenance; Rights status needs normalization: Rights Unknown,Source image: 13.png. Label transcription: THE JACKSON ADVOCATE / Jan-Dec. 2008.
medium,SRM-2026-070,"Jackson Free Press holdings (January 4-October 18, 2006)",Newspaper / Periodical,Civic Leadership,Newspapers And Periodicals,,"Jan. 4, 2006-Oct. 18, 2006",,"Jackson, Mississippi",Rights Unknown,Missing donor and provenance; Rights status needs normalization: Rights Unknown,"Source image: 16.png. Label transcription: Jackson Free Press / Jan 4, 2006 thru October 18, 2006."
medium,SRM-2026-072,"Jackson Free Press holdings (2003, 2005, 2007 selections)",Newspaper / Periodical,Civic Leadership,Newspapers And Periodicals,,"2003, 2005, and 2007 selections",,"Jackson, Mississippi",Rights Unknown,Missing donor and provenance; Rights status needs normalization: Rights Unknown,"Source image: 18.png. Label transcription: Jackson Free Press / Nov 27-Dec 10, 2003 / Sept 29-Oct 5, 2005 / Feb 1-7, 2007 / June 2007 / Sept 20-26, 2007 / Sept 27-10/3, 2007 / Nov 1-7, 2007."
medium,SRM-2026-073,Jackson Free Press holdings (January-December 2014),Newspaper / Periodical,Civic Leadership,Newspapers And Periodicals,,Jan.-Dec. 2014,,"Jackson, Mississippi",Rights Unknown,Missing donor and provenance; Rights status needs normalization: Rights Unknown,Source image: 19.png. Label transcription: Jackson Free Press / Jan-December 2014.
medium,SRM-2026-074,"Mixed periodicals folder (Jackson Free Press, Miss Link, Close Up)",Newspaper / Periodical,Community and Professional Life,Newspapers And Periodicals,,1969-2005 selections,,"Jackson, Mississippi",Rights Unknown,Missing donor and provenance; Rights status needs normalization: Rights Unknown,"Source image: 20.png. Label transcription: Jackson Free Press / Sept 22, 2000 / Nov 7, 2002 / June 12-25, 2005 / Feb 24-March 16, 2005 / June 23-29, 2005 / Sept 29-Oct 5, 2005 / Nov 3-Nov 23, 2005 / Dec 1-7, 2005 / Dec 22-28, 2005 / Dec 15-21, 2005 / Miss Link / Jan 25-31, 1996 / Aug 21-27, 1997 / Close Up - Jan. 1969."
medium,SRM-2026-075,Carved wooden slotted geometric panel,Artifact,Material Culture and Interpretation,SRM Collection,,,,Geographies To Be Confirmed,Rights Unknown,Missing object date; Missing donor and provenance; Rights status needs normalization: Rights Unknown,Title refined during 2026-07-18 visual metadata pass; exact cultural origin and use still need confirmation from museum documentation.
medium,SRM-2026-077,Smith Robertson class portrait with young children posed outdoors,Photograph,African American Education,SRM Collection,unidentified students,,,Smith Robertson Campus,Rights Unknown,Missing object date; Missing donor and provenance; Rights status needs normalization: Rights Unknown,Visual review suggests a Smith Robertson class group; individual students and exact date remain unidentified.
medium,SRM-2026-079,Piney Woods pennant ('21),Artifact,African American Education,School History Collection,,21,,Mississippi,Rights Unknown,Missing donor and provenance; Rights status needs normalization: Rights Unknown,Source image: Untitled design (38)/5.png. Exact institution/date meaning should be confirmed.
medium,SRM-2026-081,Mounted Smith Robertson commencement program and tuition receipt,Archive,African American Education,School History Collection,,"June 8, 1909; school month beginning Jan. 1, 1889",,Smith Robertson Campus,Rights Unknown,Missing donor and provenance; Rights status needs normalization: Rights Unknown,Source image: Untitled design (37)/2.png. Tuition receipt handwriting is partially illegible and should be transcribed from the original object.
medium,SRM-2026-083,Rules and Regulations for the Certification of the Administrative and Instructional Personnel (inscribed copy),Archive,African American Education,School History Collection,Betty Mae York; Bilbo Young,1958 revision,,Mississippi,Rights Unknown,Missing donor and provenance; Rights status needs normalization: Rights Unknown,Source image: Untitled design (37)/4.png.
medium,SRM-2026-088,Recitation Time,Archive,African American Education,Museum Library,,,,Geographies To Be Confirmed,Rights Unknown,Missing object date; Missing donor and provenance; Rights status needs normalization: Rights Unknown,Source image: Untitled design (37)/9.png.
medium,SRM-2026-089,School Laws of the State of Mississippi,Archive,African American Education,Museum Library,J. S. Vandiver,"Code of 1930, as amended to 1938",,Mississippi,Rights Unknown,Missing donor and provenance; Rights status needs normalization: Rights Unknown,Source image: Untitled design (37)/10.png.
medium,SRM-2026-090,Fortieth Annual Convention of the Fifth Educational District of Mississippi Teachers Association,Archive,African American Education,Museum Library,,"January 24-25, 1964",,"Meridian, Mississippi",Rights Unknown,Missing donor and provenance; Rights status needs normalization: Rights Unknown,Source image: Untitled design (37)/11.png.
medium,SRM-2026-093,Souvenir Program of Miss Tan America Morton Pageant,Archive,Arts And Culture,Programs And Ephemera,,1965-03-12 00:00:00,,"Jackson, Mississippi",Rights Unknown,Missing donor and provenance; Rights status needs normalization: Rights Unknown,Source image: Untitled design (37)/14.png.
medium,SRM-2026-094,The Southern Register (Fall 1985),Archive,Arts And Culture,Museum Library,Richard Wright,Fall 1985,,Mississippi,Rights Unknown,Missing donor and provenance; Rights status needs normalization: Rights Unknown,Source image: Untitled design (37)/15.png.
medium,SRM-2026-095,From Nancy Cabot's Scrapbook quilt clipping,Archive,Arts And Culture,Programs And Ephemera,Nancy Cabot,,,United States,Rights Unknown,Missing object date; Missing donor and provenance; Rights status needs normalization: Rights Unknown,Source image: Untitled design (37)/16.png.
medium,SRM-2026-099,A Neighborhood Discovery exhibition brochure,Archive,Civic Leadership,Programs And Ephemera,,"April 10-May 13, 1983",,Farish Street,Rights Unknown,Missing donor and provenance; Rights status needs normalization: Rights Unknown,Source image: Untitled design (37)/20.png.
medium,SRM-2026-100,Black Fashion Museum exhibition brochure,Archive,Arts And Culture,Programs And Ephemera,,1985-04-08 00:00:00,,New York City,Rights Unknown,Missing donor and provenance; Rights status needs normalization: Rights Unknown,Source image: Untitled design (37)/21.png.
medium,SRM-2026-101,Farish Street Historic District brochure,Archive,Arts And Culture,Programs And Ephemera,,,,Farish Street,Rights Unknown,Missing object date; Missing donor and provenance; Rights status needs normalization: Rights Unknown,Source image: Untitled design (37)/22.png.
medium,SRM-2026-104,SRA Reading Laboratory IIc student record book,Archive,African American Education,School History Collection,,,,Smith Robertson Campus,Rights Unknown,Missing object date; Missing donor and provenance; Rights status needs normalization: Rights Unknown,Source image: Untitled design (37)/25.png. Student name on the cover should be confirmed directly from the original.
medium,SRM-2026-105,"Jackson Public Schools admission application assigned to Robertson School, September 4, 1957",Archive,African American Education,SRM Collection,Eleanor Curtis Citis?,1957,,Smith Robertson Campus,Rights Unknown,Missing donor and provenance; Rights status needs normalization: Rights Unknown,Student name remains difficult to read with confidence after visual review; revisit from original document if a precise transcription is needed.
medium,SRM-2026-106,Jackson Public Schools admission application for Betti Ann Larry,Archive,African American Education,SRM Collection,Betti Ann Larry,1957,,Smith Robertson Campus,Rights Unknown,Missing donor and provenance; Rights status needs normalization: Rights Unknown,Name reading strengthened during 2026-07-18 visual review.
medium,SRM-2026-107,Jackson Public Schools admission application for Andra Jerome Robinson,Archive,African American Education,SRM Collection,Andra Jerome Robinson,1957,,Smith Robertson Campus,Rights Unknown,Missing donor and provenance; Rights status needs normalization: Rights Unknown,Name reading strengthened during 2026-07-18 visual review.
medium,SRM-2026-108,Jackson Public Schools admission application for Richard Oddie,Archive,African American Education,SRM Collection,Richard Oddie,1957,,Smith Robertson Campus,Rights Unknown,Missing donor and provenance; Rights status needs normalization: Rights Unknown,Name reading retained after 2026-07-18 visual review.
medium,SRM-2026-109,Jackson Public Schools admission application for Diane Lee Robinson,Archive,African American Education,SRM Collection,Diane Lee Robinson,1957,,Smith Robertson Campus,Rights Unknown,Missing donor and provenance; Rights status needs normalization: Rights Unknown,Name reading strengthened during 2026-07-18 visual review.
medium,SRM-2026-110,Jackson Public Schools admission application for James J. C. Horne,Archive,African American Education,School History Collection,James J. C. Horne,1957-09-04 00:00:00,,"Jackson, Mississippi",Rights Unknown,Missing donor and provenance; Rights status needs normalization: Rights Unknown,Source image: Untitled design (37)/31.png.
medium,SRM-2026-111,Jackson Public Schools admission application for Lillie Mae White,Archive,African American Education,SRM Collection,Lillie Mae White,1957,,Smith Robertson Campus,Rights Unknown,Missing donor and provenance; Rights status needs normalization: Rights Unknown,Name reading strengthened during 2026-07-18 visual review.
medium,SRM-2026-112,Jackson Public Schools admission application for Carol Lula Jones,Archive,African American Education,School History Collection,Carol Lula Jones,1957-09-05 00:00:00,,"Jackson, Mississippi",Rights Unknown,Missing donor and provenance; Rights status needs normalization: Rights Unknown,Source image: Untitled design (37)/33.png.
medium,SRM-2026-113,Jackson Public Schools admission application for Sarah Jennie Lindsey,Archive,African American Education,SRM Collection,Sarah Jennie Lindsey,1957,,Smith Robertson Campus,Rights Unknown,Missing donor and provenance; Rights status needs normalization: Rights Unknown,Name reading strengthened during 2026-07-18 visual review.
medium,SRM-2026-114,Leather portfolio embossed for Dr. Margaret Walker Alexander,Artifact,Arts And Culture,Personal Papers And Memorabilia,Margaret Walker Alexander,20th century,,"Jackson, Mississippi",Rights Unknown,Missing donor and provenance; Rights status needs normalization: Rights Unknown,Object identification strengthened during 2026-07-18 visual review.
medium,SRM-2026-117,Painting of seated woman holding child with teddy bear,Artifact,Midwives and Motherhood,Art Collection,,,,Geographies To Be Confirmed,Rights Unknown,Missing object date; Missing donor and provenance; Rights status needs normalization: Rights Unknown,Artist and exact date remain unidentified after visual review.
medium,SRM-2026-126,Untitled expressionist portrait print in green and red tones,Artifact,Arts And Culture,Art Collection,,,,Geographies To Be Confirmed,Rights Unknown,Missing object date; Missing donor; Rights status needs normalization: Rights Unknown,Represents printmaking or graphic portraiture within the museum's art holdings.
medium,SRM-2026-128,Photograph of Fannie Lou Hamer speaking at microphones,Photograph,Civil Rights and Citizenship,Civil Rights Collection,Fannie Lou Hamer,1960s,,Mississippi,Rights Unknown,Missing donor and provenance; Rights status needs normalization: Rights Unknown,Identification of Fannie Lou Hamer is based on image review and should be verified against object documentation.
medium,SRM-2026-129,Framed drawing of seated figure,Artifact,Arts And Culture,Art Collection,,,,Geographies To Be Confirmed,Rights Unknown,Missing object date; Missing donor and provenance; Rights status needs normalization: Rights Unknown,Title and artist are not fully legible in the current image and should be confirmed from the original object.
medium,SRM-2026-133,Freestanding photographic lamp or studio light,Artifact,Arts And Culture,SRM Collection,Richard Beadle,,,,Rights Unknown,Missing object date; Missing donor; Missing neighborhood/geography detail; Rights status needs normalization: Rights Unknown,Object function interpreted from visual review as photographic or studio lighting equipment.
medium,SRM-2026-134,Collapsible tripod or equipment stand parts,Artifact,Arts And Culture,SRM Collection,Richard Beadle,,,,Rights Unknown,Missing object date; Missing donor; Missing neighborhood/geography detail; Rights status needs normalization: Rights Unknown,Exact device type still needs confirmation from object handling or donor documentation.
medium,SRM-2026-135,Kodak Carousel slide projector with trays,Artifact,Arts And Culture,SRM Collection,Richard Beadle,,,,Rights Unknown,Missing object date; Missing donor; Missing neighborhood/geography detail; Rights status needs normalization: Rights Unknown,"Created from original SRM/3.png based on the 2026-07-03 cursory reconciliation pass. Best automated candidate was coll002.png at distance 35, but the image was triaged as likely not represented. Review before publishing or deduplicating."
medium,SRM-2026-136,White enamel wash basin,Artifact,Material Culture and Interpretation,SRM Collection,,,,,Rights Unknown,Missing object date; Missing donor and provenance; Missing neighborhood/geography detail; Rights status needs normalization: Rights Unknown,"Created from original SRM/4.png based on the 2026-07-03 cursory reconciliation pass. Best automated candidate was coll016.png at distance 21, but the image was triaged as likely not represented. Review before publishing or deduplicating."
medium,SRM-2026-137,Circular slide carousel tray,Artifact,Arts And Culture,SRM Collection,Richard Beadle,,,,Rights Unknown,Missing object date; Missing donor; Missing neighborhood/geography detail; Rights status needs normalization: Rights Unknown,"Created from original SRM/5.png based on the 2026-07-03 cursory reconciliation pass. Best automated candidate was coll002.png at distance 35, but the image was triaged as likely not represented. Review before publishing or deduplicating."
medium,SRM-2026-138,Metal motion-picture film reel,Artifact,Arts And Culture,SRM Collection,Richard Beadle,,,,Rights Unknown,Missing object date; Missing donor; Missing neighborhood/geography detail; Rights status needs normalization: Rights Unknown,"Created from original SRM/6.png based on the 2026-07-03 cursory reconciliation pass. Best automated candidate was coll002.png at distance 39, but the image was triaged as likely not represented. Review before publishing or deduplicating."
medium,SRM-2026-139,Bell & Howell movie camera,Artifact,Arts And Culture,SRM Collection,Richard Beadle,,,,Rights Unknown,Missing object date; Missing donor; Missing neighborhood/geography detail; Rights status needs normalization: Rights Unknown,"Created from original SRM/7.png based on the 2026-07-03 cursory reconciliation pass. Best automated candidate was coll002.png at distance 47, but the image was triaged as likely not represented. Review before publishing or deduplicating."
medium,SRM-2026-140,Portable audiovisual player or projector unit,Artifact,Arts And Culture,SRM Collection,Richard Beadle,,,,Rights Unknown,Missing object date; Missing donor; Missing neighborhood/geography detail; Rights status needs normalization: Rights Unknown,Exact make and model still need confirmation from close physical inspection.
medium,SRM-2026-141,Large metal motion-picture reel,Artifact,Arts And Culture,SRM Collection,Richard Beadle,,,,Rights Unknown,Missing object date; Missing donor; Missing neighborhood/geography detail; Rights status needs normalization: Rights Unknown,"Created from original SRM/9.png based on the 2026-07-03 cursory reconciliation pass. Best automated candidate was coll016.png at distance 24, but the image was triaged as likely not represented. Review before publishing or deduplicating."
medium,SRM-2026-142,Assorted cassette tapes and recording media,Artifact,Arts And Culture,SRM Collection,Richard Beadle,,,,Rights Unknown,Missing object date; Missing donor; Missing neighborhood/geography detail; Rights status needs normalization: Rights Unknown,"Created from original SRM/10.png based on the 2026-07-03 cursory reconciliation pass. Best automated candidate was coll002.png at distance 40, but the image was triaged as likely not represented. Review before publishing or deduplicating."
medium,SRM-2026-143,Richard Beadle camera equipment with leather pouch,Artifact,Arts And Culture,SRM Collection,Richard Beadle,,,,Rights Unknown,Missing object date; Missing donor; Missing neighborhood/geography detail; Rights status needs normalization: Rights Unknown,User confirmed during 2026-07-18 metadata review that this object belongs with the Richard Beadle camera equipment group.
medium,SRM-2026-145,Kodak box camera with film cartridge,Artifact,Arts And Culture,SRM Collection,Richard Beadle,,,,Rights Unknown,Missing object date; Missing donor; Missing neighborhood/geography detail; Rights status needs normalization: Rights Unknown,"Created from original SRM/13.png based on the 2026-07-03 cursory reconciliation pass. Best automated candidate was coll016.png at distance 46, but the image was triaged as likely not represented. Review before publishing or deduplicating."
medium,SRM-2026-146,Alamo Theatre ephemera and movie memorabilia assortment,Artifact,Arts And Culture,SRM Collection,,,,Farish Street,Rights Unknown,Missing object date; Missing donor and provenance; Rights status needs normalization: Rights Unknown,Visual review confirms the presence of Alamo Theatre promotional material and mid-1970s movie ephemera.
medium,SRM-2026-147,Light-colored felt hat,Artifact,Material Culture and Interpretation,SRM Collection,,,,,Rights Unknown,Missing object date; Missing donor and provenance; Missing neighborhood/geography detail; Rights status needs normalization: Rights Unknown,"Created from original SRM/15.png based on the 2026-07-03 cursory reconciliation pass. Best automated candidate was coll092.png at distance 24, but the image was triaged as likely not represented. Review before publishing or deduplicating."
medium,SRM-2026-148,"Personal effects group with hat, handbag, and printed materials",Artifact,Family And Local Life,SRM Collection,,,,,Rights Unknown,Missing object date; Missing donor and provenance; Missing neighborhood/geography detail; Rights status needs normalization: Rights Unknown,Individual paper items would benefit from closer object-level identification.
medium,SRM-2026-149,Photography slides and slide mounts,Artifact,Arts And Culture,SRM Collection,Richard Beadle,,,,Rights Unknown,Missing object date; Missing donor; Missing neighborhood/geography detail; Rights status needs normalization: Rights Unknown,User confirmed during 2026-07-18 metadata review that the grouped items are photography slides.
medium,SRM-2026-150,Vintage camera with flash attachment and cable release,Artifact,Arts And Culture,SRM Collection,Richard Beadle,,,,Rights Unknown,Missing object date; Missing donor; Missing neighborhood/geography detail; Rights status needs normalization: Rights Unknown,"Created from original SRM/18.png based on the 2026-07-03 cursory reconciliation pass. Best automated candidate was coll008.png at distance 48, but the image was triaged as likely not represented. Review before publishing or deduplicating."
medium,SRM-2026-151,Photographic accessory set with slide viewers,Artifact,Arts And Culture,SRM Collection,Richard Beadle,,,,Rights Unknown,Missing object date; Missing donor; Missing neighborhood/geography detail; Rights status needs normalization: Rights Unknown,"Created from original SRM/19.png based on the 2026-07-03 cursory reconciliation pass. Best automated candidate was coll007.png at distance 35, but the image was triaged as likely not represented. Review before publishing or deduplicating."
medium,SRM-2026-152,Eyeglasses in case,Artifact,Material Culture and Interpretation,SRM Collection,,,,,Rights Unknown,Missing object date; Missing donor and provenance; Missing neighborhood/geography detail; Rights status needs normalization: Rights Unknown,"Created from original SRM/20.png based on the 2026-07-03 cursory reconciliation pass. Best automated candidate was coll092.png at distance 33, but the image was triaged as likely not represented. Review before publishing or deduplicating."
medium,SRM-2026-153,Camera equipment group with twin-lens camera and accessories,Artifact,Arts And Culture,SRM Collection,Richard Beadle,,,,Rights Unknown,Missing object date; Missing donor; Missing neighborhood/geography detail; Rights status needs normalization: Rights Unknown,"Created from original SRM/21.png based on the 2026-07-03 cursory reconciliation pass. Best automated candidate was coll006.png at distance 53, but the image was triaged as likely not represented. Review before publishing or deduplicating."
medium,SRM-2026-154,Leather camera or equipment case,Artifact,Arts And Culture,SRM Collection,Richard Beadle,,,,Rights Unknown,Missing object date; Missing donor; Missing neighborhood/geography detail; Rights status needs normalization: Rights Unknown,"Created from original SRM/22.png based on the 2026-07-03 cursory reconciliation pass. Best automated candidate was coll006.png at distance 43, but the image was triaged as likely not represented. Review before publishing or deduplicating."
medium,SRM-2026-155,Pair of photographic reflector lamps,Artifact,Arts And Culture,SRM Collection,Richard Beadle,,,,Rights Unknown,Missing object date; Missing donor; Missing neighborhood/geography detail; Rights status needs normalization: Rights Unknown,"Created from original SRM/23.png based on the 2026-07-03 cursory reconciliation pass. Best automated candidate was coll002.png at distance 31, but the image was triaged as likely not represented. Review before publishing or deduplicating."
medium,SRM-2026-156,Ricohflex twin-lens reflex camera,Artifact,Arts And Culture,SRM Collection,Richard Beadle,,,,Rights Unknown,Missing object date; Missing donor; Missing neighborhood/geography detail; Rights status needs normalization: Rights Unknown,"Created from original SRM/24.png based on the 2026-07-03 cursory reconciliation pass. Best automated candidate was coll007.png at distance 54, but the image was triaged as likely not represented. Review before publishing or deduplicating."
medium,SRM-2026-157,Assorted photographic flash reflectors,Artifact,Arts And Culture,SRM Collection,Richard Beadle,,,,Rights Unknown,Missing object date; Missing donor; Missing neighborhood/geography detail; Rights status needs normalization: Rights Unknown,"Created from original SRM/25.png based on the 2026-07-03 cursory reconciliation pass. Best automated candidate was coll092.png at distance 37, but the image was triaged as likely not represented. Review before publishing or deduplicating."
medium,SRM-2026-158,Framed photograph of doctor examining child with mother present,Artifact,Midwives and Motherhood,SRM Collection,unidentified doctor; unidentified mother; unidentified child,,,,Rights Unknown,Missing object date; Missing donor and provenance; Missing neighborhood/geography detail; Rights status needs normalization: Rights Unknown,"Created from original SRM/26.png based on the 2026-07-03 cursory reconciliation pass. Best automated candidate was coll005.png at distance 43, but the image was triaged as likely not represented. Review before publishing or deduplicating."
medium,SRM-2026-159,Framed photograph of man playing bowed string instrument,Artifact,Arts And Culture,SRM Collection,unidentified musician,,,,Rights Unknown,Missing object date; Missing donor and provenance; Missing neighborhood/geography detail; Rights status needs normalization: Rights Unknown,"Created from original SRM/27.png based on the 2026-07-03 cursory reconciliation pass. Best automated candidate was coll016.png at distance 26, but the image was triaged as likely not represented. Review before publishing or deduplicating."
medium,SRM-2026-161,Bronze-toned sculpture of multigenerational family group,Artifact,Family And Local Life,SRM Collection,,,,,Rights Unknown,Missing object date; Missing donor and provenance; Missing neighborhood/geography detail; Rights status needs normalization: Rights Unknown,"Created from original SRM/31.png based on the 2026-07-03 cursory reconciliation pass. Best automated candidate was coll024.png at distance 42, but the image was triaged as likely not represented. Review before publishing or deduplicating."
medium,SRM-2026-162,Dr. C.L. Barnes Dentist sign,Artifact,Black Business and Professional Life,SRM Collection,Dr. C.L. Barnes,,,"Jackson, Mississippi",Rights Unknown,Missing object date; Missing donor and provenance; Rights status needs normalization: Rights Unknown,"Created from original SRM/32.png based on the 2026-07-03 cursory reconciliation pass. Best automated candidate was coll016.png at distance 37, but the image was triaged as likely not represented. Review before publishing or deduplicating."
medium,SRM-2026-163,Framed photograph of Otis Grocery Store on Farish Street,Artifact,Black Business and Professional Life,SRM Collection,unidentified people,,,Farish Street,Rights Unknown,Missing object date; Missing donor and provenance; Rights status needs normalization: Rights Unknown,User identified the site during 2026-07-18 metadata review as Otis Grocery Store on Farish Street.
medium,SRM-2026-164,Sony Walkman cassette player,Artifact,Arts And Culture,SRM Collection,Richard Beadle,,,,Rights Unknown,Missing object date; Missing donor; Missing neighborhood/geography detail; Rights status needs normalization: Rights Unknown,User confirmed during 2026-07-18 metadata review that the device is a Walkman.
medium,SRM-2026-165,Small camera and accessory group,Artifact,Arts And Culture,SRM Collection,Richard Beadle,,,,Rights Unknown,Missing object date; Missing donor; Missing neighborhood/geography detail; Rights status needs normalization: Rights Unknown,"Created from original SRM/37.png based on the 2026-07-03 cursory reconciliation pass. Best automated candidate was coll093.png at distance 29, but the image was triaged as likely not represented. Review before publishing or deduplicating."
medium,SRM-2026-168,Snowball fight in Jackson,Artifact,Family And Local Life,SRM Collection,unidentified people,,,"Jackson, Mississippi",Rights Unknown,Missing object date; Missing donor and provenance; Rights status needs normalization: Rights Unknown,User identified the scene during 2026-07-18 metadata review as a snowball fight in Jackson.
medium,SRM-2026-169,Pair of worn sandals or flip-flops,Artifact,Material Culture and Interpretation,SRM Collection,,,,,Rights Unknown,Missing object date; Missing donor and provenance; Missing neighborhood/geography detail; Rights status needs normalization: Rights Unknown,"Created from original SRM/70.png based on the 2026-07-03 cursory reconciliation pass. Best automated candidate was coll024.png at distance 31, but the image was triaged as likely not represented. Review before publishing or deduplicating."
medium,SRM-2026-170,School group portrait on brick steps,Artifact,African American Education,SRM Collection,unidentified students,,,,Rights Unknown,Missing object date; Missing donor and provenance; Missing neighborhood/geography detail; Rights status needs normalization: Rights Unknown,"Created from original SRM/71.png based on the 2026-07-03 cursory reconciliation pass. Best automated candidate was coll032.png at distance 50, but the image was triaged as likely not represented. Review before publishing or deduplicating."
medium,SRM-2026-171,"4-H Club meeting at Piney Woods School, August 5-10, 1929",Artifact,African American Education,SRM Collection,unidentified 4-H Club members,1929,,Mississippi,Rights Unknown,Missing donor and provenance; Rights status needs normalization: Rights Unknown,"Created from original SRM/72.png based on the 2026-07-03 cursory reconciliation pass. Best automated candidate was coll025.png at distance 43, but the image was triaged as likely not represented. Review before publishing or deduplicating."
medium,SRM-2026-172,"Civil Rights Acts and Voting Rights Act committee print, November 1975",Artifact,Civil Rights and Citizenship,SRM Collection,,1975,,United States,Rights Unknown,Missing donor and provenance; Rights status needs normalization: Rights Unknown,"Created from original SRM/73.png based on the 2026-07-03 cursory reconciliation pass. Best automated candidate was coll022.png at distance 32, but the image was triaged as likely not represented. Review before publishing or deduplicating."
medium,SRM-2026-182,Portrait photograph of James Meredith,Photograph,Civil Rights and Citizenship,Original SRM Intake Review,James Meredith,,,Mississippi,Rights Unknown,Missing object date; Missing donor and provenance; Condition still marked Needs Review; Status still marked Needs Review; Rights status needs normalization: Rights Unknown,"Identification provided by user on July 18, 2026 from image review."
medium,SRM-2026-183,Portrait photograph of James Meredith's wife,Photograph,Civil Rights and Citizenship,Original SRM Intake Review,Mrs. James Meredith,,,Mississippi,Rights Unknown,Missing object date; Missing donor and provenance; Condition still marked Needs Review; Status still marked Needs Review; Rights status needs normalization: Rights Unknown,"Identification provided by user on July 18, 2026. Personal name not yet confirmed in record."
medium,SRM-2026-184,Untitled design batch image 3 (provisional),Artifact,Material Culture and Interpretation,Original SRM Intake Review,,,,,Rights Unknown,Missing object date; Missing donor and provenance; Missing neighborhood/geography detail; Condition still marked Needs Review; Status still marked Needs Review; Rights status needs normalization: Rights Unknown,Source file renamed from 3.png in /Users/Birittany/Downloads/Untitled design (1). Additional unedited source files are in /Users/Birittany/Downloads/drive-download-20260718T010640Z-1-001 and should be reviewed for fuller identification.
medium,SRM-2026-186,Untitled design batch image 5 (provisional),Artifact,Material Culture and Interpretation,Original SRM Intake Review,,,,,Rights Unknown,Missing object date; Missing donor and provenance; Missing neighborhood/geography detail; Condition still marked Needs Review; Status still marked Needs Review; Rights status needs normalization: Rights Unknown,Source file renamed from 5.png in /Users/Birittany/Downloads/Untitled design (1). Additional unedited source files are in /Users/Birittany/Downloads/drive-download-20260718T010640Z-1-001 and should be reviewed for fuller identification.
medium,SRM-2026-187,Untitled design batch image 6 (provisional),Artifact,Material Culture and Interpretation,Original SRM Intake Review,,,,,Rights Unknown,Missing object date; Missing donor and provenance; Missing neighborhood/geography detail; Condition still marked Needs Review; Status still marked Needs Review; Rights status needs normalization: Rights Unknown,Source file renamed from 6.png in /Users/Birittany/Downloads/Untitled design (1). Additional unedited source files are in /Users/Birittany/Downloads/drive-download-20260718T010640Z-1-001 and should be reviewed for fuller identification.
medium,SRM-2026-188,Untitled design batch image 7 (provisional),Artifact,Material Culture and Interpretation,Original SRM Intake Review,,,,,Rights Unknown,Missing object date; Missing donor and provenance; Missing neighborhood/geography detail; Condition still marked Needs Review; Status still marked Needs Review; Rights status needs normalization: Rights Unknown,Source file renamed from 7.png in /Users/Birittany/Downloads/Untitled design (1). Additional unedited source files are in /Users/Birittany/Downloads/drive-download-20260718T010640Z-1-001 and should be reviewed for fuller identification.
medium,SRM-2026-189,Portrait of a man by Charles King,Artwork,Portraiture and Community Memory,Original SRM Intake Review,,,,,Rights Unknown,Missing donor and provenance; Missing neighborhood/geography detail; Condition still marked Needs Review; Status still marked Needs Review; Rights status needs normalization: Rights Unknown,"Artist attribution provided by user on July 18, 2026."
medium,SRM-2026-190,Untitled design batch image 9 (provisional),Artifact,Material Culture and Interpretation,Original SRM Intake Review,,,,,Rights Unknown,Missing object date; Missing donor and provenance; Missing neighborhood/geography detail; Condition still marked Needs Review; Status still marked Needs Review; Rights status needs normalization: Rights Unknown,Source file renamed from 9.png in /Users/Birittany/Downloads/Untitled design (1). Additional unedited source files are in /Users/Birittany/Downloads/drive-download-20260718T010640Z-1-001 and should be reviewed for fuller identification.
medium,SRM-2026-191,Harlem Street Scene,Print,Arts And Culture,Original SRM Intake Review,Jacob Lawrence,1975,,,Rights Unknown,Missing donor and provenance; Missing neighborhood/geography detail; Condition still marked Needs Review; Status still marked Needs Review; Rights status needs normalization: Rights Unknown,"Title, artist, and 1975 date provided by user on July 18, 2026."
medium,SRM-2026-192,Drawing of Black legislators,Drawing,Civic Leadership,Original SRM Intake Review,,,,Mississippi,Rights Unknown,Missing donor and provenance; Condition still marked Needs Review; Status still marked Needs Review; Rights status needs normalization: Rights Unknown,"Subject identification provided by user on July 18, 2026."
medium,SRM-2026-193,Painting of James Meredith and aspects of his life,Artwork,Civil Rights and Citizenship,Original SRM Intake Review,James Meredith,,,Mississippi,Rights Unknown,Missing donor and provenance; Condition still marked Needs Review; Status still marked Needs Review; Rights status needs normalization: Rights Unknown,"Identification provided by user on July 18, 2026."
medium,SRM-2026-194,Typewriter,Artifact,Civic Leadership,Original SRM Intake Review,,,,,Rights Unknown,Missing object date; Missing donor and provenance; Missing neighborhood/geography detail; Condition still marked Needs Review; Status still marked Needs Review; Rights status needs normalization: Rights Unknown,Source file renamed from 13.png in /Users/Birittany/Downloads/Untitled design (1). Additional unedited source files are in /Users/Birittany/Downloads/drive-download-20260718T010640Z-1-001 and should be reviewed for fuller identification.
medium,SRM-2026-196,Laura J. Flowers (Former Slave),Photograph,Family And Local Life,Original SRM Intake Review,Laura J. Flowers; Mary Collier; Lelia Jane Flowers Milner,,,Mississippi,Rights Unknown,Missing object date; Missing donor and provenance; Condition still marked Needs Review; Status still marked Needs Review; Rights status needs normalization: Rights Unknown,Caption on mount reads: Donated by Ms. Lelia Jane Flowers Milner.
medium,SRM-2026-197,Woven basket or container,Artifact,Arts And Culture,Original SRM Intake Review,,,,,Rights Unknown,Missing object date; Missing donor and provenance; Missing neighborhood/geography detail; Condition still marked Needs Review; Status still marked Needs Review; Rights status needs normalization: Rights Unknown,Source file renamed from 16.png in /Users/Birittany/Downloads/Untitled design (1). Additional unedited source files are in /Users/Birittany/Downloads/drive-download-20260718T010640Z-1-001 and should be reviewed for fuller identification.
medium,SRM-2026-198,Baby carriage or stroller,Artifact,Midwives and Motherhood,Original SRM Intake Review,,,,,Rights Unknown,Missing object date; Missing donor and provenance; Missing neighborhood/geography detail; Condition still marked Needs Review; Status still marked Needs Review; Rights status needs normalization: Rights Unknown,Source file renamed from 17.png in /Users/Birittany/Downloads/Untitled design (1). Additional unedited source files are in /Users/Birittany/Downloads/drive-download-20260718T010640Z-1-001 and should be reviewed for fuller identification.
medium,SRM-2026-199,Midwife obstetrical scissors or angled birth tool,Artifact,Midwives and Motherhood,Original SRM Intake Review,,,,Scott Ford Houses,Rights Unknown,Missing object date; Missing donor and provenance; Condition still marked Needs Review; Status still marked Needs Review; Rights status needs normalization: Rights Unknown,"Retitled and rethemed on July 18, 2026 after visual review and user guidance that midwife-related materials belong with Scott Ford."
medium,SRM-2026-200,Mississippi State Board of Health midwife permit for T. J. Handy,Archive,Midwives and Motherhood,Original SRM Intake Review,T. J. Handy,1973-1974,,Scott Ford Houses,Rights Unknown,Missing donor and provenance; Condition still marked Needs Review; Status still marked Needs Review; Rights status needs normalization: Rights Unknown,"Identification updated from image text on July 18, 2026 and grouped with Scott Ford midwife-related materials per user guidance."
medium,SRM-2026-201,Mississippi birth certificate for Laverne Brown,Archive,Midwives and Motherhood,Original SRM Intake Review,Laverne Brown; Annie L. Brown,1927-07-28,,Scott Ford Houses,Rights Unknown,Missing donor and provenance; Condition still marked Needs Review; Status still marked Needs Review; Rights status needs normalization: Rights Unknown,"Identification updated from image text on July 18, 2026 and grouped with Scott Ford midwife-related materials per user guidance."
medium,SRM-2026-203,Otis Grocery Store on Farish Street,Photograph,Black Business and Professional Life,Original SRM Intake Review,,,,Farish Street,Rights Unknown,Missing object date; Missing donor and provenance; Condition still marked Needs Review; Status still marked Needs Review; Rights status needs normalization: Rights Unknown,"Identification provided by user on July 18, 2026."
medium,SRM-2026-204,Historic information about the Scott Ford family,Archive,Family And Local Life,Original SRM Intake Review,,,,Scott Ford Houses,Rights Unknown,Missing object date; Missing donor and provenance; Condition still marked Needs Review; Status still marked Needs Review; Rights status needs normalization: Rights Unknown,"Removed from public view on July 18, 2026 at user request."
medium,SRM-2026-205,Architect’s rendering of the Smith Robertson Museum,Archive,African American Education,Original SRM Intake Review,,,,Smith Robertson Campus,Rights Unknown,Missing object date; Missing donor and provenance; Condition still marked Needs Review; Status still marked Needs Review; Rights status needs normalization: Rights Unknown,"Identification provided by user on July 18, 2026."
medium,SRM-2026-206,Peaches Restaurant in Jackson,Photograph,Black Business and Professional Life,Original SRM Intake Review,,,,"Jackson, Mississippi",Rights Unknown,Missing object date; Missing donor and provenance; Condition still marked Needs Review; Status still marked Needs Review; Rights status needs normalization: Rights Unknown,"Identification provided by user on July 18, 2026."
medium,SRM-2026-207,Farish Street scene,Photograph,Community and Professional Life,Original SRM Intake Review,,,,Farish Street,Rights Unknown,Missing object date; Missing donor and provenance; Condition still marked Needs Review; Status still marked Needs Review; Rights status needs normalization: Rights Unknown,"Date range and location provided by user on July 18, 2026."
medium,SRM-2026-208,Farish Street storefront scene,Photograph,Black Business and Professional Life,Original SRM Intake Review,,,,Farish Street,Rights Unknown,Missing object date; Missing donor and provenance; Condition still marked Needs Review; Status still marked Needs Review; Rights status needs normalization: Rights Unknown,"Date range and location provided by user on July 18, 2026."
medium,SRM-2026-210,Farish Street business interior scene,Photograph,Black Business and Professional Life,Original SRM Intake Review,,,,Farish Street,Rights Unknown,Missing object date; Missing donor and provenance; Condition still marked Needs Review; Status still marked Needs Review; Rights status needs normalization: Rights Unknown,"Date range and location provided by user on July 18, 2026."
medium,SRM-2026-211,Farish Street traffic scene,Photograph,Community and Professional Life,Original SRM Intake Review,,,,Farish Street,Rights Unknown,Missing object date; Missing donor and provenance; Condition still marked Needs Review; Status still marked Needs Review; Rights status needs normalization: Rights Unknown,"Date range and location provided by user on July 18, 2026."
medium,SRM-2026-212,Portrait of John H. Powell,Photograph,Portraiture and Community Memory,Original SRM Intake Review,John H. Powell,,,,Rights Unknown,Missing object date; Missing donor and provenance; Missing neighborhood/geography detail; Condition still marked Needs Review; Status still marked Needs Review; Rights status needs normalization: Rights Unknown,"Identification provided by user on July 18, 2026."
medium,SRM-2026-213,Untitled design batch image 32 (provisional),Artifact,Material Culture and Interpretation,Original SRM Intake Review,,,,,Rights Unknown,Missing object date; Missing donor and provenance; Missing neighborhood/geography detail; Condition still marked Needs Review; Status still marked Needs Review; Rights status needs normalization: Rights Unknown,Source file renamed from 32.png in /Users/Birittany/Downloads/Untitled design (1). Additional unedited source files are in /Users/Birittany/Downloads/drive-download-20260718T010640Z-1-001 and should be reviewed for fuller identification.
medium,SRM-2026-215,Funeral service program for Percy Greene,Archive,Portraiture and Community Memory,Original SRM Intake Review,Percy Greene; Thomas B. Brown Jr.,1977-04-21,,,Rights Unknown,Missing donor and provenance; Missing neighborhood/geography detail; Condition still marked Needs Review; Status still marked Needs Review; Rights status needs normalization: Rights Unknown,"Program text identifies Reverend Thomas B. Brown, Jr. as officiating pastor."
medium,SRM-2026-216,Laura J. Flowers,Photograph,Family And Local Life,Original SRM Intake Review,Laura J. Flowers; Mary Collier; Lelia Jane Flowers Milner,,,Mississippi,Rights Unknown,Missing object date; Missing donor and provenance; Condition still marked Needs Review; Status still marked Needs Review; Rights status needs normalization: Rights Unknown,Caption reads: Donated by Ms. Lelia Jane Flowers Milner.
medium,SRM-2026-217,Portrait of Rev. Richard C. Anderson,Photograph,Civic Leadership,Original SRM Intake Review,Rev. Richard C. Anderson; James Anderson; Excy Anderson Edwards,,,Mississippi,Rights Unknown,Missing object date; Missing donor and provenance; Condition still marked Needs Review; Status still marked Needs Review; Rights status needs normalization: Rights Unknown,Caption reads: Donated by Excy Anderson Edwards of Jackson.
medium,SRM-2026-218,Mississippi Legislative Black Caucus Political Education Fund program,Archive,Civic Leadership,Original SRM Intake Review,A. Michael Espy,1987-03-12,,Mississippi,Rights Unknown,Missing donor and provenance; Condition still marked Needs Review; Status still marked Needs Review; Rights status needs normalization: Rights Unknown,"Program lists speaker: The Honorable A. Michael Espy, Member, United States Congress, 2nd Congressional District of Mississippi."
medium,SRM-2026-219,Photograph of James Meredith in a crowd,Photograph,Civil Rights and Citizenship,Original SRM Intake Review,James Meredith,,,Mississippi,Rights Unknown,Missing object date; Missing donor and provenance; Condition still marked Needs Review; Status still marked Needs Review; Rights status needs normalization: Rights Unknown,"Identification provided by user on July 18, 2026."
medium,SRM-2026-220,Black and Tan Republican Party Headquarters on Farish Street,Photograph,Civil Rights and Citizenship,Smith Robertson Photograph Collection,Perry Howard; Jessie B. Mosley,,,Farish Street,Rights Held by Museum,Missing object date; Missing donor and provenance; Condition still marked Needs Review; Status still marked Needs Review,Caption states that the party became a separate group for blacks around 1890 and was headed for many years by lawyer Perry Howard. Donated by Jessie B. Mosley.
medium,SRM-2026-294,Mr. Willie Wynn studio portrait,Photograph,Portraiture and Community Memory,Dr. Townsend Collection,Willie Wynn,,,"Jackson, Mississippi",Rights Held by Museum,Missing object date; Missing donor and provenance; Condition still marked Needs Review; Status still marked Needs Review,"Added from the Dr Townsend folder on July 22, 2026. Source file renamed from 1.png."
medium,SRM-2026-296,Washboard in galvanized wash tub,Photograph,Family And Local Life,Dr. Townsend Collection,,,,Geographies To Be Confirmed,Rights Held by Museum,Missing object date; Missing donor and provenance; Condition still marked Needs Review; Status still marked Needs Review,"Added from the Dr Townsend folder on July 22, 2026. Source file renamed from 3.png."
medium,SRM-2026-297,Outhouse at Jennings Place in Port Gibson,Photograph,Family And Local Life,Dr. Townsend Collection,,,,"Port Gibson, Mississippi",Rights Held by Museum,Missing object date; Missing donor and provenance; Condition still marked Needs Review; Status still marked Needs Review,"Added from the Dr Townsend folder on July 22, 2026. Source file renamed from 4.png."
medium,SRM-2026-298,"Historic Pictorial Group of the Members of the Legislature, State of Mississippi, 1878-1879",Archive,Civic Leadership,Dr. Townsend Collection,,1878-1879,,Mississippi,Rights Held by Museum,Missing donor and provenance; Condition still marked Needs Review; Status still marked Needs Review,"Added from the Dr Townsend folder on July 22, 2026. Source file renamed from 5.png."
medium,SRM-2026-300,The New Chardenal annotated volume,Artifact,African American Education,Dr. Townsend Collection,,,,Mississippi,Rights Held by Museum,Missing object date; Missing donor and provenance; Condition still marked Needs Review; Status still marked Needs Review,"Added from the Dr Townsend folder on July 22, 2026. Source file renamed from 7.png."
medium,SRM-2026-301,Principles and Technique of Teaching,Artifact,African American Education,Dr. Townsend Collection,Frank W. Thomas,,,Mississippi,Rights Held by Museum,Missing object date; Missing donor and provenance; Condition still marked Needs Review; Status still marked Needs Review,"Added from the Dr Townsend folder on July 22, 2026. Source file renamed from 8.png."
medium,SRM-2026-302,Key to High School Algebra volume,Artifact,African American Education,Dr. Townsend Collection,,,,Mississippi,Rights Held by Museum,Missing object date; Missing donor and provenance; Condition still marked Needs Review; Status still marked Needs Review,"Added from the Dr Townsend folder on July 22, 2026. Source file renamed from 9.png."
medium,SRM-2026-305,Advanced French Prose Composition,Artifact,African American Education,Dr. Townsend Collection,Victor E. Francois,,,Mississippi,Rights Held by Museum,Missing object date; Missing donor and provenance; Condition still marked Needs Review; Status still marked Needs Review,"Added from the Dr Townsend folder on July 22, 2026. Source file renamed from 12.png."
medium,SRM-2026-306,Architectural cast-metal bookends,Artifact,Material Culture and Interpretation,Dr. Townsend Collection,,,,Geographies To Be Confirmed,Rights Held by Museum,Missing object date; Missing donor and provenance; Condition still marked Needs Review; Status still marked Needs Review,"Added from the Dr Townsend folder on July 22, 2026. Source file renamed from 13.png."
medium,SRM-2026-307,Desk pen stand with upright pen,Artifact,Material Culture and Interpretation,Dr. Townsend Collection,,,,Geographies To Be Confirmed,Rights Held by Museum,Missing object date; Missing donor and provenance; Condition still marked Needs Review; Status still marked Needs Review,"Added from the Dr Townsend folder on July 22, 2026. Source file renamed from 14.png."
medium,SRM-2026-309,"The Alcornite yearbook cover, 1948",Archive,African American Education,Dr. Townsend Collection,,1948,,"Lorman, Mississippi",Rights Held by Museum,Missing donor and provenance; Condition still marked Needs Review; Status still marked Needs Review,"Added from the Dr Townsend folder on July 22, 2026. Source file renamed from 16.png."
medium,SRM-2026-310,"The Alcornite yearbook cover, 1929",Archive,African American Education,Dr. Townsend Collection,,1929,,"Lorman, Mississippi",Rights Held by Museum,Missing donor and provenance; Condition still marked Needs Review; Status still marked Needs Review,"Added from the Dr Townsend folder on July 22, 2026. Source file renamed from 17.png."
medium,SRM-2026-311,Forum 1927 cover,Archive,African American Education,Dr. Townsend Collection,,1927,,Geographies To Be Confirmed,Rights Held by Museum,Missing donor and provenance; Condition still marked Needs Review; Status still marked Needs Review,"Added from the Dr Townsend folder on July 22, 2026. Source file renamed from 18.png."
medium,SRM-2026-312,The New Broadman Hymnal,Artifact,Family And Local Life,Dr. Townsend Collection,,,,Mississippi,Rights Held by Museum,Missing object date; Missing donor and provenance; Condition still marked Needs Review; Status still marked Needs Review,"Added from the Dr Townsend folder on July 22, 2026. Source file renamed from 19.png."
medium,SRM-2026-313,Modern Business Course and Service volume,Artifact,Black Business and Professional Life,Dr. Townsend Collection,Alexander Hamilton Institute,,,Geographies To Be Confirmed,Rights Held by Museum,Missing object date; Missing donor and provenance; Condition still marked Needs Review; Status still marked Needs Review,"Added from the Dr Townsend folder on July 22, 2026. Source file renamed from 20.png."
medium,SRM-2026-314,"A Tribute to Robert Smith, M.D.",Archive,Black Health and Medicine,Dr. Townsend Collection,"Robert Smith, M.D.",,,Mississippi,Rights Held by Museum,Missing object date; Missing donor and provenance; Condition still marked Needs Review; Status still marked Needs Review,"Added from the Dr Townsend folder on July 22, 2026. Source file renamed from 21.png."
medium,SRM-2026-315,"T. L. Zuber, A.B., M.D. portrait",Photograph,Black Health and Medicine,Dr. Townsend Collection,T. L. Zuber,,,"West Point, Mississippi",Rights Held by Museum,Missing object date; Missing donor and provenance; Condition still marked Needs Review; Status still marked Needs Review,"Added from the Dr Townsend folder on July 22, 2026. Source file renamed from 22.png."
medium,SRM-2026-316,Dr. Carmichael of Canton portrait,Photograph,Black Health and Medicine,Dr. Townsend Collection,Dr. Carmichael,,,"Canton, Mississippi",Rights Held by Museum,Missing object date; Missing donor and provenance; Condition still marked Needs Review; Status still marked Needs Review,"Added from the Dr Townsend folder on July 22, 2026. Source file renamed from 23.png."
medium,SRM-2026-317,Urban commercial corridor streetscape,Photograph,Black Business and Professional Life,Dr. Townsend Collection,,,,Geographies To Be Confirmed,Rights Held by Museum,Missing object date; Missing donor and provenance; Condition still marked Needs Review; Status still marked Needs Review,"Added from the Dr Townsend folder on July 22, 2026. Source file renamed from 24.png."
medium,SRM-2026-318,"House Concurrent Resolution No. 93 for Reverend Robert L. T. Smith, Sr.",Archive,Civic Leadership,Dr. Townsend Collection,"Robert L. T. Smith, Sr.",,,"Jackson, Mississippi",Rights Held by Museum,Missing object date; Missing donor and provenance; Condition still marked Needs Review; Status still marked Needs Review,"Added from the Dr Townsend folder on July 22, 2026. Source file renamed from 25.png."
medium,SRM-2026-319,Pentecostal Temple at 960 Kane Street,Photograph,Family And Local Life,Dr. Townsend Collection,,,,"Jackson, Mississippi",Rights Held by Museum,Missing object date; Missing donor and provenance; Condition still marked Needs Review; Status still marked Needs Review,"Added from the Dr Townsend folder on July 22, 2026. Source file renamed from 26.png."
medium,SRM-2026-320,Historical marker for photographer Richard Beadle,Photograph,Portraiture and Community Memory,Dr. Townsend Collection,Richard Beadle,,,"Jackson, Mississippi",Rights Held by Museum,Missing object date; Missing donor and provenance; Condition still marked Needs Review; Status still marked Needs Review,"Added from the Dr Townsend folder on July 22, 2026. Source file renamed from 27.png."
medium,SRM-2026-321,Two-story wood-frame residence with stacked porches,Photograph,Family And Local Life,Dr. Townsend Collection,,,,Geographies To Be Confirmed,Rights Held by Museum,Missing object date; Missing donor and provenance; Condition still marked Needs Review; Status still marked Needs Review,"Added from the Dr Townsend folder on July 22, 2026. Source file renamed from 28.png."
medium,SRM-2026-323,Kwame Ture campus lecture flyer and biographical sheet,Archive,Civil Rights and Citizenship,Dr. Townsend Collection,Kwame Ture; Stokely Carmichael,1986-12-04,,Mississippi,Rights Held by Museum,Missing donor and provenance; Condition still marked Needs Review; Status still marked Needs Review,"Added from the Dr Townsend folder on July 22, 2026. Source file renamed from 30.png."
medium,SRM-2026-327,Aaron E. Henry biographical portrait and caption,Archive,Civil Rights and Citizenship,Dr. Townsend Collection,Aaron E. Henry,,,"Coahoma County, Mississippi",Rights Held by Museum,Missing object date; Missing donor and provenance; Condition still marked Needs Review; Status still marked Needs Review,"Added from the Dr Townsend folder on July 22, 2026. Source file renamed from 34.png."
medium,SRM-2026-331,"Brinkley faculty, 1952-1953",Photograph,African American Education,Dr. Townsend Collection,,1952-1953,,Mississippi,Rights Held by Museum,Missing donor and provenance; Condition still marked Needs Review; Status still marked Needs Review,"Added from the Dr Townsend folder on July 22, 2026. Source file renamed from 38.png."
medium,SRM-2026-332,Flucker: The Buffalo Soldier on the American Frontier cover,Archive,Civil Rights and Citizenship,Dr. Townsend Collection,Turrie Flucker,,,Mississippi,Rights Held by Museum,Missing object date; Missing donor and provenance; Condition still marked Needs Review; Status still marked Needs Review,"Added from the Dr Townsend folder on July 22, 2026. Source file renamed from 39.png."
medium,SRM-2026-333,Panoramic view of W. H. Lanier High School,Photograph,African American Education,Dr. Townsend Collection,,,,"Jackson, Mississippi",Rights Held by Museum,Missing object date; Missing donor and provenance; Condition still marked Needs Review; Status still marked Needs Review,"Added from the Dr Townsend folder on July 22, 2026. Source file renamed from 40.png."
medium,SRM-2026-336,Barbara Beadle Barber introduction to the Richard H. Beadle Collection of Black Doctors in Mississippi,Archive,Black Health and Medicine,Dr. Townsend Collection,Barbara Beadle Barber; Richard H. Beadle,,,"Jackson, Mississippi",Rights Held by Museum,Missing object date; Missing donor and provenance; Condition still marked Needs Review; Status still marked Needs Review,"Added from the Dr Townsend folder on July 22, 2026. Source file renamed from 43.png."
medium,SRM-2026-340,Office interview or administrative meeting,Photograph,Community and Professional Life,Dr. Townsend Collection,,,,Geographies To Be Confirmed,Rights Held by Museum,Missing object date; Missing donor and provenance; Condition still marked Needs Review; Status still marked Needs Review,"Added from the Dr Townsend folder on July 22, 2026. Source file renamed from 47.png."
medium,SRM-2026-341,Two women working together at a table,Photograph,Community and Professional Life,Dr. Townsend Collection,Mrs. Bruce,,,Geographies To Be Confirmed,Rights Held by Museum,Missing object date; Missing donor and provenance; Condition still marked Needs Review; Status still marked Needs Review,"Added from the Dr Townsend folder on July 22, 2026. Source file renamed from 48.png."
medium,SRM-2026-343,Barbecue at Ms. Mitchell's in 1958,Photograph,Family And Local Life,Dr. Townsend Collection,Ms. Mitchell,1958,,Geographies To Be Confirmed,Rights Held by Museum,Missing donor and provenance; Condition still marked Needs Review; Status still marked Needs Review,"Added from the Dr Townsend folder on July 22, 2026. Source file renamed from 50.png."
medium,SRM-2026-344,Committee or club meeting around table,Photograph,Community and Professional Life,Dr. Townsend Collection,,,,Geographies To Be Confirmed,Rights Held by Museum,Missing object date; Missing donor and provenance; Condition still marked Needs Review; Status still marked Needs Review,"Added from the Dr Townsend folder on July 22, 2026. Source file renamed from 51.png."
medium,SRM-2026-345,Front view of two-story institutional building,Photograph,African American Education,Dr. Townsend Collection,,,,Geographies To Be Confirmed,Rights Held by Museum,Missing object date; Missing donor and provenance; Condition still marked Needs Review; Status still marked Needs Review,"Added from the Dr Townsend folder on July 22, 2026. Source file renamed from 52.png."
medium,SRM-2026-347,Freedom Came to Mississippi title page,Archive,Civil Rights and Citizenship,Dr. Townsend Collection,,,,Mississippi,Rights Held by Museum,Missing object date; Missing donor and provenance; Condition still marked Needs Review; Status still marked Needs Review,"Added from the Dr Townsend folder on July 22, 2026. Source file renamed from 54.png."
medium,SRM-2026-348,Ida B. Wells marker dedication program cover,Archive,Civil Rights and Citizenship,Dr. Townsend Collection,Ida B. Wells,,,Mississippi,Rights Held by Museum,Missing object date; Missing donor and provenance; Condition still marked Needs Review; Status still marked Needs Review,"Added from the Dr Townsend folder on July 22, 2026. Source file renamed from 55.png."
medium,SRM-2026-349,Mississippi Legislative Black Caucus Political Education Fund banquet program,Archive,Civic Leadership,Dr. Townsend Collection,,,,Mississippi,Rights Held by Museum,Missing object date; Missing donor and provenance; Condition still marked Needs Review; Status still marked Needs Review,"Added from the Dr Townsend folder on July 22, 2026. Source file renamed from 56.png."
medium,SRM-2026-352,"Historic Pictorial Group of the Members of the Legislature, alternate documentation image",Photograph,Civic Leadership,Dr. Townsend Collection,,1878-1879,,Mississippi,Rights Held by Museum,Missing donor and provenance; Condition still marked Needs Review; Status still marked Needs Review,"Added from the Dr Townsend folder on July 22, 2026. Source file renamed from 59.png."
medium,SRM-2026-354,Mississippi-shaped board and Jackson Club history,Archive,Community and Professional Life,Dr. Townsend Collection,Jackson Club members,,,"Jackson, Mississippi",Rights Held by Museum,Missing object date; Missing donor and provenance; Condition still marked Needs Review; Status still marked Needs Review,"Added from the Dr Townsend folder on July 22, 2026. Source file renamed from 62.png."
medium,SRM-2026-355,Jackson Club group portrait with membership roster,Photograph,Community and Professional Life,Dr. Townsend Collection,Jackson Club members,,,"Jackson, Mississippi",Rights Held by Museum,Missing object date; Missing donor and provenance; Condition still marked Needs Review; Status still marked Needs Review,"Added from the Dr Townsend folder on July 22, 2026. Source file renamed from 63.png."
medium,SRM-2026-357,Three boys at school cafeteria table,Photograph,African American Education,Dr. Townsend Collection,,,,Geographies To Be Confirmed,Rights Held by Museum,Missing object date; Missing donor and provenance; Condition still marked Needs Review; Status still marked Needs Review,"Added from the Dr Townsend folder on July 22, 2026. Source file renamed from 65.png."
medium,SRM-2026-358,Recorder lesson at Mt. Moriah Elementary School,Photograph,African American Education,Dr. Townsend Collection,fifth-grade students,,,Mt. Moriah Elementary School,Rights Held by Museum,Missing object date; Missing donor and provenance; Condition still marked Needs Review; Status still marked Needs Review,"Added from the Dr Townsend folder on July 22, 2026. Source file renamed from 66.png."
medium,SRM-2026-359,Business and Professional Women's Club member examining garments,Photograph,Community and Professional Life,Dr. Townsend Collection,,,,Geographies To Be Confirmed,Rights Held by Museum,Missing object date; Missing donor and provenance; Condition still marked Needs Review; Status still marked Needs Review,"Added from the Dr Townsend folder on July 22, 2026. Source file renamed from 67.png."
medium,SRM-2026-360,Girl Scouts Troop 181 arts-and-crafts display,Photograph,African American Education,Dr. Townsend Collection,Girl Scouts Troop 181,,,Geographies To Be Confirmed,Rights Held by Museum,Missing object date; Missing donor and provenance; Condition still marked Needs Review; Status still marked Needs Review,"Added from the Dr Townsend folder on July 22, 2026. Source file renamed from 68.png."
medium,SRM-2026-366,"Voter-registration list by ward, 1965",Archive,Civil Rights and Citizenship,,,1965,,Jackson,Rights Unknown,Missing donor; Condition still marked Needs Review; Status still marked Needs Review; Rights status needs normalization: Rights Unknown; No collection name assigned,Imported from /Users/Birittany/Downloads/Stumps/6.png on 2026-07-26. Ward headings
medium,SRM-2026-367,"The Inauguration of the President, Alcorn Agricultural and Mechanical College, March 6, 1971",Archive,African American Education,,,1971-03-06,,Lorman Mississippi,Rights Unknown,Missing donor; Condition still marked Needs Review; Status still marked Needs Review; Rights status needs normalization: Rights Unknown; No collection name assigned,Imported from /Users/Birittany/Downloads/Stumps/7.png on 2026-07-26. Full title
medium,SRM-2026-368,"The Eagle yearbook, 2008",Archive,African American Education,,,2008,,Geographies To Be Confirmed,Rights Unknown,Missing donor; Condition still marked Needs Review; Status still marked Needs Review; Rights status needs normalization: Rights Unknown; No collection name assigned,Imported from /Users/Birittany/Downloads/Stumps/8.png on 2026-07-26. Title and subtitle confirmed from the cover image on July 27
medium,SRM-2026-369,The 1981 Delvian: A Valley Experience,Archive,African American Education,,,1981,,Geographies To Be Confirmed,Rights Unknown,Missing donor; Condition still marked Needs Review; Status still marked Needs Review; Rights status needs normalization: Rights Unknown; No collection name assigned,Imported from /Users/Birittany/Downloads/Stumps/9.png on 2026-07-26. Full yearbook title and subtitle visually reviewed from the cover image on July 27
medium,SRM-2026-371,"Smith Robertson Museum and Cultural Center brochure, undated",Archive,African American Education,,,undated,,Smith Robertson Campus,Rights Unknown,Missing donor; Condition still marked Needs Review; Status still marked Needs Review; Rights status needs normalization: Rights Unknown; No collection name assigned,Imported from /Users/Birittany/Downloads/Stumps/11.png on 2026-07-26. Address
medium,SRM-2026-372,"Afro Scholar Newsletter featuring Richard Wright, undated",Archive,Arts And Culture,,Richard Wright,undated,,Geographies To Be Confirmed,Rights Unknown,Missing donor; Condition still marked Needs Review; Status still marked Needs Review; Rights status needs normalization: Rights Unknown; No collection name assigned,Imported from /Users/Birittany/Downloads/Stumps/12.png on 2026-07-26. Newsletter title and Richard Wright identification confirmed from the image on July 27
medium,SRM-2026-374,"Farish Street Historic District brochure, undated",Archive,African American Education,,,undated,,Farish Street,Rights Unknown,Missing donor; Condition still marked Needs Review; Status still marked Needs Review; Rights status needs normalization: Rights Unknown; No collection name assigned,Imported from /Users/Birittany/Downloads/Stumps/14.png on 2026-07-26. Brochure subject and Smith Robertson wording confirmed from the image on July 27
medium,SRM-2026-375,"Argonne Forest Pressing Club advertising fan, ca. 1920",Artifact,Civic Leadership,,,ca. 1920,,Farish Street,Rights Unknown,Missing donor; Condition still marked Needs Review; Status still marked Needs Review; Rights status needs normalization: Rights Unknown; No collection name assigned,Imported from /Users/Birittany/Downloads/Stumps/15.png on 2026-07-26. Approximate date and business wording restored from the source description on July 27
medium,SRM-2026-378,"Presentation on a porch, undated",Photograph,Family And Local Life,,,undated,,Geographies To Be Confirmed,Rights Unknown,Missing donor; Condition still marked Needs Review; Status still marked Needs Review; Rights status needs normalization: Rights Unknown; No collection name assigned,Imported from /Users/Birittany/Downloads/Stumps/18.png on 2026-07-26. Source description from pasted-text.txt. OCR not finalized; review image text for additional detail where applicable.
medium,SRM-2026-379,"Edward Nelson Taylor, undated",Photograph,Family And Local Life,,Edward Nelson Taylor,undated,,Geographies To Be Confirmed,Rights Unknown,Missing donor; Condition still marked Needs Review; Status still marked Needs Review; Rights status needs normalization: Rights Unknown; No collection name assigned,Imported from /Users/Birittany/Downloads/Stumps/19.png on 2026-07-26. Source description from pasted-text.txt. OCR not finalized; review image text for additional detail where applicable.
medium,SRM-2026-382,"Tougaloo News memorial issue for Isaiah Sumner Sanders, February 1981",Archive,African American Education,,Isaiah Sumner Sanders,1981,,Geographies To Be Confirmed,Rights Unknown,Missing donor; Condition still marked Needs Review; Status still marked Needs Review; Rights status needs normalization: Rights Unknown; No collection name assigned,Imported from /Users/Birittany/Downloads/Stumps/22.png on 2026-07-26. Issue title and headline confirmed from the image on July 27
medium,SRM-2026-383,"Portrait labeled “Ida B. Wells,” undated",Photograph,Civic Leadership,,Ida B. Wells,undated,,Geographies To Be Confirmed,Rights Unknown,Missing donor; Condition still marked Needs Review; Status still marked Needs Review; Rights status needs normalization: Rights Unknown; No collection name assigned, and public memory.
medium,SRM-2026-384,"Soulbook 7, undated",Archive,Arts And Culture,,,undated,,Geographies To Be Confirmed,Rights Unknown,Missing donor; Condition still marked Needs Review; Status still marked Needs Review; Rights status needs normalization: Rights Unknown; No collection name assigned,Imported from /Users/Birittany/Downloads/Stumps/24.png on 2026-07-26. Publication title and cover imagery visually reviewed from the image on July 27
medium,SRM-2026-385,"Collins Funeral Home advertising plaque, undated",Photograph,Civic Leadership,,,undated,,Geographies To Be Confirmed,Rights Unknown,Missing donor; Condition still marked Needs Review; Status still marked Needs Review; Rights status needs normalization: Rights Unknown; No collection name assigned,Imported from /Users/Birittany/Downloads/Stumps/25.png on 2026-07-26. Source description from pasted-text.txt. OCR not finalized; review image text for additional detail where applicable.
medium,SRM-2026-386,"Mississippi Passenger Road and Bridge Privilege Tax receipt, 1947",Artifact,Material Culture and Interpretation,,,1947,,Statewide Mississippi,Rights Unknown,Missing donor; Condition still marked Needs Review; Status still marked Needs Review; Rights status needs normalization: Rights Unknown; No collection name assigned,Imported from /Users/Birittany/Downloads/Stumps/26.png on 2026-07-26. Source description from pasted-text.txt. OCR not finalized; review image text for additional detail where applicable.
medium,SRM-2026-388,"Richard Beadle historical marker, undated",Photograph,Civic Leadership,,,undated,,Farish Street,Rights Unknown,Missing donor; Condition still marked Needs Review; Status still marked Needs Review; Rights status needs normalization: Rights Unknown; No collection name assigned,Imported from /Users/Birittany/Downloads/Stumps/28.png on 2026-07-26. Source description from pasted-text.txt. OCR not finalized; review image text for additional detail where applicable.
medium,SRM-2026-391,"Commission on Religion and Race Reports, spring 1965",Archive,Faith And Community Life,,,1965,,Geographies To Be Confirmed,Rights Unknown,Missing donor; Condition still marked Needs Review; Status still marked Needs Review; Rights status needs normalization: Rights Unknown; No collection name assigned,Imported from /Users/Birittany/Downloads/Stumps/31.png on 2026-07-26. Publication title confirmed from the source image on July 27
medium,SRM-2026-392,"SCLC Citizenship Workbook, undated",Archive,Civil Rights and Citizenship,,Martin Luther King Jr.,undated,,Geographies To Be Confirmed,Rights Unknown,Missing donor; Condition still marked Needs Review; Status still marked Needs Review; Rights status needs normalization: Rights Unknown; No collection name assigned,Imported from /Users/Birittany/Downloads/Stumps/32.png on 2026-07-26. SCLC title
medium,SRM-2026-393,"Wake Up America!, February 1964",Archive,Faith And Community Life,,,1964-02,,Franklin Louisiana,Rights Unknown,Missing donor; Condition still marked Needs Review; Status still marked Needs Review; Rights status needs normalization: Rights Unknown; No collection name assigned,Imported from /Users/Birittany/Downloads/Stumps/33.png on 2026-07-26. Volume number
medium,SRM-2026-394,"Southern Changes, March–April 1980",Archive,Civil Rights and Citizenship,,,1980,,Geographies To Be Confirmed,Rights Unknown,Missing donor; Condition still marked Needs Review; Status still marked Needs Review; Rights status needs normalization: Rights Unknown; No collection name assigned,Imported from /Users/Birittany/Downloads/Stumps/34.png on 2026-07-26. Periodical title and cover lines confirmed from the source image on July 27
medium,SRM-2026-395,"Eighth Annual Medgar Evers Mississippi Homecoming program, June 1, 1980",Archive,Civil Rights and Citizenship,,Medgar Wiley Evers; Medgar Evers,1980-06-01,,Statewide Mississippi,Rights Unknown,Missing donor; Condition still marked Needs Review; Status still marked Needs Review; Rights status needs normalization: Rights Unknown; No collection name assigned,Imported from /Users/Birittany/Downloads/Stumps/35.png on 2026-07-26. Event title
medium,SRM-2026-398,"E. C. Foster City Council campaign leaflet, undated",Archive,Civic Leadership,,E. C. Foster,undated,,Geographies To Be Confirmed,Rights Unknown,Missing donor; Condition still marked Needs Review; Status still marked Needs Review; Rights status needs normalization: Rights Unknown; No collection name assigned,Imported from /Users/Birittany/Downloads/Stumps/38.png on 2026-07-26. Candidate name restored from the source description on July 27
medium,SRM-2026-399,"Henry Kirksey mayoral campaign leaflet, undated",Archive,Civic Leadership,,Henry Kirksey,undated,,Downtown Jackson,Rights Unknown,Missing donor; Condition still marked Needs Review; Status still marked Needs Review; Rights status needs normalization: Rights Unknown; No collection name assigned, and civic messaging.
medium,SRM-2026-400,"The National Directory of Black State Legislators, 1981",Archive,Civic Leadership,,,1981,,Washington D.C.,Rights Unknown,Missing donor; Condition still marked Needs Review; Status still marked Needs Review; Rights status needs normalization: Rights Unknown; No collection name assigned,Imported from /Users/Birittany/Downloads/Stumps/40.png on 2026-07-26. Publisher name and Washington
medium,SRM-2026-401,"The UAW Looks at Civil Rights report, October 1959",Archive,Civil Rights and Citizenship,,Walter P. Reuther,1959-10,,Atlantic City New Jersey,Rights Unknown,Missing donor; Condition still marked Needs Review; Status still marked Needs Review; Rights status needs normalization: Rights Unknown; No collection name assigned,Imported from /Users/Birittany/Downloads/Stumps/41.png on 2026-07-26. Cover text indicates the report excerpt relates to the 17th Constitutional Convention
medium,SRM-2026-402,"Equal Rights Congress program and documents, July 1977",Archive,Civil Rights and Citizenship,,,1977-07,,Geographies To Be Confirmed,Rights Unknown,Missing donor; Condition still marked Needs Review; Status still marked Needs Review; Rights status needs normalization: Rights Unknown; No collection name assigned,Imported from /Users/Birittany/Downloads/Stumps/42.png on 2026-07-26. Subtitle
medium,SRM-2026-403,"South Today, January–February 1972",Archive,Family And Local Life,,Carolynne Scott,1972-01/1972-02,,Atlanta Georgia,Rights Unknown,Missing donor; Condition still marked Needs Review; Status still marked Needs Review; Rights status needs normalization: Rights Unknown; No collection name assigned,Imported from /Users/Birittany/Downloads/Stumps/43.png on 2026-07-26. Volume number
medium,SRM-2026-404,"South Today, November 1973",Archive,Civil Rights and Citizenship,,F. Ray Marshall; Gwendolyn R. Davis,1973-11,,Atlanta Georgia,Rights Unknown,Missing donor; Condition still marked Needs Review; Status still marked Needs Review; Rights status needs normalization: Rights Unknown; No collection name assigned,Imported from /Users/Birittany/Downloads/Stumps/44.png on 2026-07-26. Volume number
medium,SRM-2026-405,"The Civil Rights Fight: A Look at the Legislative Record, undated",Archive,Civil Rights and Citizenship,,,undated,,Geographies To Be Confirmed,Rights Unknown,Missing donor; Condition still marked Needs Review; Status still marked Needs Review; Rights status needs normalization: Rights Unknown; No collection name assigned,Imported from /Users/Birittany/Downloads/Stumps/45.png on 2026-07-26. Full subtitle visually confirmed from the cover image on July 27
medium,SRM-2026-406,"New South, April 1964",Archive,Civil Rights and Citizenship,,,1964-04,,Geographies To Be Confirmed,Rights Unknown,Missing donor; Condition still marked Needs Review; Status still marked Needs Review; Rights status needs normalization: Rights Unknown; No collection name assigned,Imported from /Users/Birittany/Downloads/Stumps/46.png on 2026-07-26. Month-year date and cover line visually confirmed from the image on July 27
medium,SRM-2026-407,"The Little Black Book, 1977–1978",Archive,Civic Leadership,,,1977–1978,,Geographies To Be Confirmed,Rights Unknown,Missing donor; Condition still marked Needs Review; Status still marked Needs Review; Rights status needs normalization: Rights Unknown; No collection name assigned, and portable community information resources in the late 1970s.
medium,SRM-2026-408,"Mississippi: Subversion of the Right to Vote, undated",Archive,Civil Rights and Citizenship,,,undated,,Statewide Mississippi,Rights Unknown,Missing donor; Condition still marked Needs Review; Status still marked Needs Review; Rights status needs normalization: Rights Unknown; No collection name assigned,Imported from /Users/Birittany/Downloads/Stumps/48.png on 2026-07-26. Full title visually confirmed from the cover image on July 27
medium,SRM-2026-409,"Mississippi voting-rights booklet interior, undated",Archive,Civil Rights and Citizenship,,Harold Cox; James O. Eastland,undated,,Atlanta Georgia,Rights Unknown,Missing donor; Condition still marked Needs Review; Status still marked Needs Review; Rights status needs normalization: Rights Unknown; No collection name assigned,Imported from /Users/Birittany/Downloads/Stumps/49.png on 2026-07-26. SNCC address
medium,SRM-2026-411,"Registrar’s office, Forrest County Courthouse, Hattiesburg, undated",Photograph,Civil Rights and Citizenship,,,undated,,Geographies To Be Confirmed,Rights Unknown,Missing donor; Condition still marked Needs Review; Status still marked Needs Review; Rights status needs normalization: Rights Unknown; No collection name assigned,Imported from /Users/Birittany/Downloads/Stumps/51.png on 2026-07-26. Source description from pasted-text.txt. OCR not finalized; review image text for additional detail where applicable.
medium,SRM-2026-412,"How Is Your Mental Health?, August 14, 1943",Archive,Material Culture and Interpretation,,,1943-08-14,,Washington D.C.,Rights Unknown,Missing donor; Condition still marked Needs Review; Status still marked Needs Review; Rights status needs normalization: Rights Unknown; No collection name assigned,Imported from /Users/Birittany/Downloads/Stumps/52.png on 2026-07-26. Issuing office
medium,SRM-2026-413,"Street Talk, February 1979",Archive,Family And Local Life,,,1979-02,,Geographies To Be Confirmed,Rights Unknown,Missing donor; Condition still marked Needs Review; Status still marked Needs Review; Rights status needs normalization: Rights Unknown; No collection name assigned,Imported from /Users/Birittany/Downloads/Stumps/53.png on 2026-07-26. Volume number
medium,SRM-2026-416,"Outlook featuring Ruby Shearry, March 1976",Archive,Civic Leadership,,Ruby Shearry; James H. Meredith,1976-03,,Hinds County,Rights Unknown,Missing donor; Condition still marked Needs Review; Status still marked Needs Review; Rights status needs normalization: Rights Unknown; No collection name assigned,Imported from /Users/Birittany/Downloads/Stumps/56.png on 2026-07-26. Cover text
medium,SRM-2026-417,"Outlook: Neta Baker's $70,000 Home Burned to the Ground - Arson, February 1976",Archive,Civic Leadership,,Neta Baker; James H. Meredith,1976-02,,Jackson,Rights Unknown,Missing donor; Condition still marked Needs Review; Status still marked Needs Review; Rights status needs normalization: Rights Unknown; No collection name assigned,Imported from /Users/Birittany/Downloads/Stumps/57.png on 2026-07-26. Headline
medium,SRM-2026-418,"Outlook: Million Dollar Monkey on My Back!!!, October 1976",Archive,Black Health and Medicine,,Oscar Curley McClure; James H. Meredith,1976-10,,Jackson,Rights Unknown,Missing donor; Condition still marked Needs Review; Status still marked Needs Review; Rights status needs normalization: Rights Unknown; No collection name assigned,Imported from /Users/Birittany/Downloads/Stumps/58.png on 2026-07-26. Headline
medium,SRM-2026-419,"Outlook featuring Roxie Patterson Meredith Weatherly, November 1976",Archive,Family And Local Life,,Roxie Patterson Meredith Weatherly; James Meredith; James H. Meredith,1976-11,,Statewide Mississippi,Rights Unknown,Missing donor; Condition still marked Needs Review; Status still marked Needs Review; Rights status needs normalization: Rights Unknown; No collection name assigned,Imported from /Users/Birittany/Downloads/Stumps/59.png on 2026-07-26. Headline
medium,SRM-2026-420,"Outlook Magazine: Blacks Lose Land / 40 Acres and a Mule / Black Farmers in Trouble, December 1978",Archive,Agriculture and Labor,,,1978-12,,Statewide Mississippi,Rights Unknown,Missing donor; Condition still marked Needs Review; Status still marked Needs Review; Rights status needs normalization: Rights Unknown; No collection name assigned,Imported from /Users/Birittany/Downloads/Stumps/60.png on 2026-07-26. Cover date
medium,SRM-2026-421,"Excel, 1982–1983",Archive,Civic Leadership,,Janie Sykes-Kennedy,1982–1983,,Geographies To Be Confirmed,Rights Unknown,Missing donor; Condition still marked Needs Review; Status still marked Needs Review; Rights status needs normalization: Rights Unknown; No collection name assigned,Imported from /Users/Birittany/Downloads/Stumps/61.png on 2026-07-26. Author name on the cover reads Janie Sykes-Kennedy; subtitle and date visually confirmed from the image on July 27
medium,SRM-2026-422,"Rough Riding Down South, 1968",Archive,Material Culture and Interpretation,,J. F. H. Claiborne,1968,,Hattiesburg Mississippi,Rights Unknown,Missing donor; Condition still marked Needs Review; Status still marked Needs Review; Rights status needs normalization: Rights Unknown; No collection name assigned,Imported from /Users/Birittany/Downloads/Stumps/62.png on 2026-07-26. Hattiesburg imprint
medium,SRM-2026-423,"Annual Athletic and Literary Tournament souvenir program, March 10, 1939",Archive,African American Education,,,1939-03-10,,Drew Mississippi,Rights Unknown,Missing donor; Condition still marked Needs Review; Status still marked Needs Review; Rights status needs normalization: Rights Unknown; No collection name assigned,Imported from /Users/Birittany/Downloads/Stumps/63.png on 2026-07-26. Full event title
medium,SRM-2026-425,"Tougaloo College presentation folder, undated",Archive,African American Education,,,undated,,Tougaloo Mississippi,Rights Unknown,Missing donor; Condition still marked Needs Review; Status still marked Needs Review; Rights status needs normalization: Rights Unknown; No collection name assigned,Imported from /Users/Birittany/Downloads/Stumps/65.png on 2026-07-26. Seal details
medium,SRM-2026-426,"Black Perspectives on the Bicentennial: The Struggle for Equality of Educational Opportunity, undated",Archive,African American Education,,,undated,,Geographies To Be Confirmed,Rights Unknown,Missing donor; Condition still marked Needs Review; Status still marked Needs Review; Rights status needs normalization: Rights Unknown; No collection name assigned,Imported from /Users/Birittany/Downloads/Stumps/66.png on 2026-07-26. Full title and National Urban League publication line visually confirmed from the cover image on July 27
medium,SRM-2026-427,"Hi-Ho composition book with classroom fundraising note, undated",Artifact,African American Education,,,undated,,Geographies To Be Confirmed,Rights Unknown,Missing donor; Condition still marked Needs Review; Status still marked Needs Review; Rights status needs normalization: Rights Unknown; No collection name assigned,Imported from /Users/Birittany/Downloads/Stumps/67.png on 2026-07-26. Source description from pasted-text.txt. OCR not finalized; review image text for additional detail where applicable.
medium,SRM-2026-429,"Afro-American Songs and Dances research cards, undated",Artifact,Arts And Culture,,,undated,,Geographies To Be Confirmed,Rights Unknown,Missing donor; Condition still marked Needs Review; Status still marked Needs Review; Rights status needs normalization: Rights Unknown; No collection name assigned,Imported from /Users/Birittany/Downloads/Stumps/69.png on 2026-07-26. Source description from pasted-text.txt. OCR not finalized; review image text for additional detail where applicable.
medium,SRM-2026-431,"Those Who Stayed Home During the Great Migration symposium program, September 14-15, 1989",Archive,Migration And Memory,,,1989-09-14,,Jackson,Rights Unknown,Missing donor; Condition still marked Needs Review; Status still marked Needs Review; Rights status needs normalization: Rights Unknown; No collection name assigned,Imported from /Users/Birittany/Downloads/Stumps/71.png on 2026-07-26. Corrected the year from 1999 to 1989 from the cover image; site and title visually reviewed on July 27
medium,SRM-2026-432,"St. Joseph’s Book of Facts, undated",Archive,Material Culture and Interpretation,,,undated,,Geographies To Be Confirmed,Rights Unknown,Missing donor; Condition still marked Needs Review; Status still marked Needs Review; Rights status needs normalization: Rights Unknown; No collection name assigned,Imported from /Users/Birittany/Downloads/Stumps/72.png on 2026-07-26. Full title visually confirmed from the cover image on July 27
medium,SRM-2026-433,"Service, September 1943",Archive,Military Service,,,1943-09,,United States,Rights Unknown,Missing donor; Condition still marked Needs Review; Status still marked Needs Review; Rights status needs normalization: Rights Unknown; No collection name assigned,Imported from /Users/Birittany/Downloads/Stumps/73.png on 2026-07-26. Cover title
medium,SRM-2026-434,"Arithmetic for Soldiers, 1942",Archive,Military Service,,,1942,,United States,Rights Unknown,Missing donor; Condition still marked Needs Review; Status still marked Needs Review; Rights status needs normalization: Rights Unknown; No collection name assigned,Imported from /Users/Birittany/Downloads/Stumps/74.png on 2026-07-26. Interior page text including A Soldier Uses Arithmetic in the Army visually reviewed from the image on July 27
medium,SRM-2026-435,"Letter from Research Hospital to Sadie Poole, October 15, 1938",Archive,Midwives and Motherhood,,Sadie Poole; L. L. Marshall; Lena Jordan,1938-10-15,,Little Rock,Rights Unknown,Missing donor; Condition still marked Needs Review; Status still marked Needs Review; Rights status needs normalization: Rights Unknown; No collection name assigned,Imported from /Users/Birittany/Downloads/Stumps/75.png on 2026-07-26. Hospital letterhead
medium,SRM-2026-436,"Alcorn Agricultural and Mechanical College examination books, 1937 and 1940",Archive,African American Education,,Sadie L. Poole,1937; 1940,,Alcorn,Rights Unknown,Missing donor; Condition still marked Needs Review; Status still marked Needs Review; Rights status needs normalization: Rights Unknown; No collection name assigned,Imported from /Users/Birittany/Downloads/Stumps/76.png on 2026-07-26. Student name
medium,SRM-2026-437,"Application for a teaching position, April 17, 1941",Archive,African American Education,,David Roberson,1941-04-17,,Jackson,Rights Unknown,Missing donor; Condition still marked Needs Review; Status still marked Needs Review; Rights status needs normalization: Rights Unknown; No collection name assigned,Imported from /Users/Birittany/Downloads/Stumps/77.png on 2026-07-26. Dateline
medium,SRM-2026-438,"First-grade class at the zoo, 1961",Photograph,African American Education,,,1961,,Geographies To Be Confirmed,Rights Unknown,Missing donor; Condition still marked Needs Review; Status still marked Needs Review; Rights status needs normalization: Rights Unknown; No collection name assigned,Imported from /Users/Birittany/Downloads/Stumps/78.png on 2026-07-26. Source description from pasted-text.txt. OCR not finalized; review image text for additional detail where applicable.
medium,SRM-2026-439,"A Tribute To Mrs. Theressa Ruth Garrett Almore, 1907-1991",Archive,Faith And Community Life,,Theressa Ruth Garrett Almore; Johnny Barbour Jr.,1991-01-12,,Jackson,Rights Unknown,Missing donor; Condition still marked Needs Review; Status still marked Needs Review; Rights status needs normalization: Rights Unknown; No collection name assigned,Imported from /Users/Birittany/Downloads/Stumps/79.png on 2026-07-26. Cover title
medium,SRM-2026-441,"Rust College Campus News Briefs, March 23, 1981",Archive,African American Education,,Robert E. Hayes,1981-03-23,,Holly Springs,Rights Unknown,Missing donor; Condition still marked Needs Review; Status still marked Needs Review; Rights status needs normalization: Rights Unknown; No collection name assigned,"Imported from the Stumps folder on July 26, 2026; provenance to be confirmed."
medium,SRM-2026-442,"Reaction Magazine contents and staff pages, 1976",Archive,Arts And Culture,,Roosevelt T. Sanders; Rufus Rawls; Theodore Bozeman Jr.; Glenda Cage; Bernice Washington; Leslie Range; Ralph A. Thurmon,1976,,Jackson,Rights Unknown,Missing donor; Condition still marked Needs Review; Status still marked Needs Review; Rights status needs normalization: Rights Unknown; No collection name assigned,Imported from /Users/Birittany/Downloads/Stumps/82.png on 2026-07-26. Publication title
medium,SRM-2026-443,"Campus Communicator, undated",Photograph,Arts And Culture,,,undated,,Geographies To Be Confirmed,Rights Unknown,Missing donor; Condition still marked Needs Review; Status still marked Needs Review; Rights status needs normalization: Rights Unknown; No collection name assigned,Imported from /Users/Birittany/Downloads/Stumps/83.png on 2026-07-26. Source description from pasted-text.txt. OCR not finalized; review image text for additional detail where applicable.
medium,SRM-2026-444,"SNCC list copy with annotations, 2003 copy of earlier material",Archive,Civil Rights and Citizenship,,,2003-02-06,,United States,Rights Unknown,Missing donor; Condition still marked Needs Review; Status still marked Needs Review; Rights status needs normalization: Rights Unknown; No collection name assigned, and annotation of civil-rights-era organizational information rather than an original SNCC office list.
medium,SRM-2026-445,"Reaction Magazine contents and staff pages, alternate view, 1976",Archive,Arts And Culture,,Roosevelt T. Sanders; Rufus Rawls; Theodore Bozeman Jr.; Willie O. Adams; Chester Moten,1976,,Jackson,Rights Unknown,Missing donor; Condition still marked Needs Review; Status still marked Needs Review; Rights status needs normalization: Rights Unknown; No collection name assigned,Imported from /Users/Birittany/Downloads/Stumps/85.png on 2026-07-26. Publication title
medium,SRM-2026-446,"Head Start Newsletter: Potpourri, December 1977",Archive,African American Education,,,1977-12,,Hinds County,Rights Unknown,Missing donor; Condition still marked Needs Review; Status still marked Needs Review; Rights status needs normalization: Rights Unknown; No collection name assigned,Imported from /Users/Birittany/Downloads/Stumps/86.png on 2026-07-26. Program title
medium,SRM-2026-447,"The Reconciler, April 1978",Archive,Faith And Community Life,,John Perkins,1978-04,,Jackson,Rights Unknown,Missing donor; Condition still marked Needs Review; Status still marked Needs Review; Rights status needs normalization: Rights Unknown; No collection name assigned,Imported from /Users/Birittany/Downloads/Stumps/87.png on 2026-07-26. Title
medium,SRM-2026-448,"The Monitor, September 1982",Archive,Arts And Culture,,John Hohn,1982-09,,Mississippi,Rights Unknown,Missing donor; Condition still marked Needs Review; Status still marked Needs Review; Rights status needs normalization: Rights Unknown; No collection name assigned,Imported from /Users/Birittany/Downloads/Stumps/88.png on 2026-07-26. Publication title
medium,SRM-2026-449,"The Rust College Sentinel, March 1981",Archive,African American Education,,Eric Lawson,1981-03,,Holly Springs,Rights Unknown,Missing donor; Condition still marked Needs Review; Status still marked Needs Review; Rights status needs normalization: Rights Unknown; No collection name assigned,"Imported from the Stumps folder on July 26, 2026; provenance to be confirmed."
medium,SRM-2026-450,"Kommuni-K-Kwarterly, 1978",Archive,Arts And Culture,,,1978,,Jackson,Rights Unknown,Missing donor; Condition still marked Needs Review; Status still marked Needs Review; Rights status needs normalization: Rights Unknown; No collection name assigned, and community institution-building through a 1978 Jackson-area periodical.
medium,SRM-2026-451,"Soul Force, February 1984",Archive,Arts And Culture,,,1984-02,,Oxford,Rights Unknown,Missing donor; Condition still marked Needs Review; Status still marked Needs Review; Rights status needs normalization: Rights Unknown; No collection name assigned,Imported from /Users/Birittany/Downloads/Stumps/91.png on 2026-07-26. Publication title
medium,SRM-2026-453,"Smith Robertson class collage, 1925",Photograph,African American Education,,,1925,,Smith Robertson Campus,Rights Unknown,Missing donor; Condition still marked Needs Review; Status still marked Needs Review; Rights status needs normalization: Rights Unknown; No collection name assigned,Imported from /Users/Birittany/Downloads/Stumps/93.png on 2026-07-26. Source description from pasted-text.txt. OCR not finalized; review image text for additional detail where applicable.
medium,SRM-2026-457,"Childhood portrait labeled “Ms. Bessie Shader,” ca. 1912",Photograph,Family And Local Life,,Ms. Bessie Shader,ca. 1912,,Geographies To Be Confirmed,Rights Unknown,Missing donor; Condition still marked Needs Review; Status still marked Needs Review; Rights status needs normalization: Rights Unknown; No collection name assigned,Imported from /Users/Birittany/Downloads/Stumps/97.png on 2026-07-26. Handwritten identification and approximate date visually reviewed from the image on July 27
medium,SRM-2026-458,"Portrait labeled “Ms. Bessie Shader,” ca. 1918",Photograph,Family And Local Life,,Ms. Bessie Shader,ca. 1918,,Geographies To Be Confirmed,Rights Unknown,Missing donor; Condition still marked Needs Review; Status still marked Needs Review; Rights status needs normalization: Rights Unknown; No collection name assigned,Imported from /Users/Birittany/Downloads/Stumps/98.png on 2026-07-26. Handwritten identification
medium,SRM-2026-460,"Smith Robertson School register of former teachers, 1935–1937",Archive,African American Education,,A. L. Beadle; Elma Slaughter; Luther Marshall; Odel Clausell; B. C. Marino,1935–1937,,Smith Robertson Campus,Rights Unknown,Missing donor; Condition still marked Needs Review; Status still marked Needs Review; Rights status needs normalization: Rights Unknown; No collection name assigned,Imported from /Users/Birittany/Downloads/Stumps/100.png on 2026-07-26. Teacher names
medium,SRM-2026-461,"Reconstruction in Mississippi, 1867–1875",Archive,Civil Rights and Citizenship,,Benjamin Montgomery; James Lynch; James Hill; Charles Caldwell; Thomas W. Cardoza; A. K. Davis; Hiram Revels,1867–1875,,Statewide Mississippi,Rights Unknown,Missing donor; Condition still marked Needs Review; Status still marked Needs Review; Rights status needs normalization: Rights Unknown; No collection name assigned,Imported from /Users/Birittany/Downloads/Stumps/101.png on 2026-07-26. Additional text about the 1878 Mississippi Legislature
medium,SRM-2026-462,"Renaming of the Dr. A. H. McCoy Federal Building, June 7, 1985",Archive,Civic Leadership,,A. H. McCoy,1985-06-07,,Downtown Jackson,Rights Unknown,Missing donor; Condition still marked Needs Review; Status still marked Needs Review; Rights status needs normalization: Rights Unknown; No collection name assigned, and the symbolic naming of a federal building in Jackson.
medium,SRM-2026-463,"Commentary on Richard Wright’s Uncle Tom’s Children, undated",Archive,Arts And Culture,,Richard Wright,undated,,Natchez,Rights Unknown,Missing donor; Condition still marked Needs Review; Status still marked Needs Review; Rights status needs normalization: Rights Unknown; No collection name assigned, and later Black intellectual history.
medium,SRM-2026-464,"United Methodist church on Farish Street, undated",Photograph,Faith And Community Life,,,undated,,Farish Street,Rights Unknown,Missing donor; Condition still marked Needs Review; Status still marked Needs Review; Rights status needs normalization: Rights Unknown; No collection name assigned,Imported from /Users/Birittany/Downloads/Stumps/104.png on 2026-07-26. Handwritten note fragment visually reviewed from the image on July 27
medium,SRM-2026-466,"Ollie Collins, club historian, undated",Photograph,Civic Leadership,,Ollie Collins,undated,,Geographies To Be Confirmed,Rights Unknown,Missing donor; Condition still marked Needs Review; Status still marked Needs Review; Rights status needs normalization: Rights Unknown; No collection name assigned,Imported from /Users/Birittany/Downloads/Stumps/106.png on 2026-07-26. Source description from pasted-text.txt. OCR not finalized; review image text for additional detail where applicable.
medium,SRM-2026-467,"Dorothy Moore, undated",Photograph,Family And Local Life,,Dorothy Moore,undated,,Geographies To Be Confirmed,Rights Unknown,Missing donor; Condition still marked Needs Review; Status still marked Needs Review; Rights status needs normalization: Rights Unknown; No collection name assigned,Imported from /Users/Birittany/Downloads/Stumps/107.png on 2026-07-26. Source description from pasted-text.txt. OCR not finalized; review image text for additional detail where applicable.
medium,SRM-2026-468,"Dorothy Moore, undated",Photograph,Family And Local Life,,Dorothy Moore,undated,,Geographies To Be Confirmed,Rights Unknown,Missing donor; Condition still marked Needs Review; Status still marked Needs Review; Rights status needs normalization: Rights Unknown; No collection name assigned,Imported from /Users/Birittany/Downloads/Stumps/108.png on 2026-07-26. Source description from pasted-text.txt. OCR not finalized; review image text for additional detail where applicable.
medium,SRM-2026-469,"Mississippi legislators at a gala following their swearing-in, January 8, 1980",Photograph,Civic Leadership,,Henry Kirksey; Credell Calhoun; Tillman Frazier; David Green; Leslie King; Aaron Henry; Charles Young; Clayton Henderson; Isiah Fredericks; Tyrone Ellis; Douglas Anderson; Percy Watson; Fred Banks Jr.; Fred Thomas; Robert Clark,1980,,Statewide Mississippi,Rights Unknown,Missing donor; Condition still marked Needs Review; Status still marked Needs Review; Rights status needs normalization: Rights Unknown; No collection name assigned,Imported from /Users/Birittany/Downloads/Stumps/109.png on 2026-07-26. Source description from pasted-text.txt. OCR not finalized; review image text for additional detail where applicable.
medium,SRM-2026-470,"Percy Greene, undated",Photograph,Family And Local Life,,Percy Greene,undated,,Geographies To Be Confirmed,Rights Unknown,Missing donor; Condition still marked Needs Review; Status still marked Needs Review; Rights status needs normalization: Rights Unknown; No collection name assigned,Imported from /Users/Birittany/Downloads/Stumps/110.png on 2026-07-26. Source description from pasted-text.txt. OCR not finalized; review image text for additional detail where applicable.
medium,SRM-2026-471,"James C. Gilliam Jr., 1950",Photograph,Family And Local Life,,James C. Gilliam Jr.,1950,,Geographies To Be Confirmed,Rights Unknown,Missing donor; Condition still marked Needs Review; Status still marked Needs Review; Rights status needs normalization: Rights Unknown; No collection name assigned,Imported from /Users/Birittany/Downloads/Stumps/111.png on 2026-07-26. Name
medium,SRM-2026-472,"Mrs. Rosie Holden of Jackson, undated",Photograph,Family And Local Life,,Rosie Holden,undated,,Downtown Jackson,Rights Unknown,Missing donor; Condition still marked Needs Review; Status still marked Needs Review; Rights status needs normalization: Rights Unknown; No collection name assigned,Imported from /Users/Birittany/Downloads/Stumps/112.png on 2026-07-26. Subject name restored from the source description on July 27
medium,SRM-2026-473,Scott Ford Houses architectural elevation for 136 East Cohea Street,Archive,Midwives and Motherhood,,,undated,,Farish Street,Rights Unknown,Missing donor; Condition still marked Needs Review; Status still marked Needs Review; Rights status needs normalization: Rights Unknown; No collection name assigned,"Imported from /Users/Birittany/Downloads/SRM (1)/1.png on 2026-07-27. Metadata drawn from visual review of the image on July 27, 2026."
medium,SRM-2026-474,Scott Ford Houses architectural elevation for 138 East Cohea Street,Archive,Midwives and Motherhood,,,undated,,Farish Street,Rights Unknown,Missing donor; Condition still marked Needs Review; Status still marked Needs Review; Rights status needs normalization: Rights Unknown; No collection name assigned,"Imported from /Users/Birittany/Downloads/SRM (1)/2.png on 2026-07-27. Metadata drawn from visual review of the image on July 27, 2026."
medium,SRM-2026-476,"Those Who Stayed: A Collectanea, 1988-1989",Archive,Migration And Memory,,,1988-1989,,Statewide Mississippi,Rights Unknown,Missing donor; Condition still marked Needs Review; Status still marked Needs Review; Rights status needs normalization: Rights Unknown; No collection name assigned,"Imported from /Users/Birittany/Downloads/SRM (1)/4.png on 2026-07-27. Metadata drawn from visual review of the image on July 27, 2026."
medium,SRM-2026-478,"The Forgotten Heroes of the Montgomery Bus Boycott, December 1975",Archive,Civil Rights and Citizenship,,Rosa Parks; Vernon Jarrett,1975-12,,"Montgomery, Alabama",Rights Unknown,Missing donor; Condition still marked Needs Review; Status still marked Needs Review; Rights status needs normalization: Rights Unknown; No collection name assigned,"Imported from /Users/Birittany/Downloads/SRM (1)/6.png on 2026-07-27. Metadata drawn from visual review of the image on July 27, 2026."
medium,SRM-2026-479,"Women in Dentistry, Alpha Kappa Alpha Heritage Series No. 5, 1972",Archive,Black Health and Medicine,,,1972,,Geographies To Be Confirmed,Rights Unknown,Missing donor; Condition still marked Needs Review; Status still marked Needs Review; Rights status needs normalization: Rights Unknown; No collection name assigned,"Imported from /Users/Birittany/Downloads/SRM (1)/7.png on 2026-07-27. Metadata drawn from visual review of the image on July 27, 2026."
medium,SRM-2026-480,Mini guide for volunteers for Field to Factory: Afro-American Migration 1915-1940,Archive,Migration And Memory,,,undated,,Statewide Mississippi,Rights Unknown,Missing donor; Condition still marked Needs Review; Status still marked Needs Review; Rights status needs normalization: Rights Unknown; No collection name assigned,"Imported from /Users/Birittany/Downloads/SRM (1)/8.png on 2026-07-27. Metadata drawn from visual review of the image on July 27, 2026."
medium,SRM-2026-481,"Our People dinner theatre program, September 15, 1989",Archive,Arts And Culture,,Malena W. Dow; Hollis Pippin,1989-09-15,,Downtown Jackson,Rights Unknown,Missing donor; Condition still marked Needs Review; Status still marked Needs Review; Rights status needs normalization: Rights Unknown; No collection name assigned,"Imported from /Users/Birittany/Downloads/SRM (1)/9.png on 2026-07-27. Metadata drawn from visual review of the image on July 27, 2026."
medium,SRM-2026-482,"Forums and a symposium on The Impact of Black Migration from the Rural South to the Urban North, 1915 to the Present, Attachment A",Archive,Migration And Memory,,Spencer Crew; Charles Sallis; Dernoral Davis; John Lewis,1988-1989,,Statewide Mississippi,Rights Unknown,Missing donor; Condition still marked Needs Review; Status still marked Needs Review; Rights status needs normalization: Rights Unknown; No collection name assigned,"Imported from /Users/Birittany/Downloads/SRM (1)/10.png on 2026-07-27. Metadata drawn from visual review of the image on July 27, 2026."
medium,SRM-2026-483,"Field to Factory exhibition program, November 6, 1988",Archive,Migration And Memory,,Spencer Crew,1988-11-06,,Downtown Jackson,Rights Unknown,Missing donor; Condition still marked Needs Review; Status still marked Needs Review; Rights status needs normalization: Rights Unknown; No collection name assigned,"Imported from /Users/Birittany/Downloads/SRM (1)/11.png on 2026-07-27. Metadata drawn from visual review of the image on July 27, 2026."
medium,SRM-2026-484,"Field to Factory study guide for the exhibition, undated",Archive,Migration And Memory,,,undated,,Statewide Mississippi,Rights Unknown,Missing donor; Condition still marked Needs Review; Status still marked Needs Review; Rights status needs normalization: Rights Unknown; No collection name assigned,"Imported from /Users/Birittany/Downloads/SRM (1)/12.png on 2026-07-27. Metadata drawn from visual review of the image on July 27, 2026."
medium,SRM-2026-485,"Adam Clayton Powell report on the Asia-Africa Conference, July 26, 1955",Archive,Civic Leadership,,Adam Clayton Powell,1955-07-26,,"Los Angeles, California",Rights Unknown,Missing donor; Condition still marked Needs Review; Status still marked Needs Review; Rights status needs normalization: Rights Unknown; No collection name assigned,"Imported from /Users/Birittany/Downloads/SRM (1)/13.png on 2026-07-27. Metadata drawn from visual review of the image on July 27, 2026."
medium,SRM-2026-486,"Typed planning document related to Black migration forums, undated",Archive,Migration And Memory,,,undated,,Statewide Mississippi,Rights Unknown,Missing donor; Condition still marked Needs Review; Status still marked Needs Review; Rights status needs normalization: Rights Unknown; No collection name assigned,"Imported from /Users/Birittany/Downloads/SRM (1)/14.png on 2026-07-27. Metadata drawn from visual review of the image on July 27, 2026."
medium,SRM-2026-487,"Black and White: The Art of H. J. Lewis, undated",Archive,Arts And Culture,,H. J. Lewis,undated,,"Pine Bluff, Arkansas",Rights Unknown,Missing donor; Condition still marked Needs Review; Status still marked Needs Review; Rights status needs normalization: Rights Unknown; No collection name assigned,"Imported from /Users/Birittany/Downloads/SRM (1)/15.png on 2026-07-27. Metadata drawn from visual review of the image on July 27, 2026."
medium,SRM-2026-489,"Jimmie Dale Law in striped jacket with first grade class, undated",Photograph,African American Education,,Vertilla F. Anderson; Jimmie Dale Law,undated,,Farish Street,Rights Unknown,Missing donor; Condition still marked Needs Review; Status still marked Needs Review; Rights status needs normalization: Rights Unknown; No collection name assigned,"Imported from /Users/Birittany/Downloads/SRM (1)/17.png on 2026-07-27. Metadata drawn from visual review of the image on July 27, 2026."
medium,SRM-2026-490,"Smith Robertson teachers, March 1958",Photograph,African American Education,,Verna Anderson; Eunice Jackson; Christa Hudson; Florence Aaron,1958-03,,Farish Street,Rights Unknown,Missing donor; Condition still marked Needs Review; Status still marked Needs Review; Rights status needs normalization: Rights Unknown; No collection name assigned,"Imported from /Users/Birittany/Downloads/SRM (1)/18.png on 2026-07-27. Metadata drawn from visual review of the image on July 27, 2026."
medium,SRM-2026-494,"Smith Robertson teachers group, March 1958",Photograph,African American Education,,Verna Anderson; Pearl Allen; Christa Hudson; Jimmye J. Bailey; Florence Aaron,1958-03,,Farish Street,Rights Unknown,Missing donor; Condition still marked Needs Review; Status still marked Needs Review; Rights status needs normalization: Rights Unknown; No collection name assigned,"Imported from /Users/Birittany/Downloads/SRM (1)/22.png on 2026-07-27. Metadata drawn from visual review of the image on July 27, 2026."
medium,SRM-2026-495,"Vertilla F. Anderson and first graders outside school, undated",Photograph,African American Education,,Vertilla F. Anderson,undated,,Farish Street,Rights Unknown,Missing donor; Condition still marked Needs Review; Status still marked Needs Review; Rights status needs normalization: Rights Unknown; No collection name assigned,"Imported from /Users/Birittany/Downloads/SRM (1)/23.png on 2026-07-27. Metadata drawn from visual review of the image on July 27, 2026."
medium,SRM-2026-497,"Vertilla F. Anderson first grade classroom, undated",Photograph,African American Education,,Vertilla F. Anderson,undated,,Farish Street,Rights Unknown,Missing donor; Condition still marked Needs Review; Status still marked Needs Review; Rights status needs normalization: Rights Unknown; No collection name assigned,"Imported from /Users/Birittany/Downloads/SRM (1)/25.png on 2026-07-27. Metadata drawn from visual review of the image on July 27, 2026."
medium,SRM-2026-498,"Teachers Vertilla Friar Anderson and Jimmye J. Bailey, undated",Photograph,African American Education,,Vertilla Friar Anderson; Jimmye J. Bailey,undated,,Farish Street,Rights Unknown,Missing donor; Condition still marked Needs Review; Status still marked Needs Review; Rights status needs normalization: Rights Unknown; No collection name assigned,"Imported from /Users/Birittany/Downloads/SRM (1)/26.png on 2026-07-27. Metadata drawn from visual review of the image on July 27, 2026."
medium,SRM-2026-500,"Fourth grade class, 1953",Photograph,African American Education,,,1953,,Farish Street,Rights Unknown,Missing donor; Condition still marked Needs Review; Status still marked Needs Review; Rights status needs normalization: Rights Unknown; No collection name assigned,"Imported from /Users/Birittany/Downloads/SRM (1)/28.png on 2026-07-27. Metadata drawn from visual review of the image on July 27, 2026."
medium,SRM-2026-501,"Smith Robertson class trip scene at the airport, undated",Photograph,African American Education,,,undated,,Geographies To Be Confirmed,Rights Unknown,Missing donor; Condition still marked Needs Review; Status still marked Needs Review; Rights status needs normalization: Rights Unknown; No collection name assigned,"Imported from /Users/Birittany/Downloads/SRM (1)/29.png on 2026-07-27. Metadata drawn from visual review of the image on July 27, 2026."
medium,SRM-2026-503,"At the airport with Clara Caston, Christa Hudson, Florence Aaron, Vertilla F. Anderson, and children, undated",Photograph,African American Education,,Clara Caston; Christa Hudson; Florence Aaron; Vertilla F. Anderson,undated,,Geographies To Be Confirmed,Rights Unknown,Missing donor; Condition still marked Needs Review; Status still marked Needs Review; Rights status needs normalization: Rights Unknown; No collection name assigned,"Imported from /Users/Birittany/Downloads/SRM (1)/31.png on 2026-07-27. Metadata drawn from visual review of the image on July 27, 2026."
medium,SRM-2026-504,"Smith Robertson first graders, undated",Photograph,African American Education,,Vertilla F. Anderson,undated,,Farish Street,Rights Unknown,Missing donor; Condition still marked Needs Review; Status still marked Needs Review; Rights status needs normalization: Rights Unknown; No collection name assigned,"Imported from /Users/Birittany/Downloads/SRM (1)/32.png on 2026-07-27. Metadata drawn from visual review of the image on July 27, 2026."
medium,SRM-2026-505,"Martin Luther King Jr. memorial gathering at Smith Robertson, undated",Photograph,Civil Rights and Citizenship,,Martin Luther King Jr.,undated,,Downtown Jackson,Rights Unknown,Missing donor; Condition still marked Needs Review; Status still marked Needs Review; Rights status needs normalization: Rights Unknown; No collection name assigned,"Imported from /Users/Birittany/Downloads/SRM (1)/33.png on 2026-07-27. Metadata drawn from visual review of the image on July 27, 2026."
medium,SRM-2026-506,"Womanpower and the Jackson Movement, undated",Archive,Civil Rights and Citizenship,,,undated,,Downtown Jackson,Rights Unknown,Missing donor; Condition still marked Needs Review; Status still marked Needs Review; Rights status needs normalization: Rights Unknown; No collection name assigned,"Imported from /Users/Birittany/Downloads/SRM (1)/34.png on 2026-07-27. Metadata drawn from visual review of the image on July 27, 2026."
medium,SRM-2026-507,"National Lawyers Guild letter on legal assistance in Mississippi, undated",Archive,Civil Rights and Citizenship,,George W. Crockett Jr.,undated,,Farish Street,Rights Unknown,Missing donor; Condition still marked Needs Review; Status still marked Needs Review; Rights status needs normalization: Rights Unknown; No collection name assigned,"Imported from /Users/Birittany/Downloads/SRM (1)/35.png on 2026-07-27. Metadata drawn from visual review of the image on July 27, 2026."
medium,SRM-2026-508,"Guide to Subversive Organizations and Publications with National Lawyers Guild annotations, 1961",Archive,Civil Rights and Citizenship,,National Lawyers Guild,1961-12,,Statewide Mississippi,Rights Unknown,Missing donor; Condition still marked Needs Review; Status still marked Needs Review; Rights status needs normalization: Rights Unknown; No collection name assigned,"Imported from /Users/Birittany/Downloads/SRM (1)/36.png on 2026-07-27. Metadata drawn from visual review of the image on July 27, 2026."
medium,SRM-2026-510,"Biographical page on Dr. S. A. Miller and Mrs. L. F. Miller, M.D., undated",Archive,Black Health and Medicine,,S. Albert Miller; Lucille F. Miller,undated,,Downtown Jackson,Rights Unknown,Missing donor; Condition still marked Needs Review; Status still marked Needs Review; Rights status needs normalization: Rights Unknown; No collection name assigned,"Imported from /Users/Birittany/Downloads/SRM (1)/38.png on 2026-07-27. Metadata drawn from visual review of the image on July 27, 2026."
medium,SRM-2026-511,"Jackson State University support letter for Smith Robertson museum development, February 1, 1984",Archive,Community and Professional Life,,John A. Peoples Jr.; Cora Norman,1984-02-01,,Downtown Jackson,Rights Unknown,Missing donor; Condition still marked Needs Review; Status still marked Needs Review; Rights status needs normalization: Rights Unknown; No collection name assigned,"Imported from /Users/Birittany/Downloads/SRM (1)/39.png on 2026-07-27. Metadata drawn from visual review of the image on July 27, 2026."
medium,SRM-2026-513,"Arthur Hall Afro-American Dance Ensemble program, undated",Archive,Arts And Culture,,Arthur Hall,undated,,Geographies To Be Confirmed,Rights Unknown,Missing donor; Condition still marked Needs Review; Status still marked Needs Review; Rights status needs normalization: Rights Unknown; No collection name assigned,"Imported from /Users/Birittany/Downloads/SRM (1)/41.png on 2026-07-27. Metadata drawn from visual review of the image on July 27, 2026."
medium,SRM-2026-514,"Lanier High School Class of 1944 fiftieth graduation anniversary program, June 24-26, 1994",Archive,African American Education,,,1994-06-24/1994-06-26,,Downtown Jackson,Rights Unknown,Missing donor; Condition still marked Needs Review; Status still marked Needs Review; Rights status needs normalization: Rights Unknown; No collection name assigned,"Imported from /Users/Birittany/Downloads/SRM (1)/42.png on 2026-07-27. Metadata drawn from visual review of the image on July 27, 2026."
medium,SRM-2026-515,"Lanier and Jim Hill 1953 class reunion booklet, undated",Archive,African American Education,,,undated,,Downtown Jackson,Rights Unknown,Missing donor; Condition still marked Needs Review; Status still marked Needs Review; Rights status needs normalization: Rights Unknown; No collection name assigned,"Imported from /Users/Birittany/Downloads/SRM (1)/43.png on 2026-07-27. Metadata drawn from visual review of the image on July 27, 2026."
medium,SRM-2026-516,"Tougaloo Southern News, January 1959",Archive,African American Education,,,1959-01,,Tougaloo,Rights Unknown,Missing donor; Condition still marked Needs Review; Status still marked Needs Review; Rights status needs normalization: Rights Unknown; No collection name assigned,"Imported from /Users/Birittany/Downloads/SRM (1)/44.png on 2026-07-27. Metadata drawn from visual review of the image on July 27, 2026."
medium,SRM-2026-517,"The thirtieth year reunion of the Lanier High School class of 1954, July 6-7, 1984",Archive,African American Education,,,1984-07-06/1984-07-07,,Downtown Jackson,Rights Unknown,Missing donor; Condition still marked Needs Review; Status still marked Needs Review; Rights status needs normalization: Rights Unknown; No collection name assigned,"Imported from /Users/Birittany/Downloads/SRM (1)/45.png on 2026-07-27. Metadata drawn from visual review of the image on July 27, 2026."
medium,SRM-2026-518,"Tougaloo News college magazine, July 1984",Archive,African American Education,,,1984-07,,Tougaloo,Rights Unknown,Missing donor; Condition still marked Needs Review; Status still marked Needs Review; Rights status needs normalization: Rights Unknown; No collection name assigned,"Imported from /Users/Birittany/Downloads/SRM (1)/46.png on 2026-07-27. Metadata drawn from visual review of the image on July 27, 2026."
medium,SRM-2026-519,"Lanier High School Class of 1941 reunion program, September 19-21, 1986",Archive,African American Education,,,1986-09-19/1986-09-21,,Downtown Jackson,Rights Unknown,Missing donor; Condition still marked Needs Review; Status still marked Needs Review; Rights status needs normalization: Rights Unknown; No collection name assigned,"Imported from /Users/Birittany/Downloads/SRM (1)/47.png on 2026-07-27. Metadata drawn from visual review of the image on July 27, 2026."
medium,SRM-2026-520,"Lanier High School Class of 1949 reunion program, July 20-22, 1984",Archive,African American Education,,,1984-07-20/1984-07-22,,Downtown Jackson,Rights Unknown,Missing donor; Condition still marked Needs Review; Status still marked Needs Review; Rights status needs normalization: Rights Unknown; No collection name assigned,"Imported from /Users/Birittany/Downloads/SRM (1)/48.png on 2026-07-27. Metadata drawn from visual review of the image on July 27, 2026."
medium,SRM-2026-521,"Typed historical commentary on Montgomery and the Mississippi constitution of 1890, undated",Archive,Civil Rights and Citizenship,,Montgomery,undated,,Statewide Mississippi,Rights Unknown,Missing donor; Condition still marked Needs Review; Status still marked Needs Review; Rights status needs normalization: Rights Unknown; No collection name assigned,"Imported from /Users/Birittany/Downloads/SRM (1)/49.png on 2026-07-27. Metadata drawn from visual review of the image on July 27, 2026."
medium,SRM-2026-522,"Lanier Class of 1947 thirty-seventh anniversary reunion program, July 27-29, 1984",Archive,African American Education,,,1984-07-27/1984-07-29,,Downtown Jackson,Rights Unknown,Missing donor; Condition still marked Needs Review; Status still marked Needs Review; Rights status needs normalization: Rights Unknown; No collection name assigned,"Imported from /Users/Birittany/Downloads/SRM (1)/50.png on 2026-07-27. Metadata drawn from visual review of the image on July 27, 2026."
medium,SRM-2026-523,"The Mississippi Panel Exhibit brochure, 1997-1999",Archive,Arts And Culture,,Roland L. Freeman,1997-1999,,Statewide Mississippi,Rights Unknown,Missing donor; Condition still marked Needs Review; Status still marked Needs Review; Rights status needs normalization: Rights Unknown; No collection name assigned,"Imported from /Users/Birittany/Downloads/SRM (1)/51.png on 2026-07-27. Metadata drawn from visual review of the image on July 27, 2026."
medium,SRM-2026-524,Emergency School Aid Act of 1970 hearings extract,Archive,African American Education,,,1970,,National,Rights Unknown,Missing donor; Condition still marked Needs Review; Status still marked Needs Review; Rights status needs normalization: Rights Unknown; No collection name assigned,"Imported from /Users/Birittany/Downloads/SRM (1)/52.png on 2026-07-27. Metadata drawn from visual review of the image on July 27, 2026."
medium,SRM-2026-526,"SCAASI Southern Conference on Afro-American Studies general convention program, 1983",Archive,African American Education,,,1983,,Tougaloo,Rights Unknown,Missing donor; Condition still marked Needs Review; Status still marked Needs Review; Rights status needs normalization: Rights Unknown; No collection name assigned,"Imported from /Users/Birittany/Downloads/SRM (1)/54.png on 2026-07-27. Metadata drawn from visual review of the image on July 27, 2026."
medium,SRM-2026-527,"NAACP v. Claiborne Hardware Company respondents’ brief in opposition, October 15, 1981",Archive,Civil Rights and Citizenship,,NAACP,1981-10-15,,Statewide Mississippi,Rights Unknown,Missing donor; Condition still marked Needs Review; Status still marked Needs Review; Rights status needs normalization: Rights Unknown; No collection name assigned,"Imported from /Users/Birittany/Downloads/SRM (1)/55.png on 2026-07-27. Metadata drawn from visual review of the image on July 27, 2026."
medium,SRM-2026-528,"America’s Stake in Human Rights, September 1949",Archive,Civil Rights and Citizenship,,Ryland W. Crary; John T. Robinson,1949-09,,National,Rights Unknown,Missing donor; Condition still marked Needs Review; Status still marked Needs Review; Rights status needs normalization: Rights Unknown; No collection name assigned,"Imported from /Users/Birittany/Downloads/SRM (1)/56.png on 2026-07-27. Metadata drawn from visual review of the image on July 27, 2026."
medium,SRM-2026-775,"Lawrence A. Jones, Margaret Burroughs, and Karl Griffin seated together, undated",Photograph,Arts And Culture,,Lawrence A. Jones; Margaret Burroughs; Karl Griffin,undated,,,"Rights reserved, contact Smith Robertson",Missing donor; Missing neighborhood/geography detail; Condition still marked Needs Review; Status still marked Needs Review; No collection name assigned,"Imported from /Users/Birittany/Downloads/Lawrence A Jones, Margaret Burroughs, Karl Griffin/1.png on 2026-08-05."
medium,SRM-2026-776,"Community meeting around a conference table, undated",Photograph,Community and Professional Life,,,undated,,,"Rights reserved, contact Smith Robertson",Missing donor; Missing neighborhood/geography detail; Condition still marked Needs Review; Status still marked Needs Review; No collection name assigned,"Imported from /Users/Birittany/Downloads/Lawrence A Jones, Margaret Burroughs, Karl Griffin/2.png on 2026-08-05."
medium,SRM-2026-778,"Typing classroom with students at typewriters, undated",Photograph,African American Education,,,undated,Piney Woods School,,"Rights reserved, contact Smith Robertson",Missing neighborhood/geography detail; Condition still marked Needs Review; Status still marked Needs Review; No collection name assigned,"Imported from /Users/Birittany/Downloads/Lawrence A Jones, Margaret Burroughs, Karl Griffin/4.png on 2026-08-05. Legacy accession label visible in image: 83.13.11. Alternate accession corrected from an earlier reading on August 6, 2026."
medium,SRM-2026-779,"House and parked car, undated",Photograph,Family And Local Life,,,undated,,,"Rights reserved, contact Smith Robertson",Missing donor; Missing neighborhood/geography detail; Condition still marked Needs Review; Status still marked Needs Review; No collection name assigned,"Imported from /Users/Birittany/Downloads/Lawrence A Jones, Margaret Burroughs, Karl Griffin/5.png on 2026-08-05."
medium,SRM-2026-782,"House doorway with wooden porch, undated",Photograph,Family And Local Life,,,undated,,,"Rights reserved, contact Smith Robertson",Missing donor; Missing neighborhood/geography detail; Condition still marked Needs Review; Status still marked Needs Review; No collection name assigned,"Imported from /Users/Birittany/Downloads/Lawrence A Jones, Margaret Burroughs, Karl Griffin/8.png on 2026-08-05."
medium,SRM-2026-784,"Charles H. Wilson posed in front of the school with students, undated",Photograph,African American Education,,Charles H. Wilson,undated,Ada Wilson,,"Rights reserved, contact Smith Robertson",Missing neighborhood/geography detail; Condition still marked Needs Review; Status still marked Needs Review; No collection name assigned,"Imported from /Users/Birittany/Downloads/Lawrence A Jones, Margaret Burroughs, Karl Griffin/10.png on 2026-08-05. Legacy accession label visible in image: 83.15.7. Identification and donor context supplied on August 6, 2026."
medium,SRM-2026-788,"YWCA branch leadership group seated around a table, 1940s or 1950s",Photograph,Civic Leadership,,,1940s or 1950s,,,"Rights reserved, contact Smith Robertson",Missing donor; Missing neighborhood/geography detail; Condition still marked Needs Review; Status still marked Needs Review; No collection name assigned,"Imported from /Users/Birittany/Downloads/Lawrence A Jones, Margaret Burroughs, Karl Griffin/15.png on 2026-08-05. Handwritten note identifies the scene as a YWCA branch leadership or management committee photograph and lists several women by name and role."
medium,SRM-2026-789,"Baseball players behind a chain-link fence, undated",Photograph,African American Education,,,undated,,,"Rights reserved, contact Smith Robertson",Missing donor; Missing neighborhood/geography detail; Condition still marked Needs Review; Status still marked Needs Review; No collection name assigned,"Imported from /Users/Birittany/Downloads/Lawrence A Jones, Margaret Burroughs, Karl Griffin/16.png on 2026-08-05."
medium,SRM-2026-791,"Outdoor labor or logging scene, undated",Photograph,Community and Professional Life,,,undated,,,"Rights reserved, contact Smith Robertson",Missing donor; Missing neighborhood/geography detail; Condition still marked Needs Review; Status still marked Needs Review; No collection name assigned,"Imported from /Users/Birittany/Downloads/Lawrence A Jones, Margaret Burroughs, Karl Griffin/19.png on 2026-08-05."
medium,SRM-2026-792,"Figure standing in a field, undated",Photograph,Family And Local Life,,,undated,,,"Rights reserved, contact Smith Robertson",Missing donor; Missing neighborhood/geography detail; Condition still marked Needs Review; Status still marked Needs Review; No collection name assigned,"Imported from /Users/Birittany/Downloads/Lawrence A Jones, Margaret Burroughs, Karl Griffin/20.png on 2026-08-05."
medium,SRM-2026-793,"Printed portrait of Richmond Barthe, undated",Archive,Arts And Culture,,Richmond Barthe,undated,,,"Rights reserved, contact Smith Robertson",Missing donor; Missing neighborhood/geography detail; Condition still marked Needs Review; Status still marked Needs Review; No collection name assigned,"Imported from /Users/Birittany/Downloads/Lawrence A Jones, Margaret Burroughs, Karl Griffin/21.png on 2026-08-05. Printed caption identifies the subject as Richmond Barthe."
medium,SRM-2026-794,"Printed portrait of Mary Leontyne Price, undated",Archive,Arts And Culture,,Mary Leontyne Price,undated,,,"Rights reserved, contact Smith Robertson",Missing donor; Missing neighborhood/geography detail; Condition still marked Needs Review; Status still marked Needs Review; No collection name assigned,"Imported from /Users/Birittany/Downloads/Lawrence A Jones, Margaret Burroughs, Karl Griffin/22.png on 2026-08-05. Printed caption identifies the subject as Mary Leontyne Price."
medium,SRM-2026-795,"Cooperative worker sewing stuffed dolls at Rose Hill near Lexington, undated",Photograph,Community and Professional Life,,,undated,,,"Rights reserved, contact Smith Robertson",Missing donor; Missing neighborhood/geography detail; Condition still marked Needs Review; Status still marked Needs Review; No collection name assigned,"Imported from /Users/Birittany/Downloads/Lawrence A Jones, Margaret Burroughs, Karl Griffin/23.png on 2026-08-05. Handwritten note reads: ""Coop worker at Rose Hill nr. Lexington."""
medium,SRM-2026-797,"Southern Changes, October-November 1978",Archive,Civil Rights and Citizenship,,,October-November 1978,,,"Rights reserved, contact Smith Robertson",Missing donor; Missing neighborhood/geography detail; Condition still marked Needs Review; Status still marked Needs Review; No collection name assigned,"Imported from /Users/Birittany/Downloads/Lawrence A Jones, Margaret Burroughs, Karl Griffin/25.png on 2026-08-05. Cover lines visible in image: ""The Courtesy of Becoming a Federal Judge,"" ""Vivian Malone Jones and the VEP,"" and ""ERA and the Southern Black Woman."""
medium,SRM-2026-798,"Groundbreaking of a church on Farish Street, undated",Photograph,Community and Professional Life,,,undated,,Farish Street,"Rights reserved, contact Smith Robertson",Missing donor; Condition still marked Needs Review; Status still marked Needs Review; No collection name assigned,"Imported from /Users/Birittany/Downloads/Lawrence A Jones, Margaret Burroughs, Karl Griffin/26.png on 2026-08-05. On-image caption reads ""Groundbreaking of a Church on Farish St."""
medium,SRM-2026-799,"Learning to Sew, William Johnson Center, Jackson, Mississippi, undated",Photograph,African American Education,,,undated,,,"Rights reserved, contact Smith Robertson",Missing donor; Missing neighborhood/geography detail; Condition still marked Needs Review; Status still marked Needs Review; No collection name assigned,"Imported from /Users/Birittany/Downloads/Lawrence A Jones, Margaret Burroughs, Karl Griffin/28.png on 2026-08-05. Printed caption at lower edge reads ""Learning to Sew"" and ""William Johnson Center, Jackson, Miss."""
medium,SRM-2026-800,"Classroom or workshop scene with seated participants, undated",Photograph,African American Education,,,undated,,,"Rights reserved, contact Smith Robertson",Missing donor; Missing neighborhood/geography detail; Condition still marked Needs Review; Status still marked Needs Review; No collection name assigned,"Imported from /Users/Birittany/Downloads/Lawrence A Jones, Margaret Burroughs, Karl Griffin/29.png on 2026-08-05."
medium,SRM-2026-801,"Printed portrait of William Grant Still, undated",Archive,Arts And Culture,,William Grant Still,undated,,,"Rights reserved, contact Smith Robertson",Missing donor; Missing neighborhood/geography detail; Condition still marked Needs Review; Status still marked Needs Review; No collection name assigned,"Imported from /Users/Birittany/Downloads/Lawrence A Jones, Margaret Burroughs, Karl Griffin/30.png on 2026-08-05."
medium,SRM-2026-802,"Printed portrait of Robert Earl Jones, undated",Archive,Arts And Culture,,Robert Earl Jones,undated,,,"Rights reserved, contact Smith Robertson",Missing donor; Missing neighborhood/geography detail; Condition still marked Needs Review; Status still marked Needs Review; No collection name assigned,"Imported from /Users/Birittany/Downloads/Lawrence A Jones, Margaret Burroughs, Karl Griffin/31.png on 2026-08-05."
medium,SRM-2026-803,"Printed portrait of Richmond Barthe, variant view, undated",Archive,Arts And Culture,,Richmond Barthe,undated,,,"Rights reserved, contact Smith Robertson",Missing donor; Missing neighborhood/geography detail; Condition still marked Needs Review; Status still marked Needs Review; No collection name assigned,"Imported from /Users/Birittany/Downloads/Lawrence A Jones, Margaret Burroughs, Karl Griffin/32.png on 2026-08-05."
medium,SRM-2026-804,"Advertising fan for OJ's Beauty Lotion and Coal Roller Pills, undated",Artifact,Community and Professional Life,,,undated,,,"Rights reserved, contact Smith Robertson",Missing donor; Missing neighborhood/geography detail; Condition still marked Needs Review; Status still marked Needs Review; No collection name assigned,"Imported from /Users/Birittany/Downloads/Lawrence A Jones, Margaret Burroughs, Karl Griffin/33.png on 2026-08-05."
medium,SRM-2026-805,"Smith Robertson School building facade, undated",Photograph,African American Education,,,undated,,Smith Robertson Campus,"Rights reserved, contact Smith Robertson",Missing donor; Condition still marked Needs Review; Status still marked Needs Review; No collection name assigned,"Imported from /Users/Birittany/Downloads/Lawrence A Jones, Margaret Burroughs, Karl Griffin/34.png on 2026-08-05."
medium,SRM-2026-806,"Conic's Beauty-Barber Supply storefront, undated",Photograph,Community and Professional Life,,,undated,,Farish Street,"Rights reserved, contact Smith Robertson",Missing donor; Condition still marked Needs Review; Status still marked Needs Review; No collection name assigned,"Imported from /Users/Birittany/Downloads/Lawrence A Jones, Margaret Burroughs, Karl Griffin/38.png on 2026-08-05. Window signage reads ""Conic's Beauty-Barber Supply."""
medium,SRM-2026-807,"Sports pin awarded to Prof. Luther Marshall, undated",Artifact,African American Education,,Luther Marshall,undated,Mrs. Esther Marshall,,"Rights reserved, contact Smith Robertson",Missing neighborhood/geography detail; Condition still marked Needs Review; Status still marked Needs Review; No collection name assigned,"Imported from /Users/Birittany/Downloads/Lawrence A Jones, Margaret Burroughs, Karl Griffin/47.png on 2026-08-05. Typed label on ribbon reads ""Luther Marshall."" Legacy accession label visible in image: 84.17.6. Donor context supplied on August 6, 2026."
medium,SRM-2026-808,"WWII unit portrait identified with Marcus Greer at far left, 1940s",Photograph,Community and Professional Life,WWII Soldiers Collection,Marcus Greer,1940s,,,"Rights reserved, contact Smith Robertson",Missing donor; Missing neighborhood/geography detail; Condition still marked Needs Review; Status still marked Needs Review,"Imported from /Users/Birittany/Downloads/Lawrence A Jones, Margaret Burroughs, Karl Griffin/48.png on 2026-08-05. Handwritten note reads ""Marcus Greer's Unit,"" ""WWII,"" and ""Marcus standing extreme left."""
medium,SRM-2026-822,"Color portrait of Fred Scott in uniform, undated",Photograph,Portraiture and Community Memory,WWII Soldiers Collection,Fred Scott,undated,,,"Rights reserved, contact Smith Robertson",Missing donor; Missing neighborhood/geography detail; Condition still marked Needs Review; Status still marked Needs Review,"Imported from /Users/Birittany/Downloads/Lawrence A Jones, Margaret Burroughs, Karl Griffin/65.png on 2026-08-05."
medium,SRM-2026-825,"Photo of Rev. J. V. Johnson with poem on the back, undated",Photograph,Civic Leadership,,Rev. J. V. Johnson,undated,Ian Tomlin,,"Rights reserved, contact Smith Robertson",Missing neighborhood/geography detail; Condition still marked Needs Review; Status still marked Needs Review; No collection name assigned,"Imported from /Users/Birittany/Downloads/Lawrence A Jones, Margaret Burroughs, Karl Griffin/68.png on 2026-08-05. Legacy accession label visible in image: 86.17.39. Earlier note recorded an accompanying card credited to Bishop J. E. V. Johnson; title and donor refined on August 6, 2026."
medium,SRM-2026-826,"Fraternal lodge officers posed in ceremonial regalia, undated",Photograph,Civic Leadership,,,undated,,,"Rights reserved, contact Smith Robertson",Missing donor; Missing neighborhood/geography detail; Condition still marked Needs Review; Status still marked Needs Review; No collection name assigned,"Imported from /Users/Birittany/Downloads/Lawrence A Jones, Margaret Burroughs, Karl Griffin/70.png on 2026-08-05."
medium,SRM-2026-827,"Farish Street Baptist Church, 619 N. Farish, undated",Photograph,Community and Professional Life,,,undated,,Farish Street,"Rights reserved, contact Smith Robertson",Missing donor; Condition still marked Needs Review; Status still marked Needs Review; No collection name assigned,"Imported from /Users/Birittany/Downloads/Lawrence A Jones, Margaret Burroughs, Karl Griffin/71.png on 2026-08-05. Handwritten label reads Farish Street Baptist Church, 619 N. Farish."
medium,SRM-2026-828,"Fraternal leader speaking at a podium, undated",Photograph,Civic Leadership,,,undated,,,"Rights reserved, contact Smith Robertson",Missing donor; Missing neighborhood/geography detail; Condition still marked Needs Review; Status still marked Needs Review; No collection name assigned,"Imported from /Users/Birittany/Downloads/Lawrence A Jones, Margaret Burroughs, Karl Griffin/72.png on 2026-08-05."
medium,SRM-2026-838,"Dotty Cab Restaurant (White House), undated",Photograph,Community and Professional Life,,,undated,Willsard Johnson,,"Rights reserved, contact Smith Robertson",Missing neighborhood/geography detail; Condition still marked Needs Review; Status still marked Needs Review; No collection name assigned,"Imported from /Users/Birittany/Downloads/Lawrence A Jones, Margaret Burroughs, Karl Griffin/86.png on 2026-08-05. Legacy accession label visible in image: 85.8.10. Identification and donor context supplied on August 6, 2026."
medium,SRM-2026-841,"Smith Robertson School 8th-grade class collage, 1925",Photograph,African American Education,,Richard Wright,1925,,Smith Robertson Campus,"Rights reserved, contact Smith Robertson",Missing donor; Condition still marked Needs Review; Status still marked Needs Review; No collection name assigned,"Imported from /Users/Birittany/Downloads/Lawrence A Jones, Margaret Burroughs, Karl Griffin/176.png on 2026-08-05. Handwritten note reads ""1925 Smith Robertson School Class - 8th grade Richard Wright."""
medium,SRM-P-1955-012,"Portrait photograph of A.N. Jackson, principal",Artifact,African American Education,SR,A.N. Jackson,c.1950,,Smith Robertson Campus,Museum Use Only,Missing donor and provenance; Rights status needs normalization: Museum Use Only,
medium,SRM-P-1960-020,Smith Robinson School Sunday Evening Meeting,Photograph,African American Education,SR,,,,Smith Robertson Campus,Educational Use Approved,Missing object date; Missing donor and provenance,
medium,SRM-P-2026-011,Portrait photograph of Principal James Gooden,Photograph,African American Education,SR,James Gooden,,,Smith Robertson Campus,Museum Use Only,Missing object date; Missing donor and provenance; Rights status needs normalization: Museum Use Only,Exact date still needs confirmation from source documentation.
medium,SRM-P-c.1950- 018,Portrait photograph of Richard Wright,Photograph,Arts And Culture,SR,Richard Wright,c.1950,,Mississippi,Public Domain,Missing donor and provenance,Corrected capitalization and description during 2026-07-18 metadata pass.
medium,SRM-P-c.1970- 017,Smith Robertson Under Construction,Photograph,African American Education,SR,,,,Smith Robertson Campus,Public Domain,Missing object date; Missing donor and provenance,
medium,SRM-R--2013-001,Jackson Advocate 2013,Newspaper / Periodical,Arts And Culture,Jackson Advocate,,2013,Jackson Advocate,,Public Domain,Missing provenance; Missing neighborhood/geography detail,
medium,SRM-R--2026-006,Field to Factory Slides and Videos,Artifact,African American Education,Smith Robertson,,,Smith Robertson,Smith Robertson Campus,Museum Use Only,Missing object date; Missing provenance; Rights status needs normalization: Museum Use Only,
medium,SRM-R--2026-009,Field to Factory Art Box,Exhibit,African American Education,Smith robinson,,unknown,,Statewide Mississippi,Museum Use Only,Missing donor and provenance; Rights status needs normalization: Museum Use Only,
medium,SRM-R--c.1900-019,Photo of Smith Robertson,Artifact,African American Education,SR,,,SR,Smith Robertson Campus,Educational Use Approved,Missing object date; Missing provenance,
low,SRM-2026-080,Inventory of Jerry and Sue Whitt donation,Archive,Arts And Culture,Museum Administrative Records,Jerry Whitt; Sue Whitt,"May 10, 2007; signed June 24, 2007",Jerry Whitt; Sue Whitt,"Jackson, Mississippi",Museum Use Only,Missing provenance; Rights status needs normalization: Museum Use Only,"Source image: Untitled design (37)/1.png. Listed objects include Village Life, Child Taken by Mermaid, Zimbabwe woven hat, and framed Zimbabwe paintings."
low,SRM-2026-116,Alamo Theatre September 1976 promotional calendar,Archive,Arts And Culture,Farish Street Business District Collection,,1976-09-01 00:00:00,,Farish Street,Rights Unknown,Missing donor; Rights status needs normalization: Rights Unknown,"Documents Black entertainment venues, Farish Street business history, and neighborhood leisure culture in Jackson."
low,SRM-2026-122,Framed abstract print with bird and reclining figure motifs,Artifact,Arts And Culture,Art Collection,,1973,,Geographies To Be Confirmed,Rights Unknown,Missing donor; Rights status needs normalization: Rights Unknown,Represents modern printmaking or graphic art within the museum's art holdings.
low,SRM-2026-124,Post Office Department appointment certificate for Thomas Keys,Archive,Community and Professional Life,Civic Leadership Collection,Thomas Keys,1877,,United States,Rights Unknown,Missing donor; Rights status needs normalization: Rights Unknown,"Documents federal appointment, Black civic participation, and local postal history in Reconstruction-era or post-Reconstruction Mississippi."
low,SRM-2026-221,Occupational tintype resembling Dr. Sarah Loguen Fraser,Photograph,Midwives and Motherhood,Smith Robertson Photograph Collection,Sarah Loguen Fraser (attributed resemblance),19th century,,United States,Rights Held by Museum,Missing donor; Status still marked Needs Review,Embedded caption says the woman is unidentified but strongly resembles Dr. Sarah Loguen Fraser. Source image renamed from gettyimages-1326286736-594x594.jpg.
low,SRM-2026-222,"Sharecropper scene in Ruleville, Mississippi",Photograph,Agriculture and Labor,Smith Robertson Photograph Collection,,20th century,,"Ruleville, Mississippi",Rights Held by Museum,Missing donor; Status still marked Needs Review,"Embedded caption: Sharecropper - Ruleville, Mississippi. Source image renamed from gettyimages-1395725163-594x594.jpg."
low,SRM-2026-223,Portrait of Richard Henry Beadle,Photograph,Portraiture and Community Memory,Smith Robertson Photograph Collection,Richard Henry Beadle,20th century,,"Jackson, Mississippi",Rights Held by Museum,Missing donor; Status still marked Needs Review,"Embedded caption: Richard Henry Beadle 1884-1971, photographer. Source image renamed from gettyimages-1396739422-594x594.jpg."
low,SRM-2026-224,Seventh Grade Class at Smith Robertson Elementary School,Photograph,African American Education,Smith Robertson Photograph Collection,students and teachers unidentified,20th century,,Smith Robertson Campus,Rights Held by Museum,Missing donor; Status still marked Needs Review,"Embedded caption: Seventh Grade Class, Smith Robertson Elementary School. Source image renamed from gettyimages-1396739433-594x594.jpg."
low,SRM-2026-225,Chester Jones of the Big Four Cab on Farish Street,Photograph,Black Business and Professional Life,Smith Robertson Photograph Collection,Chester Jones,20th century,,Farish Street,Rights Held by Museum,Missing donor; Status still marked Needs Review,Embedded caption identifies Chester Jones and the 100 block of Farish Street. Source image renamed from gettyimages-1396739488-594x594.jpg.
low,SRM-2026-226,Flooding at the Alamo Theatre on Farish Street,Photograph,Arts And Culture,Smith Robertson Photograph Collection,Leroy Jackson; Cleve Mr. Bossman,20th century,,Farish Street,Rights Held by Museum,Missing donor; Status still marked Needs Review,"Embedded caption identifies the Alamo Theatre, Leroy Jackson, and Cleve Mr. Bossman. Source image renamed from gettyimages-1396739502-594x594.jpg."
low,SRM-2026-227,Portrait of the Beadle sisters Anita Leona Scott and Johnie Mae Middleton,Photograph,Portraiture and Community Memory,Smith Robertson Photograph Collection,Anita Leona Scott; Johnie Mae Middleton,20th century,,"Jackson, Mississippi",Rights Held by Museum,Missing donor; Status still marked Needs Review,Embedded caption identifies the sitters as Anita Leona Scott and Johnie Mae Middleton. Source image renamed from gettyimages-1396739519-594x594.jpg.
low,SRM-2026-228,Pearlie Grove Missionary Baptist Church on Gallatin Street,Photograph,Family And Local Life,Smith Robertson Photograph Collection,,20th century,,"Jackson, Mississippi",Rights Held by Museum,Missing donor; Status still marked Needs Review,"Embedded caption: Pearlie Grove Missionary Baptist Church, Gallatin Street, Jackson, Mississippi. Source image renamed from gettyimages-1396739552-594x594.jpg."
low,SRM-2026-229,"Eroded cotton farm near Jackson, Mississippi",Photograph,Agriculture and Labor,Smith Robertson Photograph Collection,,20th century,,"Jackson, Mississippi",Rights Held by Museum,Missing donor; Status still marked Needs Review,Embedded caption credits artist Dorothea Lange. Source image renamed from gettyimages-1400604114-594x594.jpg.
low,SRM-2026-230,"Sharecropper cabin with cotton and corn near Jackson, Mississippi",Photograph,Agriculture and Labor,Smith Robertson Photograph Collection,,20th century,,"Jackson, Mississippi",Rights Held by Museum,Missing donor; Status still marked Needs Review,Embedded caption credits artist Dorothea Lange. Source image renamed from gettyimages-1400604135-594x594.jpg.
low,SRM-2026-231,"Sharecropper cabin and wife south of Jackson, Mississippi",Photograph,Agriculture and Labor,Smith Robertson Photograph Collection,,20th century,,"Jackson, Mississippi",Rights Held by Museum,Missing donor; Status still marked Needs Review,Embedded caption credits artist Dorothea Lange. Source image renamed from gettyimages-1400604138-594x594.jpg.
low,SRM-2026-232,Farish Street church school children marching in parade,Photograph,Faith And Community Life,Smith Robertson Photograph Collection,children unidentified,20th century,,Farish Street,Rights Held by Museum,Missing donor; Status still marked Needs Review,Embedded caption: Farish St. Church school children marching on street during parade. Source image renamed from gettyimages-1631771439-594x594.jpg.
low,SRM-2026-233,Midwife Frances Jones-Coleman with client in Houston,Photograph,Midwives and Motherhood,Smith Robertson Photograph Collection,Frances Jones-Coleman; Mimi Bingham,2023-02-03,,"Houston, Texas",Rights Held by Museum,Missing donor; Status still marked Needs Review,"Embedded caption places the image in Houston on February 3, 2023. Source image renamed from gettyimages-1888262630-594x594.jpg."
low,SRM-2026-234,Jackson College Health Center staff aiding patients,Photograph,African American Education,Smith Robertson Photograph Collection,,20th century,,Jackson State University Campus,Rights Held by Museum,Missing donor; Status still marked Needs Review,Embedded caption identifies the Jackson College Health Center and modern medical facilities. Source image renamed from gettyimages-2151568391-594x594.jpg.
low,SRM-2026-236,"African American midwife walking to visit a client near Siloam, Georgia",Photograph,Midwives and Motherhood,Smith Robertson Photograph Collection,,1941-11,,"Siloam, Greene County, Georgia",Rights Held by Museum,Missing donor; Status still marked Needs Review,"Embedded caption gives the location as near Siloam, Greene County, Georgia, November 1941. A second downloaded file with the same asset ID was an exact duplicate and was not cataloged separately."
low,SRM-2026-237,"Patrons dancing at a juke joint near Clarksdale, Mississippi",Photograph,Arts And Culture,Smith Robertson Photograph Collection,,1939-11,,"Clarksdale, Mississippi",Rights Held by Museum,Missing donor; Status still marked Needs Review,Embedded caption provides the location and date. Source image renamed from gettyimages-74272438-594x594.jpg.
low,SRM-2026-238,Marchers arrive at the Mississippi State House during the Meredith March,Photograph,Civil Rights and Citizenship,Smith Robertson Photograph Collection,James Meredith march participants,1966-06-26,,"Jackson, Mississippi",Rights Held by Museum,Missing donor; Status still marked Needs Review,"Embedded caption reads Merideth marchers arrive on June 26, 166 at the Mississippi State House in Jackson, Mississippi. The year is almost certainly 1966 by inference from the Meredith March event. Source image renamed from gettyimages-85973115-594x594.jpg."
low,SRM-2026-239,"Aunt Sally, midwife of Gee’s Bend",Photograph,Midwives and Motherhood,Smith Robertson Photograph Collection,Aunt Sally,circa 1939,,"Gee’s Bend, Alabama",Rights Held by Museum,Missing donor; Status still marked Needs Review,"Embedded caption: UNITED STATES - CIRCA 1939: Aunt Sally, old midwife, the only doctor or nurse ever heard of in Gees Bend. Source image renamed from gettyimages-90001334-594x594.jpg."
low,SRM-2026-240,"Aunt Sally, midwife of Gee’s Bend (alternate asset)",Photograph,Midwives and Motherhood,Smith Robertson Photograph Collection,Aunt Sally,circa 1939,,"Gee’s Bend, Alabama",Rights Held by Museum,Missing donor; Status still marked Needs Review,Embedded caption matches asset 90001334 but this is a distinct asset ID. Source image renamed from gettyimages-90001335-594x594.jpg.
low,SRM-2026-241,"Jitterbugging outside Clarksdale, Mississippi",Photograph,Arts And Culture,Smith Robertson Photograph Collection,,circa 1939,,"Clarksdale, Mississippi",Rights Held by Museum,Missing donor; Status still marked Needs Review,"Embedded caption: UNITED STATES - CIRCA 1939: Jitterbugging in Negro juke joint, Saturday evening, outside Clarksdale, Mississippi. Source image renamed from gettyimages-90001394-594x594.jpg."
low,SRM-2026-242,The Legal Link tribute issue for R. Jess Brown,Archive,Civic Leadership,R. Jess Brown Collection,R. Jess Brown; Clotee Lewis,Spring/Summer 1990,Daughter of R. Jess Brown,"Jackson, Mississippi",Rights Unknown,Rights status needs normalization: Rights Unknown,Source image: 1.png from /Users/Birittany/Downloads/Untitled design (2); metadata imported from R_Jess_Brown_Metadata_Descriptions_1-52.txt on 2026-07-21.
low,SRM-2026-243,Underwood manual typewriter from R. Jess Brown's law office,Artifact,Material Culture and Interpretation,R. Jess Brown Collection,R. Jess Brown,20th century,Daughter of R. Jess Brown,"Jackson, Mississippi",Rights Unknown,Rights status needs normalization: Rights Unknown,Source image: 2.png from /Users/Birittany/Downloads/Untitled design (2); metadata imported from R_Jess_Brown_Metadata_Descriptions_1-52.txt on 2026-07-21.
low,SRM-2026-244,Mississippi Free Press on James Meredith ruling naming R. Jess Brown,Newspaper / Periodical,Civil Rights and Citizenship,R. Jess Brown Collection,R. Jess Brown; James Meredith; Mrs. Meredith,1962-06-30,Daughter of R. Jess Brown,Mississippi,Rights Unknown,Rights status needs normalization: Rights Unknown,Source image: 3.png from /Users/Birittany/Downloads/Untitled design (2); metadata imported from R_Jess_Brown_Metadata_Descriptions_1-52.txt on 2026-07-21.
low,SRM-2026-245,Mounted clippings on James Meredith's University of Mississippi case,Archive,Civil Rights and Citizenship,R. Jess Brown Collection,R. Jess Brown; James Meredith,circa 1961,Daughter of R. Jess Brown,Mississippi,Rights Unknown,Rights status needs normalization: Rights Unknown,Source image: 4.png from /Users/Birittany/Downloads/Untitled design (2); metadata imported from R_Jess_Brown_Metadata_Descriptions_1-52.txt on 2026-07-21.
low,SRM-2026-246,Civil-rights-era legal clippings on Tougaloo students and Tom Armstrong case,Archive,Civil Rights and Citizenship,R. Jess Brown Collection,R. Jess Brown; Jack Young; Tom Armstrong,circa 1961-1962,Daughter of R. Jess Brown,"Jackson, Mississippi",Rights Unknown,Rights status needs normalization: Rights Unknown,Source image: 5.png from /Users/Birittany/Downloads/Untitled design (2); metadata imported from R_Jess_Brown_Metadata_Descriptions_1-52.txt on 2026-07-21.
low,SRM-2026-247,Photograph of Thurgood Marshall at 1988 birthday celebration,Photograph,Civic Leadership,R. Jess Brown Collection,Thurgood Marshall; R. Jess Brown,1988,Daughter of R. Jess Brown,"Washington, D.C.",Rights Unknown,Rights status needs normalization: Rights Unknown,Source image: 6.png from /Users/Birittany/Downloads/Untitled design (2); metadata imported from R_Jess_Brown_Metadata_Descriptions_1-52.txt on 2026-07-21.
low,SRM-2026-248,NAACP 25th Anniversary Banquet program for Medgar W. Evers legacy event,Archive,Civil Rights and Citizenship,R. Jess Brown Collection,Medgar W. Evers,1988-10-14,Daughter of R. Jess Brown,"Jackson, Mississippi",Rights Unknown,Rights status needs normalization: Rights Unknown,Source image: 7.png from /Users/Birittany/Downloads/Untitled design (2); metadata imported from R_Jess_Brown_Metadata_Descriptions_1-52.txt on 2026-07-21.
low,SRM-2026-249,Letter thanking R. Jess Brown for Medgar Evers Homecoming panel participation,Archive,Civil Rights and Citizenship,R. Jess Brown Collection,R. Jess Brown; Lillian Louie; Medgar Evers,1987-06-23,Daughter of R. Jess Brown,Mississippi,Rights Unknown,Rights status needs normalization: Rights Unknown,Source image: 8.png from /Users/Birittany/Downloads/Untitled design (2); metadata imported from R_Jess_Brown_Metadata_Descriptions_1-52.txt on 2026-07-21.
low,SRM-2026-250,Typed speech “Medgar Evers: What Manner of Man” by R. Jess Brown,Archive,Civil Rights and Citizenship,R. Jess Brown Collection,R. Jess Brown; Medgar Evers,1987-06-06,Daughter of R. Jess Brown,"Fayette, Mississippi",Rights Unknown,Rights status needs normalization: Rights Unknown,Source image: 9.png from /Users/Birittany/Downloads/Untitled design (2); metadata imported from R_Jess_Brown_Metadata_Descriptions_1-52.txt on 2026-07-21.
low,SRM-2026-251,Interior page from 26th Memorial Program for Medgar Wiley Evers,Archive,Civil Rights and Citizenship,R. Jess Brown Collection,R. Jess Brown; Aaron Henry; Benjamin Hooks; Evers family,1989-06-12,Daughter of R. Jess Brown,"Jackson, Mississippi",Rights Unknown,Rights status needs normalization: Rights Unknown,Source image: 10.png from /Users/Birittany/Downloads/Untitled design (2); metadata imported from R_Jess_Brown_Metadata_Descriptions_1-52.txt on 2026-07-21.
low,SRM-2026-252,Reprinted Aaron Henry memorial eulogy for Medgar Wiley Evers,Archive,Civil Rights and Citizenship,R. Jess Brown Collection,Aaron Henry; Medgar Evers,1964-06-12 text reprint,Daughter of R. Jess Brown,"Jackson, Mississippi",Rights Unknown,Rights status needs normalization: Rights Unknown,Source image: 11.png from /Users/Birittany/Downloads/Untitled design (2); metadata imported from R_Jess_Brown_Metadata_Descriptions_1-52.txt on 2026-07-21.
low,SRM-2026-253,Cover of the 26th Memorial Program for Medgar Wiley Evers,Archive,Civil Rights and Citizenship,R. Jess Brown Collection,Medgar Evers,1989-06-12,Daughter of R. Jess Brown,"Jackson, Mississippi",Rights Unknown,Rights status needs normalization: Rights Unknown,Source image: 12.png from /Users/Birittany/Downloads/Untitled design (2); metadata imported from R_Jess_Brown_Metadata_Descriptions_1-52.txt on 2026-07-21.
low,SRM-2026-254,Remembering Medgar Evers . . . for a New Generation booklet,Archive,Civil Rights and Citizenship,R. Jess Brown Collection,Medgar Evers,20th century,Daughter of R. Jess Brown,Mississippi,Rights Unknown,Rights status needs normalization: Rights Unknown,Source image: 13.png from /Users/Birittany/Downloads/Untitled design (2); metadata imported from R_Jess_Brown_Metadata_Descriptions_1-52.txt on 2026-07-21.
low,SRM-2026-255,American Bar Association membership letter to R. Jess Brown,Archive,Community and Professional Life,R. Jess Brown Collection,R. Jess Brown,undated,Daughter of R. Jess Brown,United States,Rights Unknown,Rights status needs normalization: Rights Unknown,Source image: 14.png from /Users/Birittany/Downloads/Untitled design (2); metadata imported from R_Jess_Brown_Metadata_Descriptions_1-52.txt on 2026-07-21.
low,SRM-2026-256,Certificate of Recognition awarded to Attorney R. Jess Brown,Artifact,Civic Leadership,R. Jess Brown Collection,R. Jess Brown,1976-10-29,Daughter of R. Jess Brown,Mississippi,Rights Unknown,Rights status needs normalization: Rights Unknown,Source image: 15.png from /Users/Birittany/Downloads/Untitled design (2); metadata imported from R_Jess_Brown_Metadata_Descriptions_1-52.txt on 2026-07-21.
low,SRM-2026-257,Aaron E. Henry letter naming Brown an “NAACP Long Distance Runner”,Archive,Civil Rights and Citizenship,R. Jess Brown Collection,R. Jess Brown; Aaron E. Henry,1984-10-24,Daughter of R. Jess Brown,Mississippi,Rights Unknown,Rights status needs normalization: Rights Unknown,Source image: 16.png from /Users/Birittany/Downloads/Untitled design (2); metadata imported from R_Jess_Brown_Metadata_Descriptions_1-52.txt on 2026-07-21.
low,SRM-2026-258,NAACP Long Distance Runner certificate presented to R. Jess Brown,Artifact,Civil Rights and Citizenship,R. Jess Brown Collection,R. Jess Brown,1984-11-18,Daughter of R. Jess Brown,Mississippi,Rights Unknown,Rights status needs normalization: Rights Unknown,Source image: 17.png from /Users/Birittany/Downloads/Untitled design (2); metadata imported from R_Jess_Brown_Metadata_Descriptions_1-52.txt on 2026-07-21.
low,SRM-2026-259,National Bar Association letter on posthumous Wiley A. Branton award,Archive,Civic Leadership,R. Jess Brown Collection,R. Jess Brown; Jether Brown; Algenita Scott Davis,1990-10-18,Daughter of R. Jess Brown,United States,Rights Unknown,Rights status needs normalization: Rights Unknown,Source image: 18.png from /Users/Birittany/Downloads/Untitled design (2); metadata imported from R_Jess_Brown_Metadata_Descriptions_1-52.txt on 2026-07-21.
low,SRM-2026-260,"Biographical profile of R. Jess Brown, Esquire (1912-1989)",Archive,Civic Leadership,R. Jess Brown Collection,R. Jess Brown,circa 1990,Daughter of R. Jess Brown,Mississippi,Rights Unknown,Rights status needs normalization: Rights Unknown,Source image: 19.png from /Users/Birittany/Downloads/Untitled design (2); metadata imported from R_Jess_Brown_Metadata_Descriptions_1-52.txt on 2026-07-21.
low,SRM-2026-261,Jackson Advocate letter about award nomination in law,Archive,Civic Leadership,R. Jess Brown Collection,R. Jess Brown,1983-09-09,Daughter of R. Jess Brown,"Jackson, Mississippi",Rights Unknown,Rights status needs normalization: Rights Unknown,Source image: 20.png from /Users/Birittany/Downloads/Untitled design (2); metadata imported from R_Jess_Brown_Metadata_Descriptions_1-52.txt on 2026-07-21.
low,SRM-2026-262,Signed page listing Brown's five major accomplishments,Archive,Civic Leadership,R. Jess Brown Collection,R. Jess Brown,1983,Daughter of R. Jess Brown,Mississippi,Rights Unknown,Rights status needs normalization: Rights Unknown,Source image: 21.png from /Users/Birittany/Downloads/Untitled design (2); metadata imported from R_Jess_Brown_Metadata_Descriptions_1-52.txt on 2026-07-21.
low,SRM-2026-263,Handwritten biography form completed by R. Jess Brown,Archive,Civic Leadership,R. Jess Brown Collection,R. Jess Brown,1983,Daughter of R. Jess Brown,"Jackson, Mississippi",Rights Unknown,Rights status needs normalization: Rights Unknown,Source image: 22.png from /Users/Birittany/Downloads/Untitled design (2); metadata imported from R_Jess_Brown_Metadata_Descriptions_1-52.txt on 2026-07-21.
low,SRM-2026-264,NAACP nomination letter from Dr. Gilbert R. Mason for William Robert Ming Award,Archive,Civil Rights and Citizenship,R. Jess Brown Collection,R. Jess Brown; Gilbert R. Mason,1983-06-28,Daughter of R. Jess Brown,"Biloxi, Mississippi",Rights Unknown,Rights status needs normalization: Rights Unknown,Source image: 23.png from /Users/Birittany/Downloads/Untitled design (2); metadata imported from R_Jess_Brown_Metadata_Descriptions_1-52.txt on 2026-07-21.
low,SRM-2026-266,Petition for writ of certiorari in Otis Patrick v. State of Mississippi,Archive,Civil Rights and Citizenship,R. Jess Brown Collection,R. Jess Brown; Otis Patrick,October Term 1971,Daughter of R. Jess Brown,United States,Rights Unknown,Rights status needs normalization: Rights Unknown,Source image: 25.png from /Users/Birittany/Downloads/Untitled design (2); metadata imported from R_Jess_Brown_Metadata_Descriptions_1-52.txt on 2026-07-21.
low,SRM-2026-267,Fifth Circuit brief in consolidated Mississippi school-desegregation cases,Archive,Civil Rights and Citizenship,R. Jess Brown Collection,R. Jess Brown; Jack H. Young; Jack Greenberg; Constance Baker Motley; Derrick A. Bell Jr.,circa 1969-1970,Daughter of R. Jess Brown,Mississippi,Rights Unknown,Rights status needs normalization: Rights Unknown,Source image: 26.png from /Users/Birittany/Downloads/Untitled design (2); metadata imported from R_Jess_Brown_Metadata_Descriptions_1-52.txt on 2026-07-21.
low,SRM-2026-268,Fifth Circuit brief in In the Matter of R. Jess Brown,Archive,Community and Professional Life,R. Jess Brown Collection,R. Jess Brown; Jack Greenberg; Derrick A. Bell Jr.; William R. Ming Jr.; George N. Leighton; Jack H. Young; Carsie A. Hall,20th century,Daughter of R. Jess Brown,Mississippi,Rights Unknown,Rights status needs normalization: Rights Unknown,Source image: 27.png from /Users/Birittany/Downloads/Untitled design (2); metadata imported from R_Jess_Brown_Metadata_Descriptions_1-52.txt on 2026-07-21.
low,SRM-2026-269,Project Mississippi cover and page featuring R. Jess Brown,Archive,Civil Rights and Citizenship,R. Jess Brown Collection,R. Jess Brown,1964,Daughter of R. Jess Brown,"Detroit, Michigan; Mississippi",Rights Unknown,Rights status needs normalization: Rights Unknown,Source image: 28.png from /Users/Birittany/Downloads/Untitled design (2); metadata imported from R_Jess_Brown_Metadata_Descriptions_1-52.txt on 2026-07-21.
low,SRM-2026-270,Magnolia Bar Association history cover page with founder portraits,Archive,Community and Professional Life,R. Jess Brown Collection,R. Jess Brown; Carsie A. Hall; Jack H. Young,20th century,Daughter of R. Jess Brown,Mississippi,Rights Unknown,Rights status needs normalization: Rights Unknown,Source image: 29.png from /Users/Birittany/Downloads/Untitled design (2); metadata imported from R_Jess_Brown_Metadata_Descriptions_1-52.txt on 2026-07-21.
low,SRM-2026-271,Tribute page to Magnolia Bar Association founding figures,Archive,Community and Professional Life,R. Jess Brown Collection,R. Jess Brown; Carsie A. Hall; Jack H. Young,20th century,Daughter of R. Jess Brown,Mississippi,Rights Unknown,Rights status needs normalization: Rights Unknown,Source image: 30.png from /Users/Birittany/Downloads/Untitled design (2); metadata imported from R_Jess_Brown_Metadata_Descriptions_1-52.txt on 2026-07-21.
low,SRM-2026-272,“History of the Magnolia Bar Association” article by R. Jess Brown,Archive,Community and Professional Life,R. Jess Brown Collection,R. Jess Brown,1992-10/11 publication,Daughter of R. Jess Brown,Mississippi,Rights Unknown,Rights status needs normalization: Rights Unknown,Source image: 31.png from /Users/Birittany/Downloads/Untitled design (2); metadata imported from R_Jess_Brown_Metadata_Descriptions_1-52.txt on 2026-07-21.
low,SRM-2026-273,"Business card for Brown, Alexander & Sanders law firm",Archive,Black Business and Professional Life,R. Jess Brown Collection,R. Jess Brown,20th century,Daughter of R. Jess Brown,"Jackson, Mississippi",Rights Unknown,Rights status needs normalization: Rights Unknown,Source image: 32.png from /Users/Birittany/Downloads/Untitled design (2); metadata imported from R_Jess_Brown_Metadata_Descriptions_1-52.txt on 2026-07-21.
low,SRM-2026-274,“R. Jess Brown: An Excerpt from Mississippi History” article,Archive,Civic Leadership,R. Jess Brown Collection,R. Jess Brown; Demetri Brown; Medgar Evers,20th century,Daughter of R. Jess Brown,"Jackson, Mississippi",Rights Unknown,Rights status needs normalization: Rights Unknown,Source image: 33.png from /Users/Birittany/Downloads/Untitled design (2); metadata imported from R_Jess_Brown_Metadata_Descriptions_1-52.txt on 2026-07-21.
low,SRM-2026-275,Minimum office fees schedule from the law office of R. Jess Brown,Archive,Black Business and Professional Life,R. Jess Brown Collection,R. Jess Brown,20th century,Daughter of R. Jess Brown,"Jackson, Mississippi",Rights Unknown,Rights status needs normalization: Rights Unknown,Source image: 34.png from /Users/Birittany/Downloads/Untitled design (2); metadata imported from R_Jess_Brown_Metadata_Descriptions_1-52.txt on 2026-07-21.
low,SRM-2026-276,City of Jackson privilege license for R. Jess Brown law practice,Artifact,Black Business and Professional Life,R. Jess Brown Collection,R. Jess Brown,1962-1963,Daughter of R. Jess Brown,"Farish Street, Jackson, Mississippi",Rights Unknown,Rights status needs normalization: Rights Unknown,Source image: 35.png from /Users/Birittany/Downloads/Untitled design (2); metadata imported from R_Jess_Brown_Metadata_Descriptions_1-52.txt on 2026-07-21.
low,SRM-2026-278,Halftone portrait of a younger R. Jess Brown,Photograph,Portraiture and Community Memory,R. Jess Brown Collection,R. Jess Brown,20th century,Daughter of R. Jess Brown,Mississippi,Rights Unknown,Rights status needs normalization: Rights Unknown,Source image: 37.png from /Users/Birittany/Downloads/Untitled design (2); metadata imported from R_Jess_Brown_Metadata_Descriptions_1-52.txt on 2026-07-21.
low,SRM-2026-279,Sepia profile photograph of an older R. Jess Brown,Photograph,Portraiture and Community Memory,R. Jess Brown Collection,R. Jess Brown,20th century,Daughter of R. Jess Brown,Mississippi,Rights Unknown,Rights status needs normalization: Rights Unknown,Source image: 38.png from /Users/Birittany/Downloads/Untitled design (2); metadata imported from R_Jess_Brown_Metadata_Descriptions_1-52.txt on 2026-07-21.
low,SRM-2026-281,Pryor Owens letter praising Brown's civil-rights record,Archive,Civic Leadership,R. Jess Brown Collection,R. Jess Brown; Pryor Owens; Thurgood Marshall,1988-09-26,Daughter of R. Jess Brown,"Washington, D.C.",Rights Unknown,Rights status needs normalization: Rights Unknown,Source image: 40.png from /Users/Birittany/Downloads/Untitled design (2); metadata imported from R_Jess_Brown_Metadata_Descriptions_1-52.txt on 2026-07-21.
low,SRM-2026-282,Congressional Black Caucus Foundation dinner invitation and guest card,Archive,Civic Leadership,R. Jess Brown Collection,R. Jess Brown; Thurgood Marshall,1988-09-07,Daughter of R. Jess Brown,"Washington, D.C.",Rights Unknown,Rights status needs normalization: Rights Unknown,Source image: 41.png from /Users/Birittany/Downloads/Untitled design (2); metadata imported from R_Jess_Brown_Metadata_Descriptions_1-52.txt on 2026-07-21.
low,SRM-2026-283,Annotated press-release draft on Brown's attendance at Thurgood Marshall dinner,Archive,Civic Leadership,R. Jess Brown Collection,R. Jess Brown; Thurgood Marshall,1988,Daughter of R. Jess Brown,"Washington, D.C.",Rights Unknown,Rights status needs normalization: Rights Unknown,Source image: 42.png from /Users/Birittany/Downloads/Untitled design (2); metadata imported from R_Jess_Brown_Metadata_Descriptions_1-52.txt on 2026-07-21.
low,SRM-2026-284,Olivetti electric printing calculator from Brown's office,Artifact,Material Culture and Interpretation,R. Jess Brown Collection,R. Jess Brown,20th century,Daughter of R. Jess Brown,"Jackson, Mississippi",Rights Unknown,Rights status needs normalization: Rights Unknown,Source image: 43.png from /Users/Birittany/Downloads/Untitled design (2); metadata imported from R_Jess_Brown_Metadata_Descriptions_1-52.txt on 2026-07-21.
low,SRM-2026-285,LaSalle Extension University letter congratulating Richard Jess Brown,Archive,African American Education,R. Jess Brown Collection,Richard Jess Brown; W. W. Allan,1948-05-25,Daughter of R. Jess Brown,"Chicago, Illinois",Rights Unknown,Rights status needs normalization: Rights Unknown,Source image: 44.png from /Users/Birittany/Downloads/Untitled design (2); metadata imported from R_Jess_Brown_Metadata_Descriptions_1-52.txt on 2026-07-21.
low,SRM-2026-286,LaSalle Extension University law-paper grading letter,Archive,African American Education,R. Jess Brown Collection,Richard Jess Brown; R. C. Russell,1946-01-26,Daughter of R. Jess Brown,"Chicago, Illinois",Rights Unknown,Rights status needs normalization: Rights Unknown,Source image: 45.png from /Users/Birittany/Downloads/Untitled design (2); metadata imported from R_Jess_Brown_Metadata_Descriptions_1-52.txt on 2026-07-21.
low,SRM-2026-287,LaSalle Extension University final examination in Personal Property and Bailments,Archive,African American Education,R. Jess Brown Collection,Richard Jess Brown,1946-10-20,Daughter of R. Jess Brown,"Prairie View, Texas",Rights Unknown,Rights status needs normalization: Rights Unknown,Source image: 46.png from /Users/Birittany/Downloads/Untitled design (2); metadata imported from R_Jess_Brown_Metadata_Descriptions_1-52.txt on 2026-07-21.
low,SRM-2026-288,Continuation page from Brown's Personal Property and Bailments examination,Archive,African American Education,R. Jess Brown Collection,Richard Jess Brown,1946-10-20,Daughter of R. Jess Brown,"Prairie View, Texas",Rights Unknown,Rights status needs normalization: Rights Unknown,Source image: 47.png from /Users/Birittany/Downloads/Untitled design (2); metadata imported from R_Jess_Brown_Metadata_Descriptions_1-52.txt on 2026-07-21.
low,SRM-2026-289,Corrected recitation answers for Beginning the Study of Law,Archive,African American Education,R. Jess Brown Collection,Richard Jess Brown,1940s,Daughter of R. Jess Brown,"Prairie View, Texas",Rights Unknown,Rights status needs normalization: Rights Unknown,Source image: 48.png from /Users/Birittany/Downloads/Untitled design (2); metadata imported from R_Jess_Brown_Metadata_Descriptions_1-52.txt on 2026-07-21.
low,SRM-2026-290,LaSalle Extension University Bachelor of Laws diploma for Richard Jess Brown,Artifact,African American Education,R. Jess Brown Collection,Richard Jess Brown,1948-04-22,Daughter of R. Jess Brown,"Chicago, Illinois",Rights Unknown,Rights status needs normalization: Rights Unknown,Source image: 49.png from /Users/Birittany/Downloads/Untitled design (2); metadata imported from R_Jess_Brown_Metadata_Descriptions_1-52.txt on 2026-07-21.
low,SRM-2026-291,Mississippi Executive Department commission appointing R. Jess Brown a colonel,Artifact,Civic Leadership,R. Jess Brown Collection,R. Jess Brown; Cliff Finch,1976-01,Daughter of R. Jess Brown,Mississippi,Rights Unknown,Rights status needs normalization: Rights Unknown,Source image: 50.png from /Users/Birittany/Downloads/Untitled design (2); metadata imported from R_Jess_Brown_Metadata_Descriptions_1-52.txt on 2026-07-21.
low,SRM-2026-292,Mississippi Board of Bar Admissions certificate for R. Jess Brown,Artifact,Community and Professional Life,R. Jess Brown Collection,R. Jess Brown,1953-03-26,Daughter of R. Jess Brown,Mississippi,Rights Unknown,Rights status needs normalization: Rights Unknown,Source image: 51.png from /Users/Birittany/Downloads/Untitled design (2); metadata imported from R_Jess_Brown_Metadata_Descriptions_1-52.txt on 2026-07-21.
low,SRM-2026-293,Supreme Court of the United States admission certificate for R. Jess Brown,Artifact,Community and Professional Life,R. Jess Brown Collection,R. Jess Brown,1958-10-27,Daughter of R. Jess Brown,"Washington, D.C.",Rights Unknown,Rights status needs normalization: Rights Unknown,Source image: 52.png from /Users/Birittany/Downloads/Untitled design (2); metadata imported from R_Jess_Brown_Metadata_Descriptions_1-52.txt on 2026-07-21.
low,SRM-2026-529,"Collins axe from the B. Baldwin Dansby collection, undated",Artifact,Material Culture and Interpretation,B. Baldwin Dansby Collection,B. Baldwin Dansby,undated,,"Jackson, Mississippi","Rights reserved, contact Smith Robertson",Missing donor; Condition still marked Needs Review; Status still marked Needs Review,"Imported from /Users/Birittany/Downloads/Dansby.zip item 1.png on 2026-07-29. Metadata drawn from visual review of the image on July 29, 2026."
low,SRM-2026-531,"Commendation plaque to Dr. B. Baldwin Dansby, October 23, 1974",Artifact,African American Education,B. Baldwin Dansby Collection,B. Baldwin Dansby,1974-10-23,,Jackson State University Campus,"Rights reserved, contact Smith Robertson",Missing donor; Condition still marked Needs Review; Status still marked Needs Review,"Imported from /Users/Birittany/Downloads/Dansby.zip item 3.png on 2026-07-29. Metadata drawn from visual review of the image on July 29, 2026."
low,SRM-2026-532,"Student Education Association appreciation certificate for Dr. B. Baldwin Dansby, April 18, 1962",Archive,African American Education,B. Baldwin Dansby Collection,B. Baldwin Dansby,1962-04-18,,Jackson State University Campus,"Rights reserved, contact Smith Robertson",Missing donor; Condition still marked Needs Review; Status still marked Needs Review,"Imported from /Users/Birittany/Downloads/Dansby.zip item 4.png on 2026-07-29. Metadata drawn from visual review of the image on July 29, 2026."
low,SRM-2026-533,"Metal desk lamp from the B. Baldwin Dansby collection, undated",Artifact,Material Culture and Interpretation,B. Baldwin Dansby Collection,B. Baldwin Dansby,undated,,"Jackson, Mississippi","Rights reserved, contact Smith Robertson",Missing donor; Condition still marked Needs Review; Status still marked Needs Review,"Imported from /Users/Birittany/Downloads/Dansby.zip item 5.png on 2026-07-29. Metadata drawn from visual review of the image on July 29, 2026."
low,SRM-2026-534,"Mississippi Optical Laboratory eyeglasses case, undated",Artifact,Material Culture and Interpretation,B. Baldwin Dansby Collection,B. Baldwin Dansby,undated,,"Jackson, Mississippi","Rights reserved, contact Smith Robertson",Missing donor; Condition still marked Needs Review; Status still marked Needs Review,"Imported from /Users/Birittany/Downloads/Dansby.zip item 6.png on 2026-07-29. Metadata drawn from visual review of the image on July 29, 2026."
low,SRM-2026-535,"Marble pen holder from the B. Baldwin Dansby collection, undated",Artifact,Material Culture and Interpretation,B. Baldwin Dansby Collection,B. Baldwin Dansby,undated,,"Jackson, Mississippi","Rights reserved, contact Smith Robertson",Missing donor; Condition still marked Needs Review; Status still marked Needs Review,"Imported from /Users/Birittany/Downloads/Dansby.zip item 7.png on 2026-07-29. Metadata drawn from visual review of the image on July 29, 2026."
low,SRM-2026-536,"Sepia portrait photograph of B. Baldwin Dansby, early 20th century",Photograph,Portraiture and Community Memory,B. Baldwin Dansby Collection,B. Baldwin Dansby,early 20th century,,"Jackson, Mississippi","Rights reserved, contact Smith Robertson",Missing donor; Condition still marked Needs Review; Status still marked Needs Review,"Imported from /Users/Birittany/Downloads/Dansby.zip item 8.png on 2026-07-29. Metadata drawn from visual review of the image on July 29, 2026."
low,SRM-2026-537,"Studio portrait of B. Baldwin Dansby by Beadle’s Studio, undated",Photograph,Portraiture and Community Memory,B. Baldwin Dansby Collection,B. Baldwin Dansby,undated,,"Jackson, Mississippi","Rights reserved, contact Smith Robertson",Missing donor; Condition still marked Needs Review; Status still marked Needs Review,"Imported from /Users/Birittany/Downloads/Dansby.zip item 9.png on 2026-07-29. Metadata drawn from visual review of the image on July 29, 2026."
low,SRM-2026-539,"Oval portrait photograph of B. Baldwin Dansby, early 20th century",Photograph,Portraiture and Community Memory,B. Baldwin Dansby Collection,B. Baldwin Dansby,early 20th century,,"Jackson, Mississippi","Rights reserved, contact Smith Robertson",Missing donor; Condition still marked Needs Review; Status still marked Needs Review,"Imported from /Users/Birittany/Downloads/Dansby.zip item 11.png on 2026-07-29. Metadata drawn from visual review of the image on July 29, 2026."
low,SRM-2026-540,"Dr. B. Baldwin Dansby pictured with Dr. J. M. Boyce at Jackson College alumni celebration, undated",Photograph,African American Education,B. Baldwin Dansby Collection,B. Baldwin Dansby; J. M. Boyce,undated,,Jackson State University Campus,"Rights reserved, contact Smith Robertson",Missing donor; Condition still marked Needs Review; Status still marked Needs Review,"Imported from /Users/Birittany/Downloads/Dansby.zip item 12.png on 2026-07-29. Metadata drawn from visual review of the image on July 29, 2026."
low,SRM-2026-541,"Portrait photograph of Dr. B. Baldwin Dansby, undated",Photograph,Portraiture and Community Memory,B. Baldwin Dansby Collection,B. Baldwin Dansby,undated,,"Jackson, Mississippi","Rights reserved, contact Smith Robertson",Missing donor; Condition still marked Needs Review; Status still marked Needs Review,"Imported from /Users/Birittany/Downloads/Dansby.zip item 13.png on 2026-07-29. Metadata drawn from visual review of the image on July 29, 2026."
low,SRM-2026-542,"Printed portrait reproduction of Dr. B. Baldwin Dansby, undated",Photograph,Portraiture and Community Memory,B. Baldwin Dansby Collection,B. Baldwin Dansby,undated,,"Jackson, Mississippi","Rights reserved, contact Smith Robertson",Missing donor; Condition still marked Needs Review; Status still marked Needs Review,"Imported from /Users/Birittany/Downloads/Dansby.zip item 14.png on 2026-07-29. Metadata drawn from visual review of the image on July 29, 2026."
low,SRM-2026-544,"Portrait of Dr. B. Baldwin Dansby with glasses, undated",Photograph,Portraiture and Community Memory,B. Baldwin Dansby Collection,B. Baldwin Dansby,undated,,"Jackson, Mississippi","Rights reserved, contact Smith Robertson",Missing donor; Condition still marked Needs Review; Status still marked Needs Review,"Imported from /Users/Birittany/Downloads/Dansby.zip item 16.png on 2026-07-29. Metadata drawn from visual review of the image on July 29, 2026."
low,SRM-2026-545,"Hinds County Educational Federal Credit Union certificate of appreciation for Dr. B. Baldwin Dansby, March 1975",Archive,Community and Professional Life,B. Baldwin Dansby Collection,B. Baldwin Dansby; Pearl M. Vincent,1975-03,,"Jackson, Mississippi","Rights reserved, contact Smith Robertson",Missing donor; Condition still marked Needs Review; Status still marked Needs Review,"Imported from /Users/Birittany/Downloads/Dansby.zip item 17.png on 2026-07-29. Metadata drawn from visual review of the image on July 29, 2026."
low,SRM-2026-546,"Jackson State College Founders’ Day convocation program honoring Dr. B. Baldwin Dansby, October 24, 1971",Archive,African American Education,B. Baldwin Dansby Collection,B. Baldwin Dansby,1971-10-24,,Jackson State University Campus,"Rights reserved, contact Smith Robertson",Missing donor; Condition still marked Needs Review; Status still marked Needs Review,"Imported from /Users/Birittany/Downloads/Dansby.zip item 18.png on 2026-07-29. Metadata drawn from visual review of the image on July 29, 2026."
low,SRM-2026-547,"Biographical sketch of B. Baldwin Dansby, undated",Archive,African American Education,B. Baldwin Dansby Collection,B. Baldwin Dansby; Mamie E. Dansby,undated,,Jackson State University Campus,"Rights reserved, contact Smith Robertson",Missing donor; Condition still marked Needs Review; Status still marked Needs Review,"Imported from /Users/Birittany/Downloads/Dansby.zip item 19.png on 2026-07-29. Metadata drawn from visual review of the image on July 29, 2026."
low,SRM-2026-548,"General chemistry report-book used by B. Baldwin Dansby, March 4, 1902",Archive,African American Education,B. Baldwin Dansby Collection,B. Baldwin Dansby,1902-03-04,,"Atlanta, Georgia","Rights reserved, contact Smith Robertson",Missing donor; Condition still marked Needs Review; Status still marked Needs Review,"Imported from /Users/Birittany/Downloads/Dansby.zip item 20.png on 2026-07-29. Metadata drawn from visual review of the image on July 29, 2026."
low,SRM-2026-549,"Tuberculosis educational picture-language binder, undated",Archive,Black Health and Medicine,B. Baldwin Dansby Collection,B. Baldwin Dansby,undated,,Jackson State University Campus,"Rights reserved, contact Smith Robertson",Missing donor; Condition still marked Needs Review; Status still marked Needs Review,"Imported from /Users/Birittany/Downloads/Dansby.zip item 21.png on 2026-07-29. Metadata drawn from visual review of the image on July 29, 2026."
low,SRM-2026-550,"Jackson College 1937 summer school binder, June 7 to July 10, 1937",Archive,African American Education,B. Baldwin Dansby Collection,B. Baldwin Dansby,1937-06-07/1937-07-10,,Jackson State University Campus,"Rights reserved, contact Smith Robertson",Missing donor; Condition still marked Needs Review; Status still marked Needs Review,"Imported from /Users/Birittany/Downloads/Dansby.zip item 22.png on 2026-07-29. Metadata drawn from visual review of the image on July 29, 2026."
low,SRM-2026-551,"Summary of recommendations on Negro education in Mississippi, undated",Archive,African American Education,B. Baldwin Dansby Collection,B. Baldwin Dansby; J. S. Vandiver,undated,,Statewide Mississippi,"Rights reserved, contact Smith Robertson",Missing donor; Condition still marked Needs Review; Status still marked Needs Review,"Imported from /Users/Birittany/Downloads/Dansby.zip item 23.png on 2026-07-29. Metadata drawn from visual review of the image on July 29, 2026."
low,SRM-2026-552,"Jackson State University Gold Retirement Card and National Retired Teachers Association membership card for Dr. B. B. Dansby, 1974",Artifact,Community and Professional Life,B. Baldwin Dansby Collection,B. Baldwin Dansby,1974,,"Jackson, Mississippi","Rights reserved, contact Smith Robertson",Missing donor; Condition still marked Needs Review; Status still marked Needs Review,"Imported from /Users/Birittany/Downloads/Dansby.zip item 24.png on 2026-07-29. Metadata drawn from visual review of the image on July 29, 2026."
low,SRM-2026-553,"Prentiss Normal and Industrial Institute letter announcing honorary degree for B. B. Dansby, March 23, 1967",Archive,African American Education,B. Baldwin Dansby Collection,B. Baldwin Dansby; J. E. Johnson,1967-03-23,,"Prentiss, Mississippi","Rights reserved, contact Smith Robertson",Missing donor; Condition still marked Needs Review; Status still marked Needs Review,"Imported from /Users/Birittany/Downloads/Dansby.zip item 25.png on 2026-07-29. Metadata drawn from visual review of the image on July 29, 2026."
low,SRM-2026-555,"B. B. Dansby acceptance letter for honorary Doctor of Humanities degree, March 28, 1967",Archive,African American Education,B. Baldwin Dansby Collection,B. Baldwin Dansby; J. E. Johnson,1967-03-28,,"Jackson, Mississippi","Rights reserved, contact Smith Robertson",Missing donor; Condition still marked Needs Review; Status still marked Needs Review,"Imported from /Users/Birittany/Downloads/Dansby.zip item 27.png on 2026-07-29. Metadata drawn from visual review of the image on July 29, 2026."
low,SRM-2026-556,"B. B. Dansby travel letter concerning Hot Springs arrangements, undated",Archive,Community and Professional Life,B. Baldwin Dansby Collection,B. Baldwin Dansby; Ernest Harris,undated,,"Jackson, Mississippi","Rights reserved, contact Smith Robertson",Missing donor; Condition still marked Needs Review; Status still marked Needs Review,"Imported from /Users/Birittany/Downloads/Dansby.zip item 28.png on 2026-07-29. Metadata drawn from visual review of the image on July 29, 2026."
low,SRM-2026-557,"Speech notes titled ""What contributions can education make for victory and freedom,"" undated",Archive,African American Education,B. Baldwin Dansby Collection,B. Baldwin Dansby,undated,,Statewide Mississippi,"Rights reserved, contact Smith Robertson",Missing donor; Condition still marked Needs Review; Status still marked Needs Review,"Imported from /Users/Birittany/Downloads/Dansby.zip item 29.png on 2026-07-29. Metadata drawn from visual review of the image on July 29, 2026."
low,SRM-2026-558,"Typed history of College Hill Baptist Church, undated",Archive,Faith And Community Life,B. Baldwin Dansby Collection,B. Baldwin Dansby; Mamie E. Dansby,undated,,West Jackson,"Rights reserved, contact Smith Robertson",Missing donor; Condition still marked Needs Review; Status still marked Needs Review,"Imported from /Users/Birittany/Downloads/Dansby.zip item 30.png on 2026-07-29. Metadata drawn from visual review of the image on July 29, 2026."
low,SRM-2026-559,"Frederick Hall piano recital program at Jackson College, undated",Archive,African American Education,B. Baldwin Dansby Collection,Frederick Hall; R. L. Johnson,undated,,Jackson State University Campus,"Rights reserved, contact Smith Robertson",Missing donor; Condition still marked Needs Review; Status still marked Needs Review,"Imported from /Users/Birittany/Downloads/Dansby.zip item 31.png on 2026-07-29. Metadata drawn from visual review of the image on July 29, 2026."
low,SRM-2026-560,Jackson College bulletin and announcements for the 1936-1937 session,Archive,African American Education,B. Baldwin Dansby Collection,B. Baldwin Dansby; Mamie E. Dansby,1936-1937,,Jackson State University Campus,"Rights reserved, contact Smith Robertson",Missing donor; Condition still marked Needs Review; Status still marked Needs Review,"Imported from /Users/Birittany/Downloads/Dansby.zip item 32.png on 2026-07-29. Metadata drawn from visual review of the image on July 29, 2026."
low,SRM-2026-561,"Group photograph in front of Barrett Hall at Jackson College, early 20th century",Photograph,African American Education,B. Baldwin Dansby Collection,unidentified students and faculty,early 20th century,,Jackson State University Campus,"Rights reserved, contact Smith Robertson",Missing donor; Condition still marked Needs Review; Status still marked Needs Review,"Imported from /Users/Birittany/Downloads/Dansby.zip item 33.png on 2026-07-29. Metadata drawn from visual review of the image on July 29, 2026."
low,SRM-2026-562,"Jackson College summer school bulletin and announcements, June-August 1940",Archive,African American Education,B. Baldwin Dansby Collection,B. Baldwin Dansby,1940-06-03/1940-08-10,,Jackson State University Campus,"Rights reserved, contact Smith Robertson",Missing donor; Condition still marked Needs Review; Status still marked Needs Review,"Imported from /Users/Birittany/Downloads/Dansby.zip item 34.png on 2026-07-29. Metadata drawn from visual review of the image on July 29, 2026."
low,SRM-2026-563,"Jackson College memorandum to the Mississippi legislature on state support, January 1936",Archive,African American Education,B. Baldwin Dansby Collection,B. Baldwin Dansby; H. L. White,1936-01,,Statewide Mississippi,"Rights reserved, contact Smith Robertson",Missing donor; Condition still marked Needs Review; Status still marked Needs Review,"Imported from /Users/Birittany/Downloads/Dansby.zip item 35.png on 2026-07-29. Metadata drawn from visual review of the image on July 29, 2026."
low,SRM-2026-564,"Jackson College senior grade sheet with B. B. Dansby signature, undated",Archive,African American Education,B. Baldwin Dansby Collection,B. Baldwin Dansby; H. T. Sampson,undated,,Jackson State University Campus,"Rights reserved, contact Smith Robertson",Missing donor; Condition still marked Needs Review; Status still marked Needs Review,"Imported from /Users/Birittany/Downloads/Dansby.zip item 36.png on 2026-07-29. Metadata drawn from visual review of the image on July 29, 2026."
low,SRM-2026-565,"Jackson College summer school convocation program, July 9, 1937",Archive,African American Education,B. Baldwin Dansby Collection,B. Baldwin Dansby; Frederick Divers,1937-07-09,,Jackson State University Campus,"Rights reserved, contact Smith Robertson",Missing donor; Condition still marked Needs Review; Status still marked Needs Review,"Imported from /Users/Birittany/Downloads/Dansby.zip item 37.png on 2026-07-29. Metadata drawn from visual review of the image on July 29, 2026."
low,SRM-2026-566,"Letter from C. E. Flagg applying to teach at Jackson College, July 24, 1937",Archive,African American Education,B. Baldwin Dansby Collection,B. Baldwin Dansby; C. E. Flagg,1937-07-24,,Jackson State University Campus,"Rights reserved, contact Smith Robertson",Missing donor; Condition still marked Needs Review; Status still marked Needs Review,"Imported from /Users/Birittany/Downloads/Dansby.zip item 38.png on 2026-07-29. Metadata drawn from visual review of the image on July 29, 2026."
low,SRM-2026-567,"Letter from Walter L. Smith applying for a summer teaching post, August 2, 1937",Archive,African American Education,B. Baldwin Dansby Collection,B. Baldwin Dansby; Walter L. Smith,1937-08-02,,Jackson State University Campus,"Rights reserved, contact Smith Robertson",Missing donor; Condition still marked Needs Review; Status still marked Needs Review,"Imported from /Users/Birittany/Downloads/Dansby.zip item 39.png on 2026-07-29. Metadata drawn from visual review of the image on July 29, 2026."
low,SRM-2026-568,"Jackson College transportation schedule to rural school, June-July 1937",Archive,African American Education,B. Baldwin Dansby Collection,G. M. Sample,1937-06-07/1937-07-10,,Jackson State University Campus,"Rights reserved, contact Smith Robertson",Missing donor; Condition still marked Needs Review; Status still marked Needs Review,"Imported from /Users/Birittany/Downloads/Dansby.zip item 40.png on 2026-07-29. Metadata drawn from visual review of the image on July 29, 2026."
low,SRM-2026-569,"Marked speech draft for graduation or school address, undated",Archive,African American Education,B. Baldwin Dansby Collection,B. Baldwin Dansby; Principal Moseley,undated,,Jackson State University Campus,"Rights reserved, contact Smith Robertson",Missing donor; Condition still marked Needs Review; Status still marked Needs Review,"Imported from /Users/Birittany/Downloads/Dansby.zip item 41.png on 2026-07-29. Metadata drawn from visual review of the image on July 29, 2026."
low,SRM-2026-571,"Reproduction image labeled ""Civil War Soldiers,"" undated",Photograph,Military Service,Photograph Collection,unidentified Civil War soldiers,undated,,National,"Rights reserved, contact Smith Robertson",Missing donor; Condition still marked Needs Review; Status still marked Needs Review,"Imported from /Users/Birittany/Downloads/Freedom Day Celebration 1991.zip item 2.png on 2026-07-29. Metadata drawn from visual review of the image on July 29, 2026."
low,SRM-2026-572,"Portrait of James H. ""Pat"" Daugherty, MPH, undated",Photograph,Black Health and Medicine,Biographical and Civic History Collection,"James H. ""Pat"" Daugherty",undated,,National,"Rights reserved, contact Smith Robertson",Missing donor; Condition still marked Needs Review; Status still marked Needs Review,"Imported from /Users/Birittany/Downloads/Freedom Day Celebration 1991.zip item 3.png on 2026-07-29. Metadata drawn from visual review of the image on July 29, 2026."
low,SRM-2026-573,"Suitcase of hand-coloring materials and tailoring advertisement, undated",Artifact,Material Culture and Interpretation,Material Culture Collection,,undated,,Geographies To Be Confirmed,"Rights reserved, contact Smith Robertson",Missing donor; Condition still marked Needs Review; Status still marked Needs Review, or commercial visual practice.
low,SRM-2026-574,"Millsaps College trustee certificate for Clarie C. Harvey, 1974",Archive,Civic Leadership,Biographical and Civic History Collection,Clarie C. Harvey,1974,,"Jackson, Mississippi","Rights reserved, contact Smith Robertson",Missing donor; Condition still marked Needs Review; Status still marked Needs Review,"Imported from /Users/Birittany/Downloads/Freedom Day Celebration 1991.zip item 5.png on 2026-07-29. Metadata drawn from visual review of the image on July 29, 2026."
low,SRM-2026-576,"Honorary citizen certificate from Fort Worth, Texas, to Mrs. Martin Harvey Jr., September 6, 1972",Archive,Civic Leadership,Biographical and Civic History Collection,Mrs. Martin Harvey Jr.,1972-09-06,,"Jackson, Mississippi","Rights reserved, contact Smith Robertson",Missing donor; Condition still marked Needs Review; Status still marked Needs Review,"Imported from /Users/Birittany/Downloads/Freedom Day Celebration 1991.zip item 7.png on 2026-07-29. Metadata drawn from visual review of the image on July 29, 2026."
low,SRM-2026-577,"Management Policy Seminar group photograph including Clarie Collins Harvey, 1965",Photograph,Community and Professional Life,Biographical and Civic History Collection,Clarie Collins Harvey,1965,,National,"Rights reserved, contact Smith Robertson",Missing donor; Condition still marked Needs Review; Status still marked Needs Review,"Imported from /Users/Birittany/Downloads/Freedom Day Celebration 1991.zip item 8.png on 2026-07-29. Metadata drawn from visual review of the image on July 29, 2026."
low,SRM-2026-579,"Clarie Collins Harvey at the World Without the Bomb Peace Conference, Accra, Ghana, 1962",Photograph,Civic Leadership,Biographical and Civic History Collection,Clarie Collins Harvey; Frances B. Herring; Selma Sparks; Nancy Mamis,1962,,"Accra, Ghana","Rights reserved, contact Smith Robertson",Missing donor; Condition still marked Needs Review; Status still marked Needs Review,"Imported from /Users/Birittany/Downloads/Freedom Day Celebration 1991.zip item 10.png on 2026-07-29. Metadata drawn from visual review of the image on July 29, 2026."
low,SRM-2026-580,"Jackson Fire Department memo and photograph of Black recruit trainees, November-December 1974",Archive,Community and Professional Life,Civic Leadership Collection,Vincent C. Allen; Bernard Anderson; Willie Lee Jackson; Robert Earl Jones,1974-11-25/1974-12-02,,"Jackson, Mississippi","Rights reserved, contact Smith Robertson",Missing donor; Condition still marked Needs Review; Status still marked Needs Review,"Imported from /Users/Birittany/Downloads/Freedom Day Celebration 1991.zip item 11.png on 2026-07-29. Metadata drawn from visual review of the image on July 29, 2026."
low,SRM-2026-581,"Spelman College Bachelor of Arts diploma for Emma Clarie Collins, June 9, 1937",Archive,African American Education,Biographical and Civic History Collection,Emma Clarie Collins,1937-06-09,,"Atlanta, Georgia","Rights reserved, contact Smith Robertson",Missing donor; Condition still marked Needs Review; Status still marked Needs Review,"Imported from /Users/Birittany/Downloads/Freedom Day Celebration 1991.zip item 12.png on 2026-07-29. Metadata drawn from visual review of the image on July 29, 2026."
low,SRM-2026-582,"Farish Street YMCA group en route to youth conference, undated",Photograph,Community and Professional Life,Farish Street Business District Collection,unidentified YMCA group,undated,,Farish Street,"Rights reserved, contact Smith Robertson",Missing donor; Condition still marked Needs Review; Status still marked Needs Review,"Imported from /Users/Birittany/Downloads/Freedom Day Celebration 1991.zip item 13.png on 2026-07-29. Metadata drawn from visual review of the image on July 29, 2026."
low,SRM-2026-583,"Jackson Advocate 1985 People’s Choice Award for Clarie C. Harvey, November 16, 1985",Archive,Civic Leadership,Biographical and Civic History Collection,Clarie C. Harvey,1985-11-16,,"Jackson, Mississippi","Rights reserved, contact Smith Robertson",Missing donor; Condition still marked Needs Review; Status still marked Needs Review,"Imported from /Users/Birittany/Downloads/Freedom Day Celebration 1991.zip item 14.png on 2026-07-29. Metadata drawn from visual review of the image on July 29, 2026."
low,SRM-2026-584,"Man seated with infant child, undated",Photograph,Family And Local Life,Photograph Collection,unidentified man; unidentified child,undated,,Geographies To Be Confirmed,"Rights reserved, contact Smith Robertson",Missing donor; Condition still marked Needs Review; Status still marked Needs Review,"Imported from /Users/Birittany/Downloads/Freedom Day Celebration 1991.zip item 15.png on 2026-07-29. Metadata drawn from visual review of the image on July 29, 2026."
low,SRM-2026-586,"Freedom Day Celebration in Jackson, 1991",Photograph,Civic Leadership,Civic Leadership Collection,unidentified Freedom Day participants,1991,,"Jackson, Mississippi","Rights reserved, contact Smith Robertson",Missing donor; Condition still marked Needs Review; Status still marked Needs Review,"Imported from /Users/Birittany/Downloads/Freedom Day Celebration 1991.zip item 17.png on 2026-07-29. Metadata drawn from visual review of the image on July 29, 2026."
low,SRM-2026-587,"National Council of Negro Women Jackson Section public forum program, February 19, 1984",Archive,Civic Leadership,Civic Leadership Collection,"National Council of Negro Women, Jackson Section",1984-02-19,,Downtown Jackson,"Rights reserved, contact Smith Robertson",Missing donor; Condition still marked Needs Review; Status still marked Needs Review,"Imported from /Users/Birittany/Downloads/Freedom Day Celebration 1991.zip item 18.png on 2026-07-29. Metadata drawn from visual review of the image on July 29, 2026."
low,SRM-2026-589,"Bullet-form pencil and brass pencil holder, undated",Artifact,Material Culture and Interpretation,Dr. S. D. Redmond Collection,,undated,,Geographies To Be Confirmed,"Rights reserved, contact Smith Robertson",Missing donor; Condition still marked Needs Review; Status still marked Needs Review,"Imported from /Users/Birittany/Downloads/Dr S D Redmond/1.png on 2026-08-01. Metadata drawn from visual review of the image on August 1, 2026."
low,SRM-2026-590,"Miles Memorial College Bachelor of Arts diploma for Ruth C. Finch, June 3, 1936",Archive,African American Education,Dr. S. D. Redmond Collection,Ruth C. Finch,1936-06-03,,"Birmingham, Alabama","Rights reserved, contact Smith Robertson",Missing donor; Condition still marked Needs Review; Status still marked Needs Review,"Imported from /Users/Birittany/Downloads/Dr S D Redmond/2.png on 2026-08-01. Metadata drawn from visual review of the image on August 1, 2026."
low,SRM-2026-591,"State Teachers College Bachelor of Science diploma for Ruth Christian Finch, August 9, 1946",Archive,African American Education,Dr. S. D. Redmond Collection,Ruth Christian Finch,1946-08-09,,"Montgomery, Alabama","Rights reserved, contact Smith Robertson",Missing donor; Condition still marked Needs Review; Status still marked Needs Review,"Imported from /Users/Birittany/Downloads/Dr S D Redmond/3.png on 2026-08-01. Metadata drawn from visual review of the image on August 1, 2026."
low,SRM-2026-593,"Alabama State College for Negroes Master of Education diploma for Ruth Christian Finch, August 10, 1951",Archive,African American Education,Dr. S. D. Redmond Collection,Ruth Christian Finch,1951-08-10,,"Montgomery, Alabama","Rights reserved, contact Smith Robertson",Missing donor; Condition still marked Needs Review; Status still marked Needs Review,"Imported from /Users/Birittany/Downloads/Dr S D Redmond/5.png on 2026-08-01. Metadata drawn from visual review of the image on August 1, 2026."
low,SRM-2026-594,"Graduation portrait of Ruth C. Finch, undated",Photograph,Portraiture and Community Memory,Dr. S. D. Redmond Collection,Ruth C. Finch,undated,,Geographies To Be Confirmed,"Rights reserved, contact Smith Robertson",Missing donor; Condition still marked Needs Review; Status still marked Needs Review,"Imported from /Users/Birittany/Downloads/Dr S D Redmond/6.png on 2026-08-01. Metadata drawn from visual review of the image on August 1, 2026."
low,SRM-2026-595,"Pair of worn leather shoes, undated",Artifact,Material Culture and Interpretation,Dr. S. D. Redmond Collection,,undated,,Geographies To Be Confirmed,"Rights reserved, contact Smith Robertson",Missing donor; Condition still marked Needs Review; Status still marked Needs Review,"Imported from /Users/Birittany/Downloads/Dr S D Redmond/7.png on 2026-08-01. Metadata drawn from visual review of the image on August 1, 2026."
low,SRM-2026-597,"Decorative floral metal tin with lid, undated",Artifact,Material Culture and Interpretation,Dr. S. D. Redmond Collection,,undated,,Geographies To Be Confirmed,"Rights reserved, contact Smith Robertson",Missing donor; Condition still marked Needs Review; Status still marked Needs Review,"Imported from /Users/Birittany/Downloads/Dr S D Redmond/9.png on 2026-08-01. Metadata drawn from visual review of the image on August 1, 2026."
low,SRM-2026-598,"Typed and handwritten manuscript pages, undated",Archive,Community and Professional Life,Dr. S. D. Redmond Collection,,undated,,Geographies To Be Confirmed,"Rights reserved, contact Smith Robertson",Missing donor; Condition still marked Needs Review; Status still marked Needs Review,"Imported from /Users/Birittany/Downloads/Dr S D Redmond/10.png on 2026-08-01. Metadata drawn from visual review of the image on August 1, 2026."
low,SRM-2026-599,"Typewritten correspondence page, undated",Archive,Community and Professional Life,Dr. S. D. Redmond Collection,,undated,,Geographies To Be Confirmed,"Rights reserved, contact Smith Robertson",Missing donor; Condition still marked Needs Review; Status still marked Needs Review,"Imported from /Users/Birittany/Downloads/Dr S D Redmond/11.png on 2026-08-01. Metadata drawn from visual review of the image on August 1, 2026."
low,SRM-2026-600,"Document file cover or wrapper, undated",Archive,Community and Professional Life,Dr. S. D. Redmond Collection,M. A. Lewis Jr.,undated,,Geographies To Be Confirmed,"Rights reserved, contact Smith Robertson",Missing donor; Condition still marked Needs Review; Status still marked Needs Review,"Imported from /Users/Birittany/Downloads/Dr S D Redmond/12.png on 2026-08-01. Metadata drawn from visual review of the image on August 1, 2026."
low,SRM-2026-601,"Handwritten notes on lined paper, undated",Archive,Community and Professional Life,Dr. S. D. Redmond Collection,,undated,,Geographies To Be Confirmed,"Rights reserved, contact Smith Robertson",Missing donor; Condition still marked Needs Review; Status still marked Needs Review,"Imported from /Users/Birittany/Downloads/Dr S D Redmond/13.png on 2026-08-01. Metadata drawn from visual review of the image on August 1, 2026."
low,SRM-2026-602,"Handwritten draft page with corrections, undated",Archive,Community and Professional Life,Dr. S. D. Redmond Collection,,undated,,Geographies To Be Confirmed,"Rights reserved, contact Smith Robertson",Missing donor; Condition still marked Needs Review; Status still marked Needs Review,"Imported from /Users/Birittany/Downloads/Dr S D Redmond/14.png on 2026-08-01. Metadata drawn from visual review of the image on August 1, 2026."
low,SRM-2026-603,"Typed draft with handwritten notes, undated",Archive,Community and Professional Life,Dr. S. D. Redmond Collection,,undated,,Geographies To Be Confirmed,"Rights reserved, contact Smith Robertson",Missing donor; Condition still marked Needs Review; Status still marked Needs Review,"Imported from /Users/Birittany/Downloads/Dr S D Redmond/15.png on 2026-08-01. Metadata drawn from visual review of the image on August 1, 2026."
low,SRM-2026-604,"Typed program or verse sheet, undated",Archive,Community and Professional Life,Dr. S. D. Redmond Collection,,undated,,Geographies To Be Confirmed,"Rights reserved, contact Smith Robertson",Missing donor; Condition still marked Needs Review; Status still marked Needs Review,"Imported from /Users/Birittany/Downloads/Dr S D Redmond/16.png on 2026-08-01. Metadata drawn from visual review of the image on August 1, 2026."
low,SRM-2026-605,"Handwritten notes on folded paper, undated",Archive,Community and Professional Life,Dr. S. D. Redmond Collection,,undated,,Geographies To Be Confirmed,"Rights reserved, contact Smith Robertson",Missing donor; Condition still marked Needs Review; Status still marked Needs Review,"Imported from /Users/Birittany/Downloads/Dr S D Redmond/17.png on 2026-08-01. Metadata drawn from visual review of the image on August 1, 2026."
low,SRM-2026-606,"Addressed folded note or envelope, undated",Archive,Community and Professional Life,Dr. S. D. Redmond Collection,,undated,,Geographies To Be Confirmed,"Rights reserved, contact Smith Robertson",Missing donor; Condition still marked Needs Review; Status still marked Needs Review,"Imported from /Users/Birittany/Downloads/Dr S D Redmond/18.png on 2026-08-01. Metadata drawn from visual review of the image on August 1, 2026."
low,SRM-2026-607,"Typed letter on creased paper, undated",Archive,Community and Professional Life,Dr. S. D. Redmond Collection,,undated,,Geographies To Be Confirmed,"Rights reserved, contact Smith Robertson",Missing donor; Condition still marked Needs Review; Status still marked Needs Review,"Imported from /Users/Birittany/Downloads/Dr S D Redmond/19.png on 2026-08-01. Metadata drawn from visual review of the image on August 1, 2026."
low,SRM-2026-608,"Typed single-page letter, undated",Archive,Community and Professional Life,Dr. S. D. Redmond Collection,,undated,,Geographies To Be Confirmed,"Rights reserved, contact Smith Robertson",Missing donor; Condition still marked Needs Review; Status still marked Needs Review,"Imported from /Users/Birittany/Downloads/Dr S D Redmond/20.png on 2026-08-01. Metadata drawn from visual review of the image on August 1, 2026."
low,SRM-2026-609,"Handwritten notebook page, undated",Archive,Community and Professional Life,Dr. S. D. Redmond Collection,,undated,,Geographies To Be Confirmed,"Rights reserved, contact Smith Robertson",Missing donor; Condition still marked Needs Review; Status still marked Needs Review,"Imported from /Users/Birittany/Downloads/Dr S D Redmond/21.png on 2026-08-01. Metadata drawn from visual review of the image on August 1, 2026."
low,SRM-2026-610,"Three handwritten note cards, undated",Archive,Community and Professional Life,Dr. S. D. Redmond Collection,,undated,,Geographies To Be Confirmed,"Rights reserved, contact Smith Robertson",Missing donor; Condition still marked Needs Review; Status still marked Needs Review,"Imported from /Users/Birittany/Downloads/Dr S D Redmond/22.png on 2026-08-01. Metadata drawn from visual review of the image on August 1, 2026."
low,SRM-2026-611,"Two handwritten note cards, undated",Archive,Community and Professional Life,Dr. S. D. Redmond Collection,,undated,,Geographies To Be Confirmed,"Rights reserved, contact Smith Robertson",Missing donor; Condition still marked Needs Review; Status still marked Needs Review,"Imported from /Users/Birittany/Downloads/Dr S D Redmond/23.png on 2026-08-01. Metadata drawn from visual review of the image on August 1, 2026."
low,SRM-2026-613,"Talladega College Athletic Association certificate for Charles J. Wilson, 1926-1927",Archive,African American Education,Dr. S. D. Redmond Collection,Charles J. Wilson,1926-1927,,"Talladega, Alabama","Rights reserved, contact Smith Robertson",Missing donor; Condition still marked Needs Review; Status still marked Needs Review,"Imported from /Users/Birittany/Downloads/Dr S D Redmond/25.png on 2026-08-01. Metadata drawn from visual review of the image on August 1, 2026."
low,SRM-2026-616,"Y.W.C.A. cooking class from Smith Robertson School, undated",Photograph,African American Education,Dr. S. D. Redmond Collection,Lillie Bell Jones; Y.W.C.A. cooking class students,undated,,Smith Robertson Campus,"Rights reserved, contact Smith Robertson",Missing donor; Condition still marked Needs Review; Status still marked Needs Review,"Imported from /Users/Birittany/Downloads/Dr S D Redmond/28.png on 2026-08-01. Metadata drawn from visual review of the image on August 1, 2026."
low,SRM-2026-618,"Classroom scene with children seated at a table, undated",Photograph,African American Education,Dr. S. D. Redmond Collection,unidentified children,undated,,Geographies To Be Confirmed,"Rights reserved, contact Smith Robertson",Missing donor; Condition still marked Needs Review; Status still marked Needs Review,"Imported from /Users/Birittany/Downloads/Dr S D Redmond/30.png on 2026-08-01. Metadata drawn from visual review of the image on August 1, 2026."
low,SRM-2026-619,"Portrait of a seated woman sewing or quilting, undated",Photograph,Family And Local Life,Dr. S. D. Redmond Collection,unidentified woman,undated,,Geographies To Be Confirmed,"Rights reserved, contact Smith Robertson",Missing donor; Condition still marked Needs Review; Status still marked Needs Review,"Imported from /Users/Birittany/Downloads/Dr S D Redmond/31.png on 2026-08-01. Metadata drawn from visual review of the image on August 1, 2026."
low,SRM-2026-620,"Nettie B. Jenkins nursing nameplates and certificate fragment, undated",Artifact,Black Health and Medicine,Dr. S. D. Redmond Collection,Nettie B. Jenkins,undated,,"Jackson, Mississippi","Rights reserved, contact Smith Robertson",Missing donor; Condition still marked Needs Review; Status still marked Needs Review,"Imported from /Users/Birittany/Downloads/Dr S D Redmond/32.png on 2026-08-01. Metadata drawn from visual review of the image on August 1, 2026."
low,SRM-2026-621,"Rebuild/Renew newsletter of the Mid-Town Neighborhood Development Group, January-March 1982",Archive,Civic Leadership,Dr. S. D. Redmond Collection,Mid-Town Neighborhood Development Group,1982-01/1982-03,,Mid-Town Jackson,"Rights reserved, contact Smith Robertson",Missing donor; Condition still marked Needs Review; Status still marked Needs Review,"Imported from /Users/Birittany/Downloads/Dr S D Redmond/33.png on 2026-08-01. Metadata drawn from visual review of the image on August 1, 2026."
low,SRM-2026-622,"Mississippi Minority News Digest, October 1983",Archive,Civic Leadership,Dr. S. D. Redmond Collection,Mississippi Research & Development Center,1983-10,,"Jackson, Mississippi","Rights reserved, contact Smith Robertson",Missing donor; Condition still marked Needs Review; Status still marked Needs Review,"Imported from /Users/Birittany/Downloads/Dr S D Redmond/34.png on 2026-08-01. Metadata drawn from visual review of the image on August 1, 2026."
low,SRM-2026-623,"Rebuild/Renew article page on the Mid-Town Energy Co-Op, 1982",Archive,Civic Leadership,Dr. S. D. Redmond Collection,Mid-Town Neighborhood Development Group; Vic Gray-Lewis,1982,,Mid-Town Jackson,"Rights reserved, contact Smith Robertson",Missing donor; Condition still marked Needs Review; Status still marked Needs Review,"Imported from /Users/Birittany/Downloads/Dr S D Redmond/35.png on 2026-08-01. Metadata drawn from visual review of the image on August 1, 2026."
low,SRM-2026-624,"East/West: Contemporary American Art program, September 21-23, 1984",Archive,Arts And Culture,Dr. S. D. Redmond Collection,California Afro-American Museum; Sharon Patton,1984-09-21/1984-09-23,,Geographies To Be Confirmed,"Rights reserved, contact Smith Robertson",Missing donor; Condition still marked Needs Review; Status still marked Needs Review,"Imported from /Users/Birittany/Downloads/Dr S D Redmond/36.png on 2026-08-01. Metadata drawn from visual review of the image on August 1, 2026."
low,SRM-2026-625,"Mississippi Minority News Digest, June 1983",Archive,Civic Leadership,Dr. S. D. Redmond Collection,Mississippi Research & Development Center,1983-06,,"Jackson, Mississippi","Rights reserved, contact Smith Robertson",Missing donor; Condition still marked Needs Review; Status still marked Needs Review,"Imported from /Users/Birittany/Downloads/Dr S D Redmond/37.png on 2026-08-01. Metadata drawn from visual review of the image on August 1, 2026."
low,SRM-2026-626,"Women’s Coalition for Responsible Government Black History Month luncheon program, February 2, 1984",Archive,Civic Leadership,Dr. S. D. Redmond Collection,Women’s Coalition for Responsible Government; Margaret Walker Alexander; Fannie Lou Hamer,1984-02-02,,"Jackson, Mississippi","Rights reserved, contact Smith Robertson",Missing donor; Condition still marked Needs Review; Status still marked Needs Review,"Imported from /Users/Birittany/Downloads/Dr S D Redmond/38.png on 2026-08-01. Metadata drawn from visual review of the image on August 1, 2026."
low,SRM-2026-627,"PACK advertising magazine with Black Arts Music Society event notice, February 21, 1980",Archive,Arts And Culture,Dr. S. D. Redmond Collection,Black Arts Music Society; John Horhn; Amin Rashied,1980-02-21,,"Jackson, Mississippi","Rights reserved, contact Smith Robertson",Missing donor; Condition still marked Needs Review; Status still marked Needs Review,"Imported from /Users/Birittany/Downloads/Dr S D Redmond/39.png on 2026-08-01. Metadata drawn from visual review of the image on August 1, 2026."
low,SRM-2026-628,"Lease agreement for 207 West Amite Street dance hall, September 15, 1972",Archive,Arts And Culture,Dr. S. D. Redmond Collection,M. A. Lewis Jr.; Benny G. Smith; Andrew W. Orkin; Adolph J. Orkin Jr.,1972-09-15,,Downtown Jackson,"Rights reserved, contact Smith Robertson",Missing donor; Condition still marked Needs Review; Status still marked Needs Review,"Imported from /Users/Birittany/Downloads/Dr S D Redmond/40.png on 2026-08-01. Metadata drawn from visual review of the image on August 1, 2026."
low,SRM-2026-631,"Portrait of Dr. S. D. Redmond, undated",Photograph,Black Health and Medicine,Dr. S. D. Redmond Collection,Dr. S. D. Redmond,undated,,Geographies To Be Confirmed,"Rights reserved, contact Smith Robertson",Missing donor; Condition still marked Needs Review; Status still marked Needs Review,"Imported from /Users/Birittany/Downloads/Dr S D Redmond/43.png on 2026-08-01. Metadata drawn from visual review of the image on August 1, 2026."
low,SRM-2026-633,"Portrait of Barbara Beadle, undated",Photograph,Portraiture and Community Memory,Dr. S. D. Redmond Collection,Barbara Beadle,undated,,Geographies To Be Confirmed,"Rights reserved, contact Smith Robertson",Missing donor; Condition still marked Needs Review; Status still marked Needs Review,"Imported from /Users/Birittany/Downloads/Dr S D Redmond/45.png on 2026-08-01. Metadata drawn from visual review of the image on August 1, 2026."
low,SRM-2026-634,"Portrait of an elderly man seated on a porch, undated",Photograph,Portraiture and Community Memory,Dr. S. D. Redmond Collection,unidentified man,undated,,Geographies To Be Confirmed,"Rights reserved, contact Smith Robertson",Missing donor; Condition still marked Needs Review; Status still marked Needs Review,"Imported from /Users/Birittany/Downloads/Dr S D Redmond/46.png on 2026-08-01. Metadata drawn from visual review of the image on August 1, 2026."
low,SRM-2026-635,"Portrait of Edward Henry, undated",Photograph,Portraiture and Community Memory,Dr. S. D. Redmond Collection,Edward Henry,undated,,Geographies To Be Confirmed,"Rights reserved, contact Smith Robertson",Missing donor; Condition still marked Needs Review; Status still marked Needs Review,"Imported from /Users/Birittany/Downloads/Dr S D Redmond/47.png on 2026-08-01. Metadata drawn from visual review of the image on August 1, 2026."
low,SRM-2026-636,"LHS class composite, Class of 1929",Photograph,African American Education,Dr. S. D. Redmond Collection,LHS Class of 1929,1929,,Geographies To Be Confirmed,"Rights reserved, contact Smith Robertson",Missing donor; Condition still marked Needs Review; Status still marked Needs Review,"Imported from /Users/Birittany/Downloads/Dr S D Redmond/48.png on 2026-08-01. Metadata drawn from visual review of the image on August 1, 2026."
low,SRM-2026-637,"Jackson College teacher-training sophomores group photograph under Dr. B. B. Dansby, undated",Photograph,African American Education,Dr. S. D. Redmond Collection,Jackson College sophomores; B. B. Dansby,undated,,"Jackson, Mississippi","Rights reserved, contact Smith Robertson",Missing donor; Condition still marked Needs Review; Status still marked Needs Review,"Imported from /Users/Birittany/Downloads/Dr S D Redmond/49.png on 2026-08-01. Metadata drawn from visual review of the image on August 1, 2026."
low,SRM-2026-638,"Manual for Midwives page titled “Traveling to the Midwife Meeting,” undated",Archive,Midwives and Motherhood,Dr. S. D. Redmond Collection,midwives; public health nurses,undated,,Mississippi,"Rights reserved, contact Smith Robertson",Missing donor; Condition still marked Needs Review; Status still marked Needs Review,"Imported from /Users/Birittany/Downloads/Dr S D Redmond/50.png on 2026-08-01. Metadata drawn from visual review of the image on August 1, 2026."
low,SRM-2026-639,"Physician’s birth certificate data for Carlyn Evelyn Baker, March 24, 1943",Archive,Midwives and Motherhood,Dr. S. D. Redmond Collection,Carlyn Evelyn Baker; Barbara Willis; Milton Baker,1943-03-24,,"Jackson, Mississippi","Rights reserved, contact Smith Robertson",Missing donor; Condition still marked Needs Review; Status still marked Needs Review,"Imported from /Users/Birittany/Downloads/Dr S D Redmond/51.png on 2026-08-01. Metadata drawn from visual review of the image on August 1, 2026."
low,SRM-2026-641,"Perkins family portrait, 1960",Photograph,Family And Local Life,John and Vera Mae Perkins Collection,John M. Perkins; Vera Mae Perkins; Perkins family,1960,,Geographies To Be Confirmed,"Rights reserved, contact Smith Robertson",Missing donor; Condition still marked Needs Review; Status still marked Needs Review,"Imported from /Users/Birittany/Downloads/January 1971/1.png on 2026-08-01. Metadata drawn from visual review of the image and contextual research on John M. Perkins and Vera Mae Perkins on August 1, 2026."
low,SRM-2026-642,"Flooded Voice of Calvary church building, undated",Photograph,Faith And Community Life,John and Vera Mae Perkins Collection,Voice of Calvary Ministries,undated,,"Jackson, Mississippi","Rights reserved, contact Smith Robertson",Missing donor; Condition still marked Needs Review; Status still marked Needs Review,"Imported from /Users/Birittany/Downloads/January 1971/2.png on 2026-08-01. Metadata drawn from visual review of the image and contextual research on John M. Perkins and Vera Mae Perkins on August 1, 2026."
low,SRM-2026-644,"Portrait of John M. Perkins outdoors, undated",Photograph,Portraiture and Community Memory,John and Vera Mae Perkins Collection,John M. Perkins,undated,,Geographies To Be Confirmed,"Rights reserved, contact Smith Robertson",Missing donor; Condition still marked Needs Review; Status still marked Needs Review,"Imported from /Users/Birittany/Downloads/January 1971/4.png on 2026-08-01. Metadata drawn from visual review of the image and contextual research on John M. Perkins and Vera Mae Perkins on August 1, 2026."
low,SRM-2026-645,"Perkins family outdoor gathering, undated",Photograph,Family And Local Life,John and Vera Mae Perkins Collection,Perkins family members,undated,,Geographies To Be Confirmed,"Rights reserved, contact Smith Robertson",Missing donor; Condition still marked Needs Review; Status still marked Needs Review,"Imported from /Users/Birittany/Downloads/January 1971/5.png on 2026-08-01. Metadata drawn from visual review of the image and contextual research on John M. Perkins and Vera Mae Perkins on August 1, 2026."
low,SRM-2026-646,"John and Vera Mae Perkins with companions indoors, undated",Photograph,Family And Local Life,John and Vera Mae Perkins Collection,John M. Perkins; Vera Mae Perkins; companions,undated,,Geographies To Be Confirmed,"Rights reserved, contact Smith Robertson",Missing donor; Condition still marked Needs Review; Status still marked Needs Review,"Imported from /Users/Birittany/Downloads/January 1971/6.png on 2026-08-01. Metadata drawn from visual review of the image and contextual research on John M. Perkins and Vera Mae Perkins on August 1, 2026."
low,SRM-2026-647,"Older couple seated outdoors, undated",Photograph,Family And Local Life,John and Vera Mae Perkins Collection,unidentified adults,undated,,Geographies To Be Confirmed,"Rights reserved, contact Smith Robertson",Missing donor; Condition still marked Needs Review; Status still marked Needs Review,"Imported from /Users/Birittany/Downloads/January 1971/7.png on 2026-08-01. Metadata drawn from visual review of the image and contextual research on John M. Perkins and Vera Mae Perkins on August 1, 2026."
low,SRM-2026-648,"Men seated on bundled goods, undated",Photograph,Community and Professional Life,John and Vera Mae Perkins Collection,unidentified men,undated,,Geographies To Be Confirmed,"Rights reserved, contact Smith Robertson",Missing donor; Condition still marked Needs Review; Status still marked Needs Review,"Imported from /Users/Birittany/Downloads/January 1971/8.png on 2026-08-01. Metadata drawn from visual review of the image and contextual research on John M. Perkins and Vera Mae Perkins on August 1, 2026."
low,SRM-2026-649,"Pickup truck with riders, undated",Photograph,Community and Professional Life,John and Vera Mae Perkins Collection,unidentified adults,undated,,Geographies To Be Confirmed,"Rights reserved, contact Smith Robertson",Missing donor; Condition still marked Needs Review; Status still marked Needs Review,"Imported from /Users/Birittany/Downloads/January 1971/9.png on 2026-08-01. Metadata drawn from visual review of the image and contextual research on John M. Perkins and Vera Mae Perkins on August 1, 2026."
low,SRM-2026-650,"Group portrait of women and children, undated",Photograph,Family And Local Life,John and Vera Mae Perkins Collection,unidentified women; unidentified children,undated,,Geographies To Be Confirmed,"Rights reserved, contact Smith Robertson",Missing donor; Condition still marked Needs Review; Status still marked Needs Review,"Imported from /Users/Birittany/Downloads/January 1971/10.png on 2026-08-01. Metadata drawn from visual review of the image and contextual research on John M. Perkins and Vera Mae Perkins on August 1, 2026."
low,SRM-2026-651,"Man with horse-drawn cart, undated",Photograph,Family And Local Life,John and Vera Mae Perkins Collection,unidentified man,undated,,Geographies To Be Confirmed,"Rights reserved, contact Smith Robertson",Missing donor; Condition still marked Needs Review; Status still marked Needs Review,"Imported from /Users/Birittany/Downloads/January 1971/11.png on 2026-08-01. Metadata drawn from visual review of the image and contextual research on John M. Perkins and Vera Mae Perkins on August 1, 2026."
low,SRM-2026-653,"Studio portrait of John M. Perkins and Vera Mae Perkins, undated",Photograph,Portraiture and Community Memory,John and Vera Mae Perkins Collection,John M. Perkins; Vera Mae Perkins,undated,,Geographies To Be Confirmed,"Rights reserved, contact Smith Robertson",Missing donor; Condition still marked Needs Review; Status still marked Needs Review,"Imported from /Users/Birittany/Downloads/January 1971/13.png on 2026-08-01. Metadata drawn from visual review of the image and contextual research on John M. Perkins and Vera Mae Perkins on August 1, 2026."
low,SRM-2026-654,"John M. Perkins in panel discussion, undated",Photograph,Civic Leadership,John and Vera Mae Perkins Collection,John M. Perkins,undated,,Geographies To Be Confirmed,"Rights reserved, contact Smith Robertson",Missing donor; Condition still marked Needs Review; Status still marked Needs Review,"Imported from /Users/Birittany/Downloads/January 1971/14.png on 2026-08-01. Metadata drawn from visual review of the image and contextual research on John M. Perkins and Vera Mae Perkins on August 1, 2026."
low,SRM-2026-655,"John M. Perkins and Vera Mae Perkins outdoors, undated",Photograph,Family And Local Life,John and Vera Mae Perkins Collection,John M. Perkins; Vera Mae Perkins,undated,,Geographies To Be Confirmed,"Rights reserved, contact Smith Robertson",Missing donor; Condition still marked Needs Review; Status still marked Needs Review,"Imported from /Users/Birittany/Downloads/January 1971/15.png on 2026-08-01. Metadata drawn from visual review of the image and contextual research on John M. Perkins and Vera Mae Perkins on August 1, 2026."
low,SRM-2026-656,"Snapshot of John M. Perkins and Vera Mae Perkins indoors, undated",Photograph,Family And Local Life,John and Vera Mae Perkins Collection,John M. Perkins; Vera Mae Perkins,undated,,Geographies To Be Confirmed,"Rights reserved, contact Smith Robertson",Missing donor; Condition still marked Needs Review; Status still marked Needs Review,"Imported from /Users/Birittany/Downloads/January 1971/16.png on 2026-08-01. Metadata drawn from visual review of the image and contextual research on John M. Perkins and Vera Mae Perkins on August 1, 2026."
low,SRM-2026-658,"John M. Perkins with an older companion at sunset, undated",Photograph,Civic Leadership,John and Vera Mae Perkins Collection,John M. Perkins; unidentified man,undated,,Geographies To Be Confirmed,"Rights reserved, contact Smith Robertson",Missing donor; Condition still marked Needs Review; Status still marked Needs Review,"Imported from /Users/Birittany/Downloads/January 1971/18.png on 2026-08-01. Metadata drawn from visual review of the image and contextual research on John M. Perkins and Vera Mae Perkins on August 1, 2026."
low,SRM-2026-659,"Rural church or ministry building, undated",Photograph,Faith And Community Life,John and Vera Mae Perkins Collection,,undated,,Geographies To Be Confirmed,"Rights reserved, contact Smith Robertson",Missing donor; Condition still marked Needs Review; Status still marked Needs Review,"Imported from /Users/Birittany/Downloads/January 1971/19.png on 2026-08-01. Metadata drawn from visual review of the image and contextual research on John M. Perkins and Vera Mae Perkins on August 1, 2026."
low,SRM-2026-660,"Early portrait of John M. Perkins, undated",Photograph,Portraiture and Community Memory,John and Vera Mae Perkins Collection,John M. Perkins,undated,,Geographies To Be Confirmed,"Rights reserved, contact Smith Robertson",Missing donor; Condition still marked Needs Review; Status still marked Needs Review,"Imported from /Users/Birittany/Downloads/January 1971/20.png on 2026-08-01. Metadata drawn from visual review of the image and contextual research on John M. Perkins and Vera Mae Perkins on August 1, 2026."
low,SRM-2026-661,"Second Perkins family outdoor gathering snapshot, undated",Photograph,Family And Local Life,John and Vera Mae Perkins Collection,Perkins family members,undated,,Geographies To Be Confirmed,"Rights reserved, contact Smith Robertson",Missing donor; Condition still marked Needs Review; Status still marked Needs Review,"Imported from /Users/Birittany/Downloads/January 1971/21.png on 2026-08-01. Metadata drawn from visual review of the image and contextual research on John M. Perkins and Vera Mae Perkins on August 1, 2026."
low,SRM-2026-662,"Adults walking beside a house, undated",Photograph,Family And Local Life,John and Vera Mae Perkins Collection,unidentified adults,undated,,Geographies To Be Confirmed,"Rights reserved, contact Smith Robertson",Missing donor; Condition still marked Needs Review; Status still marked Needs Review,"Imported from /Users/Birittany/Downloads/January 1971/22.png on 2026-08-01. Metadata drawn from visual review of the image and contextual research on John M. Perkins and Vera Mae Perkins on August 1, 2026."
low,SRM-2026-663,"Woman collecting branches or fruit outdoors, undated",Photograph,Family And Local Life,John and Vera Mae Perkins Collection,unidentified woman,undated,,Geographies To Be Confirmed,"Rights reserved, contact Smith Robertson",Missing donor; Condition still marked Needs Review; Status still marked Needs Review,"Imported from /Users/Birittany/Downloads/January 1971/23.png on 2026-08-01. Metadata drawn from visual review of the image and contextual research on John M. Perkins and Vera Mae Perkins on August 1, 2026."
low,SRM-2026-664,"John M. Perkins with a youth, June 1965",Photograph,Family And Local Life,John and Vera Mae Perkins Collection,John M. Perkins; unidentified youth,1965-06,,Geographies To Be Confirmed,"Rights reserved, contact Smith Robertson",Missing donor; Condition still marked Needs Review; Status still marked Needs Review,"Imported from /Users/Birittany/Downloads/January 1971/24.png on 2026-08-01. Metadata drawn from visual review of the image and contextual research on John M. Perkins and Vera Mae Perkins on August 1, 2026."
low,SRM-2026-665,"Group gathered near a car and roadside sign, undated",Photograph,Community and Professional Life,John and Vera Mae Perkins Collection,unidentified adults,undated,,Geographies To Be Confirmed,"Rights reserved, contact Smith Robertson",Missing donor; Condition still marked Needs Review; Status still marked Needs Review,"Imported from /Users/Birittany/Downloads/January 1971/25.png on 2026-08-01. Metadata drawn from visual review of the image and contextual research on John M. Perkins and Vera Mae Perkins on August 1, 2026."
low,SRM-2026-666,"Man leaning against a pickup truck, undated",Photograph,Community and Professional Life,John and Vera Mae Perkins Collection,unidentified man,undated,,Geographies To Be Confirmed,"Rights reserved, contact Smith Robertson",Missing donor; Condition still marked Needs Review; Status still marked Needs Review,"Imported from /Users/Birittany/Downloads/January 1971/26.png on 2026-08-01. Metadata drawn from visual review of the image and contextual research on John M. Perkins and Vera Mae Perkins on August 1, 2026."
low,SRM-2026-667,"Porch group portrait, undated",Photograph,Family And Local Life,John and Vera Mae Perkins Collection,unidentified adults,undated,,Geographies To Be Confirmed,"Rights reserved, contact Smith Robertson",Missing donor; Condition still marked Needs Review; Status still marked Needs Review,"Imported from /Users/Birittany/Downloads/January 1971/27.png on 2026-08-01. Metadata drawn from visual review of the image and contextual research on John M. Perkins and Vera Mae Perkins on August 1, 2026."
low,SRM-2026-668,"Group at Voice of Calvary sign, undated",Photograph,Faith And Community Life,John and Vera Mae Perkins Collection,John M. Perkins; Voice of Calvary Ministries,undated,,"Jackson, Mississippi","Rights reserved, contact Smith Robertson",Missing donor; Condition still marked Needs Review; Status still marked Needs Review,"Imported from /Users/Birittany/Downloads/January 1971/28.png on 2026-08-01. Metadata drawn from visual review of the image and contextual research on John M. Perkins and Vera Mae Perkins on August 1, 2026."
low,SRM-2026-669,"Concrete blocks at church or ministry building, undated",Photograph,Community and Professional Life,John and Vera Mae Perkins Collection,,undated,,Geographies To Be Confirmed,"Rights reserved, contact Smith Robertson",Missing donor; Condition still marked Needs Review; Status still marked Needs Review,"Imported from /Users/Birittany/Downloads/January 1971/29.png on 2026-08-01. Metadata drawn from visual review of the image and contextual research on John M. Perkins and Vera Mae Perkins on August 1, 2026."
low,SRM-2026-670,"Building facade with broken windows, undated",Photograph,Community and Professional Life,John and Vera Mae Perkins Collection,,undated,,Geographies To Be Confirmed,"Rights reserved, contact Smith Robertson",Missing donor; Condition still marked Needs Review; Status still marked Needs Review,"Imported from /Users/Birittany/Downloads/January 1971/30.png on 2026-08-01. Metadata drawn from visual review of the image and contextual research on John M. Perkins and Vera Mae Perkins on August 1, 2026."
low,SRM-2026-671,"John M. Perkins speaking under a tent, undated",Photograph,Civic Leadership,John and Vera Mae Perkins Collection,John M. Perkins,undated,,Geographies To Be Confirmed,"Rights reserved, contact Smith Robertson",Missing donor; Condition still marked Needs Review; Status still marked Needs Review,"Imported from /Users/Birittany/Downloads/January 1971/31.png on 2026-08-01. Metadata drawn from visual review of the image and contextual research on John M. Perkins and Vera Mae Perkins on August 1, 2026."
low,SRM-2026-672,"Small frame house exterior, undated",Photograph,Family And Local Life,John and Vera Mae Perkins Collection,,undated,,Geographies To Be Confirmed,"Rights reserved, contact Smith Robertson",Missing donor; Condition still marked Needs Review; Status still marked Needs Review,"Imported from /Users/Birittany/Downloads/January 1971/32.png on 2026-08-01. Metadata drawn from visual review of the image and contextual research on John M. Perkins and Vera Mae Perkins on August 1, 2026."
low,SRM-2026-673,"Low-slung brick building under construction, undated",Photograph,Community and Professional Life,John and Vera Mae Perkins Collection,,undated,,Geographies To Be Confirmed,"Rights reserved, contact Smith Robertson",Missing donor; Condition still marked Needs Review; Status still marked Needs Review,"Imported from /Users/Birittany/Downloads/January 1971/33.png on 2026-08-01. Metadata drawn from visual review of the image and contextual research on John M. Perkins and Vera Mae Perkins on August 1, 2026."
low,SRM-2026-674,"Station wagon parked beside a building, undated",Photograph,Community and Professional Life,John and Vera Mae Perkins Collection,,undated,,Geographies To Be Confirmed,"Rights reserved, contact Smith Robertson",Missing donor; Condition still marked Needs Review; Status still marked Needs Review,"Imported from /Users/Birittany/Downloads/January 1971/34.png on 2026-08-01. Metadata drawn from visual review of the image and contextual research on John M. Perkins and Vera Mae Perkins on August 1, 2026."
low,SRM-2026-675,"Church gathering outside a sanctuary, undated",Photograph,Faith And Community Life,John and Vera Mae Perkins Collection,church congregation,undated,,Geographies To Be Confirmed,"Rights reserved, contact Smith Robertson",Missing donor; Condition still marked Needs Review; Status still marked Needs Review,"Imported from /Users/Birittany/Downloads/January 1971/35.png on 2026-08-01. Metadata drawn from visual review of the image and contextual research on John M. Perkins and Vera Mae Perkins on August 1, 2026."
low,SRM-2026-676,"Men working with shovels or posts, undated",Photograph,Community and Professional Life,John and Vera Mae Perkins Collection,community workers,undated,,Geographies To Be Confirmed,"Rights reserved, contact Smith Robertson",Missing donor; Condition still marked Needs Review; Status still marked Needs Review,"Imported from /Users/Birittany/Downloads/January 1971/36.png on 2026-08-01. Metadata drawn from visual review of the image and contextual research on John M. Perkins and Vera Mae Perkins on August 1, 2026."
low,SRM-2026-677,"Portrait of a man standing beside an automobile, undated",Photograph,Portraiture and Community Memory,John and Vera Mae Perkins Collection,unidentified man,undated,,Geographies To Be Confirmed,"Rights reserved, contact Smith Robertson",Missing donor; Condition still marked Needs Review; Status still marked Needs Review,"Imported from /Users/Birittany/Downloads/January 1971/37.png on 2026-08-01. Metadata drawn from visual review of the image and contextual research on John M. Perkins and Vera Mae Perkins on August 1, 2026."
low,SRM-2026-678,"Family seated on a porch, undated",Photograph,Family And Local Life,John and Vera Mae Perkins Collection,Perkins family members,undated,,Geographies To Be Confirmed,"Rights reserved, contact Smith Robertson",Missing donor; Condition still marked Needs Review; Status still marked Needs Review,"Imported from /Users/Birittany/Downloads/January 1971/38.png on 2026-08-01. Metadata drawn from visual review of the image and contextual research on John M. Perkins and Vera Mae Perkins on August 1, 2026."
low,SRM-2026-680,"Full-length portrait of John M. Perkins, undated",Photograph,Portraiture and Community Memory,John and Vera Mae Perkins Collection,John M. Perkins,undated,,Geographies To Be Confirmed,"Rights reserved, contact Smith Robertson",Missing donor; Condition still marked Needs Review; Status still marked Needs Review,"Imported from /Users/Birittany/Downloads/January 1971/40.png on 2026-08-01. Metadata drawn from visual review of the image and contextual research on John M. Perkins and Vera Mae Perkins on August 1, 2026."
low,SRM-2026-681,"Community labor scene with shovel, undated",Photograph,Community and Professional Life,John and Vera Mae Perkins Collection,unidentified man,undated,,Geographies To Be Confirmed,"Rights reserved, contact Smith Robertson",Missing donor; Condition still marked Needs Review; Status still marked Needs Review,"Imported from /Users/Birittany/Downloads/January 1971/41.png on 2026-08-01. Metadata drawn from visual review of the image and contextual research on John M. Perkins and Vera Mae Perkins on August 1, 2026."
low,SRM-2026-682,"Porch lined with chairs, undated",Photograph,Family And Local Life,John and Vera Mae Perkins Collection,,undated,,Geographies To Be Confirmed,"Rights reserved, contact Smith Robertson",Missing donor; Condition still marked Needs Review; Status still marked Needs Review,"Imported from /Users/Birittany/Downloads/January 1971/42.png on 2026-08-01. Metadata drawn from visual review of the image and contextual research on John M. Perkins and Vera Mae Perkins on August 1, 2026."
low,SRM-2026-683,"John and Vera Mae Perkins at the Christian Thrift Store, undated",Photograph,Community and Professional Life,John and Vera Mae Perkins Collection,John M. Perkins; Vera Mae Perkins,undated,,Geographies To Be Confirmed,"Rights reserved, contact Smith Robertson",Missing donor; Condition still marked Needs Review; Status still marked Needs Review,"Imported from /Users/Birittany/Downloads/January 1971/43.png on 2026-08-01. Metadata drawn from visual review of the image and contextual research on John M. Perkins and Vera Mae Perkins on August 1, 2026."
low,SRM-2026-684,"Formal portrait of John M. Perkins, undated",Photograph,Portraiture and Community Memory,John and Vera Mae Perkins Collection,John M. Perkins,undated,,Geographies To Be Confirmed,"Rights reserved, contact Smith Robertson",Missing donor; Condition still marked Needs Review; Status still marked Needs Review,"Imported from /Users/Birittany/Downloads/January 1971/44.png on 2026-08-01. Metadata drawn from visual review of the image and contextual research on John M. Perkins and Vera Mae Perkins on August 1, 2026."
low,SRM-2026-685,"Voice of Calvary office interior, undated",Photograph,Community and Professional Life,John and Vera Mae Perkins Collection,Voice of Calvary Ministries staff,undated,,"Jackson, Mississippi","Rights reserved, contact Smith Robertson",Missing donor; Condition still marked Needs Review; Status still marked Needs Review,"Imported from /Users/Birittany/Downloads/January 1971/45.png on 2026-08-01. Metadata drawn from visual review of the image and contextual research on John M. Perkins and Vera Mae Perkins on August 1, 2026."
low,SRM-2026-686,"John M. Perkins in a public panel discussion, undated",Photograph,Civic Leadership,John and Vera Mae Perkins Collection,John M. Perkins,undated,,Geographies To Be Confirmed,"Rights reserved, contact Smith Robertson",Missing donor; Condition still marked Needs Review; Status still marked Needs Review,"Imported from /Users/Birittany/Downloads/January 1971/46.png on 2026-08-01. Metadata drawn from visual review of the image and contextual research on John M. Perkins and Vera Mae Perkins on August 1, 2026."
low,SRM-2026-687,"Choir or congregational group portrait, undated",Photograph,Faith And Community Life,John and Vera Mae Perkins Collection,choir members,undated,,Geographies To Be Confirmed,"Rights reserved, contact Smith Robertson",Missing donor; Condition still marked Needs Review; Status still marked Needs Review,"Imported from /Users/Birittany/Downloads/January 1971/47.png on 2026-08-01. Metadata drawn from visual review of the image and contextual research on John M. Perkins and Vera Mae Perkins on August 1, 2026."
low,SRM-2026-688,"John M. Perkins speaking before a church teaching board, undated",Photograph,Civic Leadership,John and Vera Mae Perkins Collection,John M. Perkins,undated,,Geographies To Be Confirmed,"Rights reserved, contact Smith Robertson",Missing donor; Condition still marked Needs Review; Status still marked Needs Review,"Imported from /Users/Birittany/Downloads/January 1971/48.png on 2026-08-01. Metadata drawn from visual review of the image and contextual research on John M. Perkins and Vera Mae Perkins on August 1, 2026."
low,SRM-2026-689,"John and Vera Mae Perkins before a storefront building, undated",Photograph,Family And Local Life,John and Vera Mae Perkins Collection,John M. Perkins; Vera Mae Perkins,undated,,Geographies To Be Confirmed,"Rights reserved, contact Smith Robertson",Missing donor; Condition still marked Needs Review; Status still marked Needs Review,"Imported from /Users/Birittany/Downloads/January 1971/49.png on 2026-08-01. Metadata drawn from visual review of the image and contextual research on John M. Perkins and Vera Mae Perkins on August 1, 2026."
low,SRM-2026-690,"John M. Perkins at his first honorary doctorate ceremony, undated",Photograph,Civic Leadership,John and Vera Mae Perkins Collection,John M. Perkins,undated,,Geographies To Be Confirmed,"Rights reserved, contact Smith Robertson",Missing donor; Condition still marked Needs Review; Status still marked Needs Review,"Imported from /Users/Birittany/Downloads/January 1971/50.png on 2026-08-01. Metadata drawn from visual review of the image and contextual research on John M. Perkins and Vera Mae Perkins on August 1, 2026."
low,SRM-2026-691,"John M. Perkins and family at a graduation or honorary degree event, undated",Photograph,Civic Leadership,John and Vera Mae Perkins Collection,John M. Perkins; Vera Mae Perkins; family members,undated,,Geographies To Be Confirmed,"Rights reserved, contact Smith Robertson",Missing donor; Condition still marked Needs Review; Status still marked Needs Review,"Imported from /Users/Birittany/Downloads/January 1971/51.png on 2026-08-01. Metadata drawn from visual review of the image and contextual research on John M. Perkins and Vera Mae Perkins on August 1, 2026."
low,SRM-2026-692,"John M. Perkins reviewing office files with a colleague, undated",Photograph,Community and Professional Life,John and Vera Mae Perkins Collection,John M. Perkins; unidentified woman,undated,,Geographies To Be Confirmed,"Rights reserved, contact Smith Robertson",Missing donor; Condition still marked Needs Review; Status still marked Needs Review,"Imported from /Users/Birittany/Downloads/January 1971/52.png on 2026-08-01. Metadata drawn from visual review of the image and contextual research on John M. Perkins and Vera Mae Perkins on August 1, 2026."
low,SRM-2026-693,"Sign for Mendenhall Bible Church and related ministries, undated",Photograph,Faith And Community Life,John and Vera Mae Perkins Collection,Mendenhall Bible Church; TMM Community Law Office; Genesis One School,undated,,"Mendenhall, Mississippi","Rights reserved, contact Smith Robertson",Missing donor; Condition still marked Needs Review; Status still marked Needs Review,"Imported from /Users/Birittany/Downloads/January 1971/53.png on 2026-08-01. Metadata drawn from visual review of the image and contextual research on John M. Perkins and Vera Mae Perkins on August 1, 2026."
low,SRM-2026-694,"John M. Perkins at Bethel College, Newton, Kansas, 1978",Photograph,Civic Leadership,John and Vera Mae Perkins Collection,John M. Perkins,1978,,"Newton, Kansas","Rights reserved, contact Smith Robertson",Missing donor; Condition still marked Needs Review; Status still marked Needs Review,"Imported from /Users/Birittany/Downloads/January 1971/54.png on 2026-08-01. Metadata drawn from visual review of the image and contextual research on John M. Perkins and Vera Mae Perkins on August 1, 2026."
low,SRM-2026-695,"John M. Perkins seated during a talk or interview, undated",Photograph,Civic Leadership,John and Vera Mae Perkins Collection,John M. Perkins,undated,,Geographies To Be Confirmed,"Rights reserved, contact Smith Robertson",Missing donor; Condition still marked Needs Review; Status still marked Needs Review,"Imported from /Users/Birittany/Downloads/January 1971/55.png on 2026-08-01. Metadata drawn from visual review of the image and contextual research on John M. Perkins and Vera Mae Perkins on August 1, 2026."
low,SRM-2026-696,"Figure walking railroad tracks in a neighborhood, undated",Photograph,Family And Local Life,John and Vera Mae Perkins Collection,unidentified figure,undated,,Geographies To Be Confirmed,"Rights reserved, contact Smith Robertson",Missing donor; Condition still marked Needs Review; Status still marked Needs Review,"Imported from /Users/Birittany/Downloads/January 1971/56.png on 2026-08-01. Metadata drawn from visual review of the image and contextual research on John M. Perkins and Vera Mae Perkins on August 1, 2026."
low,SRM-2026-697,"John M. Perkins speaking at banquet dais, undated",Photograph,Civic Leadership,John and Vera Mae Perkins Collection,John M. Perkins,undated,,Geographies To Be Confirmed,"Rights reserved, contact Smith Robertson",Missing donor; Condition still marked Needs Review; Status still marked Needs Review,"Imported from /Users/Birittany/Downloads/January 1971/57.png on 2026-08-01. Metadata drawn from visual review of the image and contextual research on John M. Perkins and Vera Mae Perkins on August 1, 2026."
low,SRM-2026-698,"Collage of photographs and printed images, undated",Archive,Arts And Culture,Youngs Collection,,undated,,Geographies To Be Confirmed,"Rights reserved, contact Smith Robertson",Missing donor; Condition still marked Needs Review; Status still marked Needs Review,"Imported from /Users/Birittany/Downloads/Youngs.zip (1.png) on 2026-08-01. Metadata drawn from visual review of the image on August 1, 2026."
low,SRM-2026-700,"Portrait of R. W. Harrison of Natchez, Mississippi, undated",Photograph,Portraiture and Community Memory,Youngs Collection,R. W. Harrison,undated,,"Natchez, Mississippi","Rights reserved, contact Smith Robertson",Missing donor; Condition still marked Needs Review; Status still marked Needs Review,"Imported from /Users/Birittany/Downloads/Youngs.zip (3.png) on 2026-08-01. Metadata drawn from visual review of the image on August 1, 2026."
low,SRM-2026-702,"Wooded landscape with water or erosion, undated",Photograph,Family And Local Life,Youngs Collection,,undated,,Geographies To Be Confirmed,"Rights reserved, contact Smith Robertson",Missing donor; Condition still marked Needs Review; Status still marked Needs Review,"Imported from /Users/Birittany/Downloads/Youngs.zip (5.png) on 2026-08-01. Metadata drawn from visual review of the image on August 1, 2026."
low,SRM-2026-705,"Construction of an in-ground pool or concrete basin, undated",Photograph,Community and Professional Life,Youngs Collection,,undated,,Geographies To Be Confirmed,"Rights reserved, contact Smith Robertson",Missing donor; Condition still marked Needs Review; Status still marked Needs Review,"Imported from /Users/Birittany/Downloads/Youngs.zip (8.png) on 2026-08-01. Metadata drawn from visual review of the image on August 1, 2026. Legacy accession label visible in image: 90.12.21."
low,SRM-2026-706,"Outdoor group gathering around tables, undated",Photograph,Community and Professional Life,Youngs Collection,,undated,,Geographies To Be Confirmed,"Rights reserved, contact Smith Robertson",Missing donor; Condition still marked Needs Review; Status still marked Needs Review,"Imported from /Users/Birittany/Downloads/Youngs.zip (9.png) on 2026-08-01. Metadata drawn from visual review of the image on August 1, 2026."
low,SRM-2026-707,"Title page of The Fugitive Slave Law and Its Victims, 1861",Archive,Civil Rights and Citizenship,Youngs Collection,,1861,,"New York, New York","Rights reserved, contact Smith Robertson",Missing donor; Condition still marked Needs Review; Status still marked Needs Review,"Imported from /Users/Birittany/Downloads/Youngs.zip (10.png) on 2026-08-01. Metadata drawn from visual review of the image on August 1, 2026."
low,SRM-2026-708,"Interior page from The Fugitive Slave Law and Its Victims, 1861",Archive,Civil Rights and Citizenship,Youngs Collection,,1861,,"New York, New York","Rights reserved, contact Smith Robertson",Missing donor; Condition still marked Needs Review; Status still marked Needs Review,"Imported from /Users/Birittany/Downloads/Youngs.zip (11.png) on 2026-08-01. Metadata drawn from visual review of the image on August 1, 2026."
low,SRM-2026-709,"Open spread from The Fugitive Slave Law and Its Victims, 1861",Archive,Civil Rights and Citizenship,Youngs Collection,,1861,,"New York, New York","Rights reserved, contact Smith Robertson",Missing donor; Condition still marked Needs Review; Status still marked Needs Review,"Imported from /Users/Birittany/Downloads/Youngs.zip (12.png) on 2026-08-01. Metadata drawn from visual review of the image on August 1, 2026."
low,SRM-2026-710,"Mrs. Bone at Edwards Candy, undated",Photograph,Community and Professional Life,Youngs Collection,Mrs. Bone,undated,Ian Tomlin,Geographies To Be Confirmed,"Rights reserved, contact Smith Robertson",Condition still marked Needs Review; Status still marked Needs Review,"Imported from /Users/Birittany/Downloads/Youngs.zip (13.png) on 2026-08-01. Metadata drawn from visual review of the image on August 1, 2026. Legacy accession label visible in image: 86.17.12. Donor context supplied on August 6, 2026."
low,SRM-2026-712,"Taxis parked outside College Park Auditorium, undated",Photograph,Community and Professional Life,Youngs Collection,Dolly Cab,undated,,Geographies To Be Confirmed,"Rights reserved, contact Smith Robertson",Missing donor; Condition still marked Needs Review; Status still marked Needs Review,"Imported from /Users/Birittany/Downloads/Youngs.zip (15.png) on 2026-08-01. Metadata drawn from visual review of the image on August 1, 2026."
low,SRM-2026-714,"Wooded path or creek bank, undated",Photograph,Family And Local Life,Youngs Collection,,undated,,Geographies To Be Confirmed,"Rights reserved, contact Smith Robertson",Missing donor; Condition still marked Needs Review; Status still marked Needs Review,"Imported from /Users/Birittany/Downloads/Youngs.zip (17.png) on 2026-08-01. Metadata drawn from visual review of the image on August 1, 2026."
low,SRM-2026-715,"House exterior with deep shadows, undated",Photograph,Family And Local Life,Youngs Collection,,undated,,Geographies To Be Confirmed,"Rights reserved, contact Smith Robertson",Missing donor; Condition still marked Needs Review; Status still marked Needs Review,"Imported from /Users/Birittany/Downloads/Youngs.zip (18.png) on 2026-08-01. Metadata drawn from visual review of the image on August 1, 2026."
low,SRM-2026-718,"Industrial kitchen or bakery workspace, undated",Photograph,Community and Professional Life,Youngs Collection,,undated,,Geographies To Be Confirmed,"Rights reserved, contact Smith Robertson",Missing donor; Condition still marked Needs Review; Status still marked Needs Review,"Imported from /Users/Birittany/Downloads/Youngs.zip (21.png) on 2026-08-01. Metadata drawn from visual review of the image on August 1, 2026."
low,SRM-2026-719,"Interior view of a vehicle or carriage, undated",Photograph,Community and Professional Life,Youngs Collection,,undated,,Geographies To Be Confirmed,"Rights reserved, contact Smith Robertson",Missing donor; Condition still marked Needs Review; Status still marked Needs Review,"Imported from /Users/Birittany/Downloads/Youngs.zip (22.png) on 2026-08-01. Metadata drawn from visual review of the image on August 1, 2026."
low,SRM-2026-720,"Dotty Cab number 145 with driver, undated",Photograph,Community and Professional Life,Youngs Collection,Dotty Cab,undated,,"Meridian, Mississippi","Rights reserved, contact Smith Robertson",Missing donor; Condition still marked Needs Review; Status still marked Needs Review,"Imported from /Users/Birittany/Downloads/Youngs.zip (23.png) on 2026-08-01. Metadata drawn from visual review of the image on August 1, 2026. Legacy accession label visible in image: 85.08.19. Alternate accession normalized from earlier entry on August 6, 2026."
low,SRM-2026-721,"Roadside view with parked automobiles, undated",Photograph,Community and Professional Life,Youngs Collection,,undated,,Geographies To Be Confirmed,"Rights reserved, contact Smith Robertson",Missing donor; Condition still marked Needs Review; Status still marked Needs Review,"Imported from /Users/Birittany/Downloads/Youngs.zip (24.png) on 2026-08-01. Metadata drawn from visual review of the image on August 1, 2026."
low,SRM-2026-722,"Two men standing together outdoors, undated",Photograph,Community and Professional Life,Youngs Collection,,undated,,Geographies To Be Confirmed,"Rights reserved, contact Smith Robertson",Missing donor; Condition still marked Needs Review; Status still marked Needs Review,"Imported from /Users/Birittany/Downloads/Youngs.zip (25.png) on 2026-08-01. Metadata drawn from visual review of the image on August 1, 2026."
low,SRM-2026-723,"Ruined building or storm-damaged site, undated",Photograph,Community and Professional Life,Youngs Collection,,undated,,Geographies To Be Confirmed,"Rights reserved, contact Smith Robertson",Missing donor; Condition still marked Needs Review; Status still marked Needs Review,"Imported from /Users/Birittany/Downloads/Youngs.zip (26.png) on 2026-08-01. Metadata drawn from visual review of the image on August 1, 2026."
low,SRM-2026-724,"Group gathered on porch steps, undated",Photograph,Family And Local Life,Youngs Collection,,undated,,Geographies To Be Confirmed,"Rights reserved, contact Smith Robertson",Missing donor; Condition still marked Needs Review; Status still marked Needs Review,"Imported from /Users/Birittany/Downloads/Youngs.zip (27.png) on 2026-08-01. Metadata drawn from visual review of the image on August 1, 2026."
low,SRM-2026-725,"Two men shaking hands in a hall or sanctuary, undated",Photograph,Civic Leadership,Youngs Collection,,undated,,Geographies To Be Confirmed,"Rights reserved, contact Smith Robertson",Missing donor; Condition still marked Needs Review; Status still marked Needs Review,"Imported from /Users/Birittany/Downloads/Youngs.zip (28.png) on 2026-08-01. Metadata drawn from visual review of the image on August 1, 2026. Legacy accession label visible in image: 90.12.18."
low,SRM-2026-727,"Graduation or commencement speaker in regalia, undated",Photograph,African American Education,Youngs Collection,,undated,,Geographies To Be Confirmed,"Rights reserved, contact Smith Robertson",Missing donor; Condition still marked Needs Review; Status still marked Needs Review,"Imported from /Users/Birittany/Downloads/Youngs.zip (30.png) on 2026-08-01. Metadata drawn from visual review of the image on August 1, 2026. Legacy accession label visible in image: 89.2.1."
low,SRM-2026-728,"Horace Buckley, undated",Photograph,Civic Leadership,Youngs Collection,Horace Buckley,undated,Dr. Ally Mack,Geographies To Be Confirmed,"Rights reserved, contact Smith Robertson",Condition still marked Needs Review; Status still marked Needs Review,"Imported from /Users/Birittany/Downloads/Youngs.zip (31.png) on 2026-08-01. Metadata drawn from visual review of the image on August 1, 2026. Legacy accession label visible in image: 84.06.6. Donor context supplied on August 6, 2026."
low,SRM-2026-729,"Horse and wagon outdoors, undated",Photograph,Family And Local Life,Youngs Collection,,undated,,Geographies To Be Confirmed,"Rights reserved, contact Smith Robertson",Missing donor; Condition still marked Needs Review; Status still marked Needs Review,"Imported from /Users/Birittany/Downloads/Youngs.zip (32.png) on 2026-08-01. Metadata drawn from visual review of the image on August 1, 2026."
low,SRM-2026-730,"Banquet or luncheon crowd in a hall, undated",Photograph,Community and Professional Life,Youngs Collection,,undated,,Geographies To Be Confirmed,"Rights reserved, contact Smith Robertson",Missing donor; Condition still marked Needs Review; Status still marked Needs Review,"Imported from /Users/Birittany/Downloads/Youngs.zip (33.png) on 2026-08-01. Metadata drawn from visual review of the image on August 1, 2026."
low,SRM-2026-731,"Two education leaders posed before a school map, undated",Photograph,African American Education,Youngs Collection,,undated,,"Jackson, Mississippi","Rights reserved, contact Smith Robertson",Missing donor; Condition still marked Needs Review; Status still marked Needs Review,"Imported from /Users/Birittany/Downloads/Youngs.zip (34.png) on 2026-08-01. Metadata drawn from visual review of the image on August 1, 2026."
low,SRM-2026-733,"Commercial storefront or streetscape, undated",Photograph,Community and Professional Life,Youngs Collection,,undated,,Geographies To Be Confirmed,"Rights reserved, contact Smith Robertson",Missing donor; Condition still marked Needs Review; Status still marked Needs Review,"Imported from /Users/Birittany/Downloads/Youngs.zip (36.png) on 2026-08-01. Metadata drawn from visual review of the image on August 1, 2026."
low,SRM-2026-735,"Women seated around a table indoors, undated",Photograph,Community and Professional Life,Youngs Collection,,undated,,Geographies To Be Confirmed,"Rights reserved, contact Smith Robertson",Missing donor; Condition still marked Needs Review; Status still marked Needs Review,"Imported from /Users/Birittany/Downloads/Youngs.zip (38.png) on 2026-08-01. Metadata drawn from visual review of the image on August 1, 2026."
low,SRM-2026-736,"Dimly lit indoor scene with seated figures, undated",Photograph,Arts And Culture,Youngs Collection,,undated,,Geographies To Be Confirmed,"Rights reserved, contact Smith Robertson",Missing donor; Condition still marked Needs Review; Status still marked Needs Review,"Imported from /Users/Birittany/Downloads/Youngs.zip (39.png) on 2026-08-01. Metadata drawn from visual review of the image on August 1, 2026."
low,SRM-2026-737,"Interior doorway scene with seated women, undated",Photograph,Family And Local Life,Youngs Collection,,undated,,Geographies To Be Confirmed,"Rights reserved, contact Smith Robertson",Missing donor; Condition still marked Needs Review; Status still marked Needs Review,"Imported from /Users/Birittany/Downloads/Youngs.zip (40.png) on 2026-08-01. Metadata drawn from visual review of the image on August 1, 2026."
low,SRM-2026-739,"Indoor social gathering, undated",Photograph,Community and Professional Life,Youngs Collection,,undated,,Geographies To Be Confirmed,"Rights reserved, contact Smith Robertson",Missing donor; Condition still marked Needs Review; Status still marked Needs Review,"Imported from /Users/Birittany/Downloads/Youngs.zip (42.png) on 2026-08-01. Metadata drawn from visual review of the image on August 1, 2026."
low,SRM-2026-740,"Office or meeting room scene, undated",Photograph,Community and Professional Life,Youngs Collection,,undated,,Geographies To Be Confirmed,"Rights reserved, contact Smith Robertson",Missing donor; Condition still marked Needs Review; Status still marked Needs Review,"Imported from /Users/Birittany/Downloads/Youngs.zip (43.png) on 2026-08-01. Metadata drawn from visual review of the image on August 1, 2026."
low,SRM-2026-741,"Two men in conversation indoors, undated",Photograph,Community and Professional Life,Youngs Collection,,undated,,Geographies To Be Confirmed,"Rights reserved, contact Smith Robertson",Missing donor; Condition still marked Needs Review; Status still marked Needs Review,"Imported from /Users/Birittany/Downloads/Youngs.zip (44.png) on 2026-08-01. Metadata drawn from visual review of the image on August 1, 2026."
low,SRM-2026-743,"Schoolgirl standing beside a chalkboard, undated",Photograph,African American Education,Youngs Collection,,undated,,Geographies To Be Confirmed,"Rights reserved, contact Smith Robertson",Missing donor; Condition still marked Needs Review; Status still marked Needs Review,"Imported from /Users/Birittany/Downloads/Youngs.zip (46.png) on 2026-08-01. Metadata drawn from visual review of the image on August 1, 2026."
low,SRM-2026-744,"Indoor caregiving or food-preparation scene, undated",Photograph,Family And Local Life,Youngs Collection,,undated,,Geographies To Be Confirmed,"Rights reserved, contact Smith Robertson",Missing donor; Condition still marked Needs Review; Status still marked Needs Review,"Imported from /Users/Birittany/Downloads/Youngs.zip (47.png) on 2026-08-01. Metadata drawn from visual review of the image on August 1, 2026."
low,SRM-2026-747,"Interior with rows of chairs and equipment, undated",Photograph,Community and Professional Life,Youngs Collection,,undated,,Geographies To Be Confirmed,"Rights reserved, contact Smith Robertson",Missing donor; Condition still marked Needs Review; Status still marked Needs Review,"Imported from /Users/Birittany/Downloads/Youngs.zip (50.png) on 2026-08-01. Metadata drawn from visual review of the image on August 1, 2026."
low,SRM-2026-748,"Display of bottles, vessels, and small objects, undated",Photograph,Material Culture and Interpretation,Youngs Collection,,undated,,Geographies To Be Confirmed,"Rights reserved, contact Smith Robertson",Missing donor; Condition still marked Needs Review; Status still marked Needs Review,"Imported from /Users/Birittany/Downloads/Youngs.zip (51.png) on 2026-08-01. Metadata drawn from visual review of the image on August 1, 2026."
low,SRM-2026-749,"Nighttime outdoor gathering, undated",Photograph,Community and Professional Life,Youngs Collection,,undated,,Geographies To Be Confirmed,"Rights reserved, contact Smith Robertson",Missing donor; Condition still marked Needs Review; Status still marked Needs Review,"Imported from /Users/Birittany/Downloads/Youngs.zip (52.png) on 2026-08-01. Metadata drawn from visual review of the image on August 1, 2026."
low,SRM-2026-750,"House or yard scene with figures, undated",Photograph,Family And Local Life,Youngs Collection,,undated,,Geographies To Be Confirmed,"Rights reserved, contact Smith Robertson",Missing donor; Condition still marked Needs Review; Status still marked Needs Review,"Imported from /Users/Birittany/Downloads/Youngs.zip (53.png) on 2026-08-01. Metadata drawn from visual review of the image on August 1, 2026."
low,SRM-2026-751,"Police or municipal car on a street, undated",Photograph,Civic Leadership,Youngs Collection,,undated,,Geographies To Be Confirmed,"Rights reserved, contact Smith Robertson",Missing donor; Condition still marked Needs Review; Status still marked Needs Review,"Imported from /Users/Birittany/Downloads/Youngs.zip (54.png) on 2026-08-01. Metadata drawn from visual review of the image on August 1, 2026."
low,SRM-2026-754,"Crowd assembled outdoors at night, undated",Photograph,Community and Professional Life,Youngs Collection,,undated,,Geographies To Be Confirmed,"Rights reserved, contact Smith Robertson",Missing donor; Condition still marked Needs Review; Status still marked Needs Review,"Imported from /Users/Birittany/Downloads/Youngs.zip (57.png) on 2026-08-01. Metadata drawn from visual review of the image on August 1, 2026."
low,SRM-2026-758,"Speaker beneath a memorial or anniversary banner, undated",Photograph,Civic Leadership,Youngs Collection,,undated,,Geographies To Be Confirmed,"Rights reserved, contact Smith Robertson",Missing donor; Condition still marked Needs Review; Status still marked Needs Review,"Imported from /Users/Birittany/Downloads/Youngs.zip (61.png) on 2026-08-01. Metadata drawn from visual review of the image on August 1, 2026. Legacy accession label visible in image: 84.1.82."
low,SRM-2026-759,"Street view of brick commercial buildings, undated",Photograph,Community and Professional Life,Youngs Collection,,undated,,Geographies To Be Confirmed,"Rights reserved, contact Smith Robertson",Missing donor; Condition still marked Needs Review; Status still marked Needs Review,"Imported from /Users/Birittany/Downloads/Youngs.zip (62.png) on 2026-08-01. Metadata drawn from visual review of the image on August 1, 2026."
low,SRM-2026-761,"Portrait of State Representative Robert Clark of Mississippi, undated",Photograph,Civic Leadership,Youngs Collection,Robert G. Clark Jr.,undated,,Mississippi,"Rights reserved, contact Smith Robertson",Missing donor; Condition still marked Needs Review; Status still marked Needs Review,"Imported from /Users/Birittany/Downloads/Youngs.zip (64.png) on 2026-08-01. Metadata drawn from visual review of the image on August 1, 2026."
low,SRM-2026-765,"Portrait of Senator Henry J. Kirksey, undated",Photograph,Civic Leadership,Youngs Collection,Henry J. Kirksey,undated,,Mississippi,"Rights reserved, contact Smith Robertson",Missing donor; Condition still marked Needs Review; Status still marked Needs Review,"Imported from /Users/Birittany/Downloads/Youngs.zip (68.png) on 2026-08-01. Metadata drawn from visual review of the image on August 1, 2026. Legacy accession label visible in image: 88.26.2."
low,SRM-2026-768,Mr. Glass and his basketball team in the 1950s,Photograph,African American Education,Youngs Collection,Mr. Glass; James Graise; Jimmy Larry; M. T. Blackmon; William Cannon; Alvin Pratt; Scott,1950s,Rev. Edward King,Geographies To Be Confirmed,"Rights reserved, contact Smith Robertson",Condition still marked Needs Review; Status still marked Needs Review,"Imported from /Users/Birittany/Downloads/Youngs.zip (71.png) on 2026-08-01. Metadata drawn from visual review of the image on August 1, 2026. Legacy accession label visible in image: 86.32.2. Donor context supplied on August 6, 2026."
low,SRM-2026-769,"Civil-rights demonstrators with voting-freedom signs, undated",Photograph,Civil Rights and Citizenship,Youngs Collection,,undated,,Geographies To Be Confirmed,"Rights reserved, contact Smith Robertson",Missing donor; Condition still marked Needs Review; Status still marked Needs Review,"Imported from /Users/Birittany/Downloads/Youngs.zip (72.png) on 2026-08-01. Metadata drawn from visual review of the image on August 1, 2026."
low,SRM-2026-770,"Sunburst Bank luncheon in the Smith Robertson atrium, undated",Photograph,Civic Leadership,Youngs Collection,Sunburst Bank,undated,,Smith Robertson Museum,"Rights reserved, contact Smith Robertson",Missing donor; Condition still marked Needs Review; Status still marked Needs Review,"Imported from /Users/Birittany/Downloads/Youngs.zip (73.png) on 2026-08-01. Metadata drawn from visual review of the image on August 1, 2026. Additional label note: Smith Robertson Atrium; Sunburst Bank luncheon; Alamo Theater."
low,SRM-2026-771,"Gathering at the state capitol with liberty bell replica, undated",Photograph,Civic Leadership,Youngs Collection,,undated,,Geographies To Be Confirmed,"Rights reserved, contact Smith Robertson",Missing donor; Condition still marked Needs Review; Status still marked Needs Review,"Imported from /Users/Birittany/Downloads/Youngs.zip (74.png) on 2026-08-01. Metadata drawn from visual review of the image on August 1, 2026. Legacy accession label visible in image: 87.27.16."
low,SRM-2026-772,"Boy seated with a guitar on a bench, undated",Photograph,Family And Local Life,Youngs Collection,,undated,,Geographies To Be Confirmed,"Rights reserved, contact Smith Robertson",Missing donor; Condition still marked Needs Review; Status still marked Needs Review,"Imported from /Users/Birittany/Downloads/Youngs.zip (75.png) on 2026-08-01. Metadata drawn from visual review of the image on August 1, 2026."
low,SRM-2026-773,"Portrait of Dr. Christian, undated",Photograph,Portraiture and Community Memory,Youngs Collection,Dr. Christian,undated,,Geographies To Be Confirmed,"Rights reserved, contact Smith Robertson",Missing donor; Condition still marked Needs Review; Status still marked Needs Review,"Imported from /Users/Birittany/Downloads/Youngs.zip (76.png) on 2026-08-01. Metadata drawn from visual review of the image on August 1, 2026."
low,SRM-2026-774,"Large outdoor assembly of men in work clothes, undated",Photograph,Community and Professional Life,Youngs Collection,,undated,,Geographies To Be Confirmed,"Rights reserved, contact Smith Robertson",Missing donor; Condition still marked Needs Review; Status still marked Needs Review,"Imported from /Users/Birittany/Downloads/Youngs.zip (77.png) on 2026-08-01. Metadata drawn from visual review of the image on August 1, 2026."
low,SRM-P--1990-013,Mounted reproductions of Smith Robertson School exterior views,Photograph,African American Education,SR,,1990,Smith Robertson,Smith Robertson Campus,Public Domain,Missing provenance,
low,SRM-P-1971- 015,"Portrait photograph of L.V. Randolph, principal",Photograph,African American Education,SR,L.V. Randolph,1971,SR,Smith Robertson Campus,Educational Use Approved,Missing provenance,
low,SRM-P-2026-010,"Photo of Charles S. Wilson, SR Principal",Artifact,African American Education,SR,,20th c.,SR,Smith Robertson Campus,Museum Use Only,Missing provenance; Rights status needs normalization: Museum Use Only,
low,SRM-R--1973-003,Ebony Magazine 1973 Feb-Aug,Artifact,Arts And Culture,Ebony magazines,,1973,Ebony magazine,Statewide Mississippi,Public Domain,Missing provenance,
low,SRM-R--1976-005,Jackson Advocate 1976-2005,Artifact,Arts And Culture,Jackson advocate,,1976-2005,jackson advocate,Downtown Jackson,Public Domain,Missing provenance,
low,SRM-R--2026-008,MS link 1994-1995,Artifact,Arts And Culture,MS Link,,1994-1995,MS link,Statewide Mississippi,Public Domain,Missing provenance,
