accession_number,image_file,title,record_type,status,collection_name,location,historical_theme,neighborhood,time_period,people,donor,object_date,format_material,condition,rights_status,sensitivity,is_public,photo_credit,description,significance,provenance,notes,tags,,,,
SRM-2026-020,records/coll001.png,Mississippi Board of Barber Examiners Certificate for Clarence Gray,Artifact,Needs Review,Barbering and Community Life Collection,,Black Business and Professional Life,,1940s,Clarence Gray,,1945,printed certificate in frame,Needs Review,Museum Use Only,Open Access,TRUE,,"Framed State of Mississippi Board of Barber Examiners certificate issued to Clarence Gray. Visible text indicates certificate no. 1508 and a practice period beginning July 1, 1945.","Documents Black barbering, licensure, and professional identity in Mississippi. May relate to local business history and community service economies.",,"Text read from photograph; verify certificate number, exact dates, and whether the black name panel is original to the object. Photo shows partial lettering 'C. E. GRA'.",barbering; licensure; Mississippi; Clarence Gray; professional history; framed certificate,,,,
SRM-2026-021,records/coll002.png,"Barber tools group including brush, sharpening stones, and razor accessories",Artifact,Needs Review,Barbering and Community Life Collection,,Black Business and Professional Life,,,,,,"mixed materials including wood, bristle, stone, and metal",Needs Review,Museum Use Only,Open Access,TRUE,,"Group photograph of barber-related tools, including a brush and several sharpening or honing implements with paper tags attached.",Represents the material culture of barbering and everyday grooming labor.,,Image appears to show multiple objects grouped together. Consider splitting into individual records after physical inventory.,barbering; tools; grooming; sharpening stones; brush; grouped objects,,,,
SRM-2026-022,records/coll003.png,Wester Bros. Hi-Car-Bin Steel barber implement case or razor box,Artifact,Needs Review,Barbering and Community Life Collection,,Black Business and Professional Life,,,,,,manufactured case or boxed implement,Needs Review,Museum Use Only,Open Access,TRUE,,"Close-up of a barbering-related implement or case with visible text reading 'Hi-Car-Bin Steel' and 'Wester Bros Solingen, Germany.'",Provides evidence of the commercial tools and imported products used in barbering practice.,,"Confirm whether this is a razor, case, strop, or hone. Brand text visible in photograph.",barbering; Wester Bros; Solingen Germany; steel; razor accessories,,,,
SRM-2026-023,records/coll004.png,Barber tools group including hand clippers and brush,Artifact,Needs Review,Barbering and Community Life Collection,,Black Business and Professional Life,,,,,,metal and wood with brush,Needs Review,Museum Use Only,Open Access,TRUE,,"Group photograph of barber tools including hand-operated hair clippers, a brush, and an additional detached component.",Illustrates the tools associated with haircutting and grooming before widespread electric equipment.,,Image appears to show multiple objects grouped together. Consider creating separate item records if inventory numbers exist.,barbering; hair clippers; grooming; brush; grouped objects,,,,
SRM-2026-024,records/coll005.png,"Maroon and White yearbooks, 1952 and 1954",Archive,Needs Review,School History Collection,,African American Education,,1950s,,,1952; 1954,printed yearbooks,,Museum Use Only,Open Access,TRUE,,"Two yearbooks titled 'Maroon and White,' with covers marked 1952 and '54 and a bulldog emblem.","Likely useful for documenting student life, institutional identity, and mid-twentieth-century educational history.",,Verify school name and whether each volume should be cataloged separately.,yearbook; education; 1950s; Maroon and White; school history,,,,
SRM-2026-025,records/coll006.png,Black-and-white photograph of gathering along riverbank,Photograph,Needs Review,Photograph Collection,,Community Life and Leisure,,,,,,black-and-white photographic print,Needs Review,Museum Use Only,Open Access,TRUE,,Black-and-white photograph showing a large group gathered along a riverbank or lakeshore.,"May document recreation, labor, travel, or community gathering near a waterway.",,Unidentified location and date. Verify whether there is writing on verso.,photograph; river; community gathering; black-and-white print,,,,
SRM-2026-026,records/coll007.png,Black-and-white photograph of agricultural field work,Photograph,Needs Review,Photograph Collection,,Agriculture and Labor,,,,,,black-and-white photographic print,Needs Review,Museum Use Only,Open Access,TRUE,,"Black-and-white photograph showing people and teams in a cultivated field, possibly during plowing or planting.","May document agricultural labor, land use, and rural work practices.",,"Exact activity, location, and date are uncertain from the image alone.",photograph; agriculture; field labor; rural history,,,,
SRM-2026-027,records/coll008.png,Black-and-white photograph of agricultural processing scene,Photograph,Needs Review,Photograph Collection,,Agriculture and Labor,,,,,,black-and-white photographic print,Needs Review,Museum Use Only,Open Access,TRUE,,"Black-and-white photograph showing several people working with machinery beside a building, likely in an agricultural processing context.",May document mechanized farm labor and communal work activity.,,Image has glare in the lower portion; identify machinery and location during cataloging.,photograph; agriculture; machinery; labor; rural history,,,,
SRM-2026-028,records/coll009.png,Membership Directory of Historic Mount Helm Baptist Church 135th Anniversary Program,Archive,Needs Review,Church and Community History Collection,,Faith And Community Life,Downtown Jackson,1970s,Dr. T. B. Brown,,1970,printed program booklet,Needs Review,Museum Use Only,Open Access,TRUE,,Program booklet titled 'Membership Directory of Historic Mount Helm Baptist Church 135th Anniversary Program' with the theme 'The Church In Response To Change' and the dates 1835–1970.,"Documents Jackson church history, congregational identity, and commemorative print culture.",,"Cover lists Dr. T. B. Brown, Pastor, and Jackson, Mississippi. Verify address and full program contents.",church history; Mount Helm Baptist Church; Jackson Mississippi; anniversary program; printed booklet,,,,
SRM-2026-030,records/coll010.png,"A Collection of Memories: Smith Robertson School, 1894–1970",Archive,Needs Review,School History Collection,,African American Education,Smith Robertson Campus,1970s,Dr. Jessie Mosley; Doris Tharpe Hall; A. N. Jackson; Alferdteen Harrison; James Rundle; Myrtle Glascoe; Theresa Martin; Walter Scott; Cleopatra Thompson; Sophia Taylor; Mattie Collins; Gustava Gooden,,1970,typed and stapled booklet or report,Needs Review,Museum Use Only,Open Access,TRUE,,"Typed document titled 'A Collection of Memories: Smith Robertson School, 1894–1970,' compiled by the Citizens Committee for the Preservation of Smith Robertson School.",Documents institutional memory and preservation efforts related to Smith Robertson School and may contain key historical information about the school’s legacy.,,This appears to be a distinct item from the Mount Helm anniversary program already cataloged. Verify full pagination and title page details.,Smith Robertson School; education; preservation; booklet; typescript; Jackson history,,,,
SRM-2026-031,records/coll011.png,Portrait photograph of Smith Robertson,Photograph,Needs Review,Photograph Collection,,Portraiture and Community Memory,,,Smith Robertson,,,black-and-white photographic print,Needs Review,Museum Use Only,Open Access,TRUE,,"Black-and-white portrait photograph of Smith Robertson wearing a jacket, vest, and high-collared shirt.",Documents the likeness of Smith Robertson and supports interpretation of the school's namesake and broader community history.,,"Identification updated from image review. Check verso, matting, or related files for date and provenance details.",portrait; Smith Robertson; black-and-white photograph; community history,,,,
SRM-2026-032,records/coll012.png,Fragmentary clipping about Wilson Brown and the Medal of Honor,Archive,Needs Review,Military and Civic History Collection,,Military Service and Recognition,,,Wilson Brown,,,printed clipping or reproduction,Needs Review,Museum Use Only,Open Access,TRUE,,"Printed clipping featuring an image of a Medal of Honor and partial caption text stating that Wilson Brown became the only Mississippian, black or white, to receive a Medal of Honor for bravery in the Civil War, aboard the U.S. Hartford in Mobile Bay.","Relates to Mississippi military history, Black service, and commemorative interpretation of Wilson Brown.",,Text is partial and the object appears torn or incomplete. Verify source publication and complete caption.,Wilson Brown; Medal of Honor; Civil War; military history; clipping; Mississippi history,,,,
SRM-2026-033,records/coll013.png,Photograph of elderly woman standing outdoors,Photograph,Needs Review,Photograph Collection,,Family and Community Life,,,,,,black-and-white photographic print,Needs Review,Museum Use Only,Open Access,TRUE,,Black-and-white photograph showing an elderly woman standing outdoors in front of a house or porch area.,"May document family history, domestic space, and everyday life.",,Subject and location unidentified from the image alone. Check verso or associated materials for identification.,photograph; woman; domestic space; family history; portrait,,,,
SRM-2026-034,records/coll014.png,Printed portrait of John R. Lynch,Archive,Needs Review,Biographical and Civic History Collection,,Portraiture and Community Memory,,,John R. Lynch,,,printed portrait reproduction,Needs Review,Museum Use Only,Open Access,TRUE,,Printed portrait reproduction of John R. Lynch with mustache and bow tie.,Documents the likeness of John R. Lynch and may support interpretation of Black political leadership and public life in Mississippi.,,Image may be a reproduction from a publication rather than an original photograph. Identification updated from image review.,portrait; printed reproduction; John R. Lynch; biography,,,,
SRM-2026-035,records/coll015.png,Printed portrait of Hiram Revels,Archive,Needs Review,Biographical and Civic History Collection,,Portraiture and Community Memory,,,Hiram Revels,,,printed portrait reproduction,Needs Review,Museum Use Only,Open Access,TRUE,,Printed portrait reproduction of Hiram Revels in formal dress.,Documents the likeness of Hiram Revels and may support interpretation of Black political leadership and Reconstruction-era history.,,"Image may be a reproduction from a book, pamphlet, or exhibit panel. Identification updated from image review; confirm source.",portrait; printed reproduction; Hiram Revels; biography,,,,
SRM-2026-036,records/coll016.png,Framed display of note labeled 'The State of England' one dollar,Artifact,Needs Review,Material Culture Collection,,Material Culture and Interpretation,,,,,,framed printed note or reproduction,Needs Review,Museum Use Only,Open Access,TRUE,,Small framed display containing a worn printed note or bill with visible text including 'The State of England' and 'One Dollar.',"May represent currency, interpretive display material, or a reproduction associated with a larger historical story.",,"Identification is uncertain from the image alone. Verify whether the note is original, reproduction, or exhibit facsimile.",currency; framed object; printed note; material culture,,,,
SRM-2026-046,records/coll017.png,Memphis Brewers Company Lewis Banquet for the Mississippi Negro Country Agents,Photograph,Needs Review,Photograph Collection,"Nashoba, Mississippi",Community and Professional Life,,1930s,,,1939-11-28,black-and-white photographic print mounted on board,Needs Review,Museum Use Only,Open Access,TRUE,,"Group banquet photograph with handwritten caption reading 'Memphis Brewers Co. Lewis Banquet for the Miss. Negro Country Agents, Neshoba, Miss., Nov. 28, 1939.'","Documents Black professional and community networks in Mississippi, including county agents and a formal banquet setting.",,Caption should be verified in person for spelling of place name and company wording.,banquet; county agents; Black professional life; Mississippi; 1939; group photograph,,,,
SRM-2026-047,records/coll018.png,Annual meeting group photograph of the Mississippi Negro Brewers Association,Photograph,Needs Review,Photograph Collection,"Greenville, Mississippi",Community and Professional Life,,,,,,black-and-white photographic print,Needs Review,Museum Use Only,Open Access,TRUE,,"Group photograph of men and women posed outside a brick church or meeting house. Handwritten caption references an annual meeting of the Mississippi Negro Brewers Association in Greenville, Mississippi.","Documents associational life, professional organizing, and Black civic gathering in Mississippi.",,Caption is partially obscured and should be verified from the original print.,association meeting; Greenville Mississippi; Black civic life; group photograph,,,,
SRM-2026-048,records/coll019.png,Civil rights demonstration photograph with linked arms,Photograph,Needs Review,Civil Rights Collection,,Civil Rights and Citizenship,,1960s,,,,black-and-white photographic print,Needs Review,Museum Use Only,Open Access,TRUE,,"Black-and-white photograph of a line of civil rights demonstrators with linked arms, including men, women, and youth.","Represents direct action, solidarity, and collective protest during the civil rights era.",,"Location, photographer, and exact event are not identified from the image alone.",civil rights; protest; demonstrators; linked arms; black-and-white photograph,,,,
SRM-2026-049,records/coll020.png,Alcorn Agricultural and Mechanical College Eighty-Ninth Annual Commencement program,Archive,Needs Review,Education Collection,"Lorman, Mississippi",African American Education,,1960s,,,1960-05-23,printed commencement program,Needs Review,Museum Use Only,Open Access,TRUE,,"Program for Alcorn Agricultural and Mechanical College's Eighty-Ninth Annual Commencement held Monday evening, May 23, 1960 at Henderson Stadium, Lorman, Mississippi.","Documents HBCU ceremonial culture, higher education, and institutional history in Mississippi.",,Front cover only is shown; confirm full contents and whether any names are listed inside.,Alcorn A and M College; commencement; 1960; HBCU; education; program,,,,
SRM-2026-050,records/coll021.png,Student Nonviolent Coordinating Committee 1967 calendar,Archive,Needs Review,Civil Rights Collection,,Civil Rights and Citizenship,,1960s,Bob Fletcher; Julius Lester,,1967,printed wall calendar,Needs Review,Museum Use Only,Open Access,TRUE,,Student Nonviolent Coordinating Committee wall calendar for 1967. One photographed page shows the cover and another shows the June 1967 calendar page with a photograph credited to Julius Lester; the cover image is credited to Bob Fletcher.,Documents SNCC print culture and movement organizing during the civil rights era.,,The cover and June page appear to be the same item and are cataloged here as a single calendar rather than separate records.,SNCC; Student Nonviolent Coordinating Committee; 1967; calendar; civil rights,,,,
SRM-2026-051,records/coll022.png,Poor People's Campaign 1968 Southern Caravan to Washington broadside,Archive,Needs Review,Civil Rights Collection,,Civil Rights and Citizenship,,1960s,Martin Luther King Jr.; Ralph David Abernathy,,1968,printed broadside or flyer,Needs Review,Museum Use Only,Open Access,TRUE,,"Broadside titled 'Poor People's Campaign 1968' listing the Southern Caravan to Washington, D.C. itinerary from Edwards, Mississippi through Washington, D.C., under the Southern Christian Leadership Conference.",Documents organizing for the Poor People's Campaign and the role of the SCLC in 1968.,,Distinct item from the separate SCLC invitation flyer also photographed in this batch.,Poor People's Campaign; 1968; SCLC; Martin Luther King Jr; Ralph Abernathy; broadside,,,,
SRM-2026-052,records/coll023.png,SCLC flyer inviting participation in the Poor People's Campaign,Archive,Needs Review,Civil Rights Collection,"Grenada, Mississippi",Civil Rights and Citizenship,,1960s,Martin Luther King Jr.,,1968,printed flyer,Needs Review,Museum Use Only,Open Access,TRUE,,"Flyer reading 'Dr. Martin Luther King Jr. invites you to join us in the Poor People's Campaign, Washington, D.C., Spring 1968,' issued by the Southern Christian Leadership Conference and including contact information for the Mississippi unit in Grenada.",Documents grassroots recruitment and communication for the Poor People's Campaign.,,This is a separate printed item from the Southern Caravan broadside.,Poor People's Campaign; SCLC; Martin Luther King Jr; Grenada Mississippi; flyer; civil rights,,,,
SRM-2026-053,records/coll024.png,Free Mississippi in '64 campaign sticker or handbill,Archive,Needs Review,Civil Rights Collection,,Civil Rights and Citizenship,,1960s,,,1964,printed sticker or small poster,Needs Review,Museum Use Only,Open Access,TRUE,,Blue-and-white printed piece reading 'FREE MISSISSIPPI in '64.',Likely associated with Mississippi Freedom Summer or broader freedom movement organizing in 1964.,,"Confirm whether object is a sticker, handbill, or sign.",Free Mississippi; 1964; Freedom Summer; civil rights; printed ephemera,,,,
SRM-2026-054,records/coll025.png,"Democratic National Convention reserved section ticket, August 24, 1964",Archive,Needs Review,Political History Collection,"Atlantic City, New Jersey",Civil Rights and Citizenship,,1960s,John M. Bailey,,1964-08-24,printed convention ticket,Needs Review,Museum Use Only,Open Access,TRUE,,"Printed ticket for the Democratic National Convention, Convention Hall, Atlantic City, New Jersey, Monday August 24, 1964, marked 'Reserved Section.'",May connect to the 1964 Democratic National Convention and Mississippi civil rights political history.,,Consider cross-referencing with Freedom Democratic Party materials if present elsewhere in the collection.,Democratic National Convention; 1964; Atlantic City; ticket; political history,,,,
SRM-2026-055,records/coll026.png,"The Link holdings (1996-1997, 2005-2006, 2008)",Newspaper / Periodical,In Storage,Newspapers And Periodicals,Periodicals Holdings,Civic Leadership,"Jackson, Mississippi",1990s-2000s,,,Jan. 1996-Sep. 1997; Jan. 2005-March 2006; Oct. 2008,newsprint / periodical print,Stable,Rights Unknown,Review Before Public Display,TRUE,,"Bundle label for The Link holdings covering selected runs from 1996-1997, 2005-2006, and 2008.",Represents local newspaper and periodical holdings that document civic and community life in Jackson.,,Source image: 1.png. Label transcription: THE LINK / Jan. 1996-Sept. 1997 / Jan. 2005-March 2006 / Oct. 2008.,newspapers; periodicals; The Link; Jackson media,,,,
SRM-2026-056,records/coll027.png,The Jackson Advocate holdings (March-December 2006),Newspaper / Periodical,In Storage,Newspapers And Periodicals,Periodicals Holdings,Civic Leadership,"Jackson, Mississippi",2000s,,,March 2006-December 2006,newsprint,Stable,Rights Unknown,Review Before Public Display,TRUE,,Bundle label for The Jackson Advocate holdings covering March through December 2006.,"Documents one year of The Jackson Advocate, an important newspaper source for Black public life and local reporting.",,Source image: 2.png. Label transcription: THE JACKSON ADVOCATE / March 2006-Dec 2006.,newspapers; The Jackson Advocate; Black press; Jackson media,,,,
SRM-2026-057,records/coll028.png,The Jackson Advocate holdings (January-December 2007),Newspaper / Periodical,In Storage,Newspapers And Periodicals,Periodicals Holdings,Civic Leadership,"Jackson, Mississippi",2000s,,,Jan.-Dec. 2007,newsprint,Stable,Rights Unknown,Review Before Public Display,TRUE,,Bundle label for The Jackson Advocate holdings for calendar year 2007.,Supports research into local Black press coverage in Jackson during 2007.,,Source image: 3.png. Label transcription: THE JACKSON ADVOCATE / Jan-Dec. 2007.,newspapers; The Jackson Advocate; Black press; Jackson media,,,,
SRM-2026-058,records/coll029.png,The Jackson Advocate holdings (January-December 2010),Newspaper / Periodical,In Storage,Newspapers And Periodicals,Periodicals Holdings,Civic Leadership,"Jackson, Mississippi",2010s,,,Jan.-Dec. 2010,newsprint,Stable,Rights Unknown,Review Before Public Display,TRUE,,Bundle label for The Jackson Advocate holdings for calendar year 2010.,Captures a full year of The Jackson Advocate for collections research and public history use.,,Source image: 4.png. Label transcription: THE JACKSON ADVOCATE / Jan-Dec. 2010.,newspapers; The Jackson Advocate; Black press; Jackson media,,,,
SRM-2026-059,records/coll030.png,The Jackson Advocate holdings (January-December 2009),Newspaper / Periodical,In Storage,Newspapers And Periodicals,Periodicals Holdings,Civic Leadership,"Jackson, Mississippi",2000s,,,Jan.-Dec. 2009,newsprint,Stable,Rights Unknown,Review Before Public Display,TRUE,,Bundle label for The Jackson Advocate holdings for calendar year 2009.,Extends the museum's run of The Jackson Advocate into the late 2000s.,,Source image: 5.png. Label transcription: THE JACKSON ADVOCATE / Jan-Dec. 2009.,newspapers; The Jackson Advocate; Black press; Jackson media,,,,
SRM-2026-060,records/coll031.png,The Jackson Advocate holdings (August-October 2011),Newspaper / Periodical,In Storage,Newspapers And Periodicals,Periodicals Holdings,Civic Leadership,"Jackson, Mississippi",2010s,,,August 2011-October 2011,newsprint,Stable,Rights Unknown,Review Before Public Display,TRUE,,Bundle label for The Jackson Advocate holdings from August through October 2011.,Documents a partial 2011 run of The Jackson Advocate within the museum's newspaper holdings.,,Source image: 6.png. Label transcription: Jackson Advocate / August 2011 thru October 2011 / Add to 2011's.,newspapers; The Jackson Advocate; Black press; Jackson media,,,,
SRM-2026-061,records/coll032.png,The Jackson Advocate holdings (May-October 2012),Newspaper / Periodical,In Storage,Newspapers And Periodicals,Periodicals Holdings,Civic Leadership,"Jackson, Mississippi",2010s,,,May 2012-October 2012,newsprint,Stable,Rights Unknown,Review Before Public Display,TRUE,,Bundle label for The Jackson Advocate holdings from May through October 2012.,Adds a partial 2012 run of The Jackson Advocate to the museum's holdings inventory.,,Source image: 7.png. Label transcription: Jackson Advocate / May 2012 thru October 2012 / Add to other 2012's.,newspapers; The Jackson Advocate; Black press; Jackson media,,,,
SRM-2026-062,records/coll033.png,Jackson Free Press holdings (2010 and September 2011 selections),Newspaper / Periodical,In Storage,Newspapers And Periodicals,Periodicals Holdings,Civic Leadership,"Jackson, Mississippi",2010s,,,"Jan.-Sept. 2010; Aug. 31-Sept. 20, 2011",newsprint,Stable,Rights Unknown,Review Before Public Display,TRUE,,Bundle label for Jackson Free Press holdings covering most of 2010 and three weekly September 2011 issues.,Represents independent local press holdings that document contemporary Jackson civic and cultural life.,,Source image: 8.png. Label transcription: Jackson Free Press / Jan-Sept 2010 / Aug 31-Sept 6 2011 / Sept 7-13 2011 / Sept 14-20 2011.,newspapers; Jackson Free Press; Jackson media; independent press,,,,
SRM-2026-063,records/coll034.png,Jackson Free Press holdings (January-December 2009),Newspaper / Periodical,In Storage,Newspapers And Periodicals,Periodicals Holdings,Civic Leadership,"Jackson, Mississippi",2000s,,,Jan.-Dec. 2009,newsprint,Stable,Rights Unknown,Review Before Public Display,TRUE,,Bundle label for Jackson Free Press holdings for calendar year 2009.,Preserves a full-year run of Jackson Free Press for research into local independent journalism.,,Source image: 9.png. Label transcription: Jackson Free Press / Jan-Dec 2009.,newspapers; Jackson Free Press; Jackson media; independent press,,,,
SRM-2026-064,records/coll035.png,Jackson Free Press holdings (January-December 2013),Newspaper / Periodical,In Storage,Newspapers And Periodicals,Periodicals Holdings,Civic Leadership,"Jackson, Mississippi",2010s,,,Jan. 2013-Dec. 2013,newsprint,Stable,Rights Unknown,Review Before Public Display,TRUE,,Bundle label for Jackson Free Press holdings for calendar year 2013.,Adds a later complete run of Jackson Free Press to the holdings list.,,Source image: 10.png. Label transcription: Jackson Free Press / Jan 2013 / December 2013.,newspapers; Jackson Free Press; Jackson media; independent press,,,,
SRM-2026-065,records/coll036.png,"The Jackson Advocate holdings (January-December 2012, incomplete)",Newspaper / Periodical,In Storage,Newspapers And Periodicals,Periodicals Holdings,Civic Leadership,"Jackson, Mississippi",2010s,,,Jan.-Dec. 2012,newsprint,Stable,Rights Unknown,Review Before Public Display,TRUE,,"Bundle label for The Jackson Advocate holdings for 2012 with missing June, July, and August issues noted.",Documents an incomplete but substantial 2012 run of The Jackson Advocate.,,"Source image: 11.png. Label transcription: THE JACKSON ADVOCATE / Jan-Dec 2012 / Missing issues June, July, August.",newspapers; The Jackson Advocate; Black press; Jackson media; missing issues,,,,
SRM-2026-066,records/coll037.png,"The Jackson Advocate holdings (January-December 2011, incomplete)",Newspaper / Periodical,In Storage,Newspapers And Periodicals,Periodicals Holdings,Civic Leadership,"Jackson, Mississippi",2010s,,,Jan.-Dec. 2011,newsprint,Stable,Rights Unknown,Review Before Public Display,TRUE,,Bundle label for The Jackson Advocate holdings for 2011 with the September issue noted as missing.,Captures an incomplete 2011 run of The Jackson Advocate within the museum holdings.,,Source image: 12.png. Label transcription: THE JACKSON ADVOCATE / Jan.-Dec. 2011 / Sept. issue missing.,newspapers; The Jackson Advocate; Black press; Jackson media; missing issues,,,,
SRM-2026-067,records/coll038.png,The Jackson Advocate holdings (January-December 2008),Newspaper / Periodical,In Storage,Newspapers And Periodicals,Periodicals Holdings,Civic Leadership,"Jackson, Mississippi",2000s,,,Jan.-Dec. 2008,newsprint,Stable,Rights Unknown,Review Before Public Display,TRUE,,Bundle label for The Jackson Advocate holdings for calendar year 2008.,Extends the museum's run of The Jackson Advocate through 2008.,,Source image: 13.png. Label transcription: THE JACKSON ADVOCATE / Jan-Dec. 2008.,newspapers; The Jackson Advocate; Black press; Jackson media,,,,
SRM-2026-068,records/coll039.png,"Mixed periodicals folder (Close Up, Focus, National Alliance, Burning Spear, Planet, Northeast Ledger, South Reporter)",Newspaper / Periodical,In Storage,Newspapers And Periodicals,Periodicals Holdings,,,1960s-2000s,,,1968-2007 selections,mixed periodical print,Stable,Rights Unknown,Review Before Public Display,TRUE,,Mixed folder label for multiple newspaper and periodical titles spanning 1968 through 2007.,Represents a cross-title reference grouping of scattered newspaper and periodical issues.,,"Source image: 14.png. Label transcription: Close Up - 1968, 1969; Focus 1997; National Alliance - 1984; Burning Spear - 1984; Planet - August 2002; Northeast Ledger - March 29, 2006 and April 15, 2006; South Reporter - May 24, 2007.",periodicals; mixed folder; Close Up; Focus; National Alliance; Burning Spear; Planet; Northeast Ledger; South Reporter,,,,
SRM-2026-069,records/coll040.png,The Clarion-Ledger election-related issues (1989-2011 selections),Newspaper / Periodical,In Storage,Newspapers And Periodicals,Periodicals Holdings,Civic Leadership,"Jackson, Mississippi",1980s-2010s,Barack Obama,,1989-2011 selections,newsprint,Stable,Rights Unknown,Review Before Public Display,TRUE,,Mixed-date Clarion-Ledger folder including issues associated with the election of Barack Obama as 44th president.,"Useful for tracing mainstream newspaper coverage across selected dates, especially around the Obama election context noted on the label.",,"Source image: 15.png. Label transcription: The Clarion Ledger / December 9, 2000 / February 5, 1989 / November 10, 2005 / January 23, 2006 / June 23, 2006 / September 13, 2006 / October 13, 2006 / Nov. 3, 2008 / Nov. 8, 2008 / May 8, 2009 / May 20, 2009 / Jan. 21, 2009 / April 6, 2010 / April 14, 2011 / Papers with the election of Barack Obama 44th President.",newspapers; The Clarion-Ledger; Barack Obama; elections; Jackson media,,,,
SRM-2026-070,records/coll041.png,"Jackson Free Press holdings (January 4-October 18, 2006)",Newspaper / Periodical,In Storage,Newspapers And Periodicals,Periodicals Holdings,Civic Leadership,"Jackson, Mississippi",2000s,,,"Jan. 4, 2006-Oct. 18, 2006",newsprint,Stable,Rights Unknown,Review Before Public Display,TRUE,,"Bundle label for Jackson Free Press holdings spanning January 4 through October 18, 2006.",Documents a sustained run of Jackson Free Press during 2006.,,"Source image: 16.png. Label transcription: Jackson Free Press / Jan 4, 2006 thru October 18, 2006.",newspapers; Jackson Free Press; Jackson media; independent press,,,,
SRM-2026-071,records/coll042.png,Jackson Free Press holdings (May-December 2008 selections),Newspaper / Periodical,In Storage,Newspapers And Periodicals,Periodicals Holdings,Civic Leadership,"Jackson, Mississippi",2000s,,,May-December 2008 selections,newsprint,Stable,Rights Unknown,Review Before Public Display,TRUE,,Bundle label for multiple Jackson Free Press issues from May through December 2008.,Captures a set of weekly issues from late 2008 for local journalism and public life research.,,"Source image: 17.png. Label transcription: Jackson Free Press / May 22-28, 2008 / May 29-June 4, 2008 / July 31-Aug 2008 / Aug 14-20 2008 / Sept 11-17, 2008 / Sept 25-Oct 1, 2008 / Oct 16-22, 2008 / Oct 30-Nov 5, 2008 / Oct 23-29, 2008 / Dec 18-24, 2008.",newspapers; Jackson Free Press; Jackson media; independent press,,,,
SRM-2026-072,records/coll043.png,"Jackson Free Press holdings (2003, 2005, 2007 selections)",Newspaper / Periodical,In Storage,Newspapers And Periodicals,Periodicals Holdings,Civic Leadership,"Jackson, Mississippi",2000s,,,"2003, 2005, and 2007 selections",newsprint,Stable,Rights Unknown,Review Before Public Display,TRUE,,"Mixed-date Jackson Free Press folder containing selected issues from 2003, 2005, and 2007.",Provides a cross-year sampling of Jackson Free Press coverage.,,"Source image: 18.png. Label transcription: Jackson Free Press / Nov 27-Dec 10, 2003 / Sept 29-Oct 5, 2005 / Feb 1-7, 2007 / June 2007 / Sept 20-26, 2007 / Sept 27-10/3, 2007 / Nov 1-7, 2007.",newspapers; Jackson Free Press; Jackson media; independent press,,,,
SRM-2026-073,records/coll044.png,Jackson Free Press holdings (January-December 2014),Newspaper / Periodical,In Storage,Newspapers And Periodicals,Periodicals Holdings,Civic Leadership,"Jackson, Mississippi",2010s,,,Jan.-Dec. 2014,newsprint,Stable,Rights Unknown,Review Before Public Display,TRUE,,Bundle label for Jackson Free Press holdings for calendar year 2014.,Extends the Jackson Free Press run into 2014.,,Source image: 19.png. Label transcription: Jackson Free Press / Jan-December 2014.,newspapers; Jackson Free Press; Jackson media; independent press,,,,
SRM-2026-074,records/coll045.png,"Mixed periodicals folder (Jackson Free Press, Miss Link, Close Up)",Newspaper / Periodical,In Storage,Newspapers And Periodicals,Periodicals Holdings,,,1960s-2000s,,,1969-2005 selections,mixed periodical print,Stable,Rights Unknown,Review Before Public Display,TRUE,,Mixed folder label combining scattered Jackson Free Press dates with Miss Link and Close Up references.,Represents a mixed holding that likely needs later separation into title-specific records once the folder is processed more fully.,,"Source image: 20.png. Label transcription: Jackson Free Press / Sept 22, 2000 / Nov 7, 2002 / June 12-25, 2005 / Feb 24-March 16, 2005 / June 23-29, 2005 / Sept 29-Oct 5, 2005 / Nov 3-Nov 23, 2005 / Dec 1-7, 2005 / Dec 22-28, 2005 / Dec 15-21, 2005 / Miss Link / Jan 25-31, 1996 / Aug 21-27, 1997 / Close Up - Jan. 1969.",periodicals; mixed folder; Jackson Free Press; Miss Link; Close Up,,,,
SRM-2026-075,records/coll046.png,Carved wooden geometric panel,Artifact,In Storage,Museum Object Collection,Object Storage,Arts And Culture,Geographies To Be Confirmed,20th century?,,,,carved wood,Stable,Rights Unknown,Review Before Public Display,TRUE,,Rectangular carved wooden panel with repeating geometric cutout design.,Represents decorative object holdings that may relate to African or African diasporic visual design traditions.,,Source image: Untitled design (38)/1.png. Title is provisional pending curator review.,wood carving; decorative arts; artifact,,,,
SRM-2026-076,records/coll047.png,Portrait photograph of Medgar Evers with unidentified man,Photograph,In Storage,Photograph Collection,Photo Storage,Civic Leadership,"Jackson, Mississippi",20th century,Medgar Evers,,,black-and-white print photograph,Stable,Rights Unknown,Review Before Public Display,TRUE,,Black-and-white portrait-style image showing Medgar Evers with an unidentified man standing indoors.,"Documents Medgar Evers and may support interpretation of civil rights leadership, public life, and Mississippi history.",,Source image: Untitled design (38)/2.png. One subject identified as Medgar Evers; second subject remains unidentified.,photograph; portrait; Medgar Evers; Black history; civil rights,,,,
SRM-2026-077,records/coll048.png,Smith Robertson class portrait with young children,Photograph,In Storage,School History Collection,Photo Storage,African American Education,Smith Robertson Campus,20th century,,,,black-and-white print photograph,Stable,Rights Unknown,Review Before Public Display,TRUE,,Group portrait of schoolchildren posed outside a school building.,Documents student life and school culture connected to Black education history in Jackson.,,Source image: Untitled design (38)/3.png. School attribution is provisional pending object file confirmation.,school photograph; students; Smith Robertson; African American education,,,,
SRM-2026-078,records/coll049.png,Smith Robertson class portrait with teacher,Photograph,In Storage,School History Collection,Photo Storage,African American Education,Smith Robertson Campus,20th century,,,,black-and-white print photograph,Fragile,Rights Unknown,Review Before Public Display,TRUE,,Large group class portrait with students and a teacher posed outside a school building.,Offers visual documentation of school community and classroom life connected to Black public education.,,Source image: Untitled design (38)/4.png. Some image wear visible around edges.,school photograph; teacher; students; African American education,,,,
SRM-2026-079,records/coll050.png,Piney Woods pennant ('21),Artifact,In Storage,School History Collection,Object Storage,African American Education,Mississippi,20th century,,,21,painted felt or fabric pennant,Stable,Rights Unknown,Review Before Public Display,TRUE,,Purple and gold pennant reading '21 Piney Woods.',Connects the collection to Black educational institutions and school identity in Mississippi.,,Source image: Untitled design (38)/5.png. Exact institution/date meaning should be confirmed.,pennant; Piney Woods; school memorabilia; African American education,,,,
SRM-2026-080,records/coll051.png,Inventory of Jerry and Sue Whitt donation,Archive,In Storage,Museum Administrative Records,Archives Storage,Arts And Culture,"Jackson, Mississippi",2000s,Jerry Whitt; Sue Whitt,Jerry Whitt; Sue Whitt,"May 10, 2007; signed June 24, 2007",typed paper document,Stable,Museum Use Only,Review Before Public Display,TRUE,,Donation inventory sheet listing objects given permanently to the Smith Robertson Museum and Cultural Center by Jerry and Sue Whitt.,Documents provenance and donor history for a group of objects entering the museum collection in 2007.,,"Source image: Untitled design (37)/1.png. Listed objects include Village Life, Child Taken by Mermaid, Zimbabwe woven hat, and framed Zimbabwe paintings.",donation record; museum administration; provenance; Whitt donation,,,,
SRM-2026-081,records/coll052.png,Mounted Smith Robertson commencement program and tuition receipt,Archive,In Storage,School History Collection,Archives Storage,African American Education,Smith Robertson Campus,1880s-1900s,,,"June 8, 1909; school month beginning Jan. 1, 1889",printed paper mounted on board,Fragile,Rights Unknown,Review Before Public Display,TRUE,,Mounted display containing a Smith Robertson School commencement program and an earlier school tuition receipt.,"Brings together rare documentary evidence of school life, ceremony, and payment records tied to the early history of Smith Robertson.",,Source image: Untitled design (37)/2.png. Tuition receipt handwriting is partially illegible and should be transcribed from the original object.,Smith Robertson School; commencement; tuition receipt; school records,,,,
SRM-2026-082,records/coll053.png,Carved wooden face mask,Artifact,In Storage,Museum Object Collection,Object Storage,Arts And Culture,Geographies To Be Confirmed,20th century?,,,,carved wood,Stable,Rights Unknown,Review Before Public Display,TRUE,,Tall carved wooden face mask with black incised design lines.,"Represents carved object holdings and may connect to African art, collecting, or exhibition history within the museum.",,Source image: Untitled design (37)/3.png. Cultural attribution should be confirmed by collections staff.,mask; wood carving; artifact; African art,,,,
SRM-2026-083,records/coll054.png,Rules and Regulations for the Certification of the Administrative and Instructional Personnel (inscribed copy),Archive,In Storage,School History Collection,Archives Storage,African American Education,Mississippi,1950s,Betty Mae York; Bilbo Young,,1958 revision,printed booklet,Stable,Rights Unknown,Review Before Public Display,TRUE,,"State Department of Education booklet outlining certification rules for administrative and instructional personnel, inscribed 'Betty Mae York.'",Documents mid-century teacher certification policy and personal ownership by an educator connected to the collection.,,Source image: Untitled design (37)/4.png.,education policy; teacher certification; Betty Mae York; Mississippi education,,,,
SRM-2026-084,records/coll055.png,Tomorrow Was Yesterday,Archive,In Storage,Museum Library,Archives Storage,Arts And Culture,Geographies To Be Confirmed,20th century,James N. Brown,,,printed play booklet,Stable,Rights Unknown,Review Before Public Display,TRUE,,Printed copy of the play 'Tomorrow Was Yesterday: A Play in Nine Scenes' by James N. Brown.,Represents literary and dramatic materials that may support interpretation of Black intellectual and cultural history.,,Source image: Untitled design (37)/5.png.,play; James N. Brown; booklet; literature,,,,
SRM-2026-085,records/coll056.png,On-the-Job Education in Rural Communities (inscribed title-page copy),Archive,In Storage,Museum Library,Archives Storage,African American Education,Rural communities,1940s,Roy W. Roberts; Betty Mae York,,February 1947,printed yearbook/booklet,Stable,Rights Unknown,Review Before Public Display,TRUE,,"Title-page view of 'On-the-Job Education in Rural Communities,' edited by Roy W. Roberts, with ownership inscription 'Betty Mae York.'",Documents educational thought and rural community instruction in the postwar period.,,Source image: Untitled design (37)/6.png. May be the same physical publication as SRM-2026-086 photographed from a different side.,rural education; yearbook; Betty Mae York; education history,,,,
SRM-2026-086,records/coll057.png,On-the-Job Education in Rural Communities (cover copy),Archive,In Storage,Museum Library,Archives Storage,African American Education,Rural communities,1940s,,,February 1947,printed yearbook/booklet,Stable,Rights Unknown,Review Before Public Display,TRUE,,Cover view of the yearbook 'On-the-Job Education in Rural Communities.',Adds cover-design evidence for an educational publication tied to rural instruction and teacher training.,,Source image: Untitled design (37)/7.png. May represent the same physical publication as SRM-2026-085.,rural education; yearbook; education history; booklet,,,,
SRM-2026-087,records/coll058.png,Closing Day Treasury,Archive,In Storage,Museum Library,Archives Storage,African American Education,Geographies To Be Confirmed,20th century,Marie Irish; Elizabeth F. Guptill,,,printed booklet,Stable,Rights Unknown,Review Before Public Display,TRUE,,Printed booklet titled 'Closing Day Treasury.',"May have been used in school or youth programming, offering insight into recitation, ceremony, or classroom culture.",,Source image: Untitled design (37)/8.png.,school booklet; classroom culture; recitations; education,,,,
SRM-2026-088,records/coll059.png,Recitation Time,Archive,In Storage,Museum Library,Archives Storage,African American Education,Geographies To Be Confirmed,20th century,,,,printed booklet,Stable,Rights Unknown,Review Before Public Display,TRUE,,Printed booklet titled 'Recitation Time: A Collection of Bright Recitations.',Reflects historical classroom materials and school performance culture for primary and intermediate grades.,,Source image: Untitled design (37)/9.png.,recitation; school booklet; classroom material; education,,,,
SRM-2026-089,records/coll060.png,School Laws of the State of Mississippi,Archive,In Storage,Museum Library,Archives Storage,African American Education,Mississippi,1930s,J. S. Vandiver,,"Code of 1930, as amended to 1938",printed booklet,Stable,Rights Unknown,Review Before Public Display,TRUE,,Issued state school law booklet for Mississippi education administration.,Provides legal context for how schools were governed in Mississippi during segregation-era education history.,,Source image: Untitled design (37)/10.png.,school law; Mississippi education; policy; segregation era,,,,
SRM-2026-090,records/coll061.png,Fortieth Annual Convention of the Fifth Educational District of Mississippi Teachers Association,Archive,In Storage,Museum Library,Archives Storage,African American Education,"Meridian, Mississippi",1960s,,,"January 24-25, 1964",printed convention program,Stable,Rights Unknown,Review Before Public Display,TRUE,,Convention program for the Fifth Educational District of the Mississippi Teachers Association at Carver Jr. High School.,Documents teacher professional networks and Black education leadership in Mississippi in the 1960s.,,Source image: Untitled design (37)/11.png.,teachers association; convention program; Mississippi education; 1964,,,,
SRM-2026-091,records/coll062.png,Rules and Regulations for the Certification of the Administrative and Instructional Personnel (plain copy),Archive,In Storage,School History Collection,Archives Storage,African American Education,Mississippi,1950s,Bilbo Young,,1958 revision,printed booklet,Stable,Rights Unknown,Review Before Public Display,TRUE,,Additional copy of a State Department of Education certification booklet for instructional and administrative personnel.,"Useful for comparing editions, ownership marks, or circulation history within the collection.",,Source image: Untitled design (37)/12.png. May duplicate or accompany SRM-2026-083.,education policy; teacher certification; Mississippi education; booklet,,,,
SRM-2026-092,records/coll063.png,The County Superintendent of Schools in the United States,Archive,In Storage,Museum Library,Archives Storage,African American Education,United States,20th century,,,,printed yearbook/booklet,Stable,Rights Unknown,Review Before Public Display,TRUE,,Yearbook publication titled 'The County Superintendent of Schools in the United States.',Represents professional educational literature that may have informed school administration and teacher practice.,,Source image: Untitled design (37)/13.png.,school administration; yearbook; education history; professional literature,,,,
SRM-2026-093,records/coll064.png,Souvenir Program of Miss Tan America Morton Pageant,Archive,In Storage,Programs And Ephemera,Archives Storage,Arts And Culture,"Jackson, Mississippi",1960s,,,"March 12, 1965",printed program,Stable,Rights Unknown,Review Before Public Display,TRUE,,Souvenir program for the 1965 Miss Tan America Morton Pageant at Bettye Mae Jack High School.,"Documents Black beauty culture, student performance, and community pageantry in mid-century Mississippi.",,Source image: Untitled design (37)/14.png.,pageant; program; Black beauty culture; 1965,,,,
SRM-2026-094,records/coll065.png,The Southern Register (Fall 1985),Archive,In Storage,Museum Library,Archives Storage,Arts And Culture,Mississippi,1980s,Richard Wright,,Fall 1985,printed newsletter,Stable,Rights Unknown,Review Before Public Display,TRUE,,"Issue of The Southern Register, newsletter of the Center for the Study of Southern Culture at the University of Mississippi.","Includes coverage of southern culture scholarship and a Richard Wright symposium, offering context for literary and cultural interpretation.",,Source image: Untitled design (37)/15.png.,newsletter; Southern culture; Richard Wright; University of Mississippi,,,,
SRM-2026-095,records/coll066.png,From Nancy Cabot's Scrapbook quilt clipping,Archive,In Storage,Programs And Ephemera,Archives Storage,Arts And Culture,United States,20th century,Nancy Cabot,,,newspaper clipping,Stable,Rights Unknown,Review Before Public Display,TRUE,,Newspaper clipping featuring quilt block patterns under the heading 'From Nancy Cabot's Scrapbook.',"Useful for documenting domestic arts, print culture, and quilting references within educational or community history collections.",,Source image: Untitled design (37)/16.png.,quilt patterns; newspaper clipping; domestic arts; ephemera,,,,
SRM-2026-096,records/coll067.png,Bound scrapbook or notebook with inserted typed historical document,Archive,In Storage,Archives Collection,Archives Storage,Civic Leadership,Geographies To Be Confirmed,20th century,,,,bound volume with inserted typed pages,Fragile,Rights Unknown,Restricted,TRUE,,Composite image showing a worn bound volume with handwritten content and an inserted typed historical document.,"May contain research, personal notes, or documentary material that warrants closer archival processing.",,Source image: Untitled design (37)/17.png. Detailed identification should be completed from the original object before public release.,scrapbook; notebook; typescript; archive processing,,,,
SRM-2026-097,records/coll068.png,Beaded gourd vessel with white and red netting,Artifact,In Storage,Museum Object Collection,Object Storage,Arts And Culture,Geographies To Be Confirmed,20th century?,,,,"gourd, fiber netting, beads",Stable,Rights Unknown,Review Before Public Display,TRUE,,Rounded gourd vessel covered in netted beadwork with red and white beads.,Represents object holdings that may connect to African or diasporic craft traditions and collecting history.,,Source image: Untitled design (37)/18.png. Cultural attribution should be confirmed.,gourd; beadwork; artifact; craft traditions,,,,
SRM-2026-098,records/coll069.png,Beaded gourd vessel marked Kuba,Artifact,In Storage,Museum Object Collection,Object Storage,Arts And Culture,Kuba,20th century?,,,,"gourd, fiber netting, beads",Stable,Rights Unknown,Review Before Public Display,TRUE,,Tapered gourd vessel with multicolored bead netting and the inscription 'Kuba.',May indicate a collected object associated with Kuba art or a museum interpretation of African cultural material.,,Source image: Untitled design (37)/19.png. Attribution and meaning of inscription should be verified.,gourd; Kuba; beadwork; artifact,,,,
SRM-2026-099,records/coll070.png,A Neighborhood Discovery exhibition brochure,Archive,In Storage,Programs And Ephemera,Archives Storage,Civic Leadership,Farish Street,1980s,,,"April 10-May 13, 1983",printed brochure,Stable,Rights Unknown,Review Before Public Display,TRUE,,Printed exhibition brochure titled 'A Neighborhood Discovery' featuring a historic meeting image and Smith Robertson Senior Citizen Center information.,"Connects public history interpretation, neighborhood storytelling, and exhibition programming tied to Jackson's Black history.",,Source image: Untitled design (37)/20.png.,exhibition brochure; neighborhood history; Smith Robertson; public history,,,,
SRM-2026-100,records/coll071.png,Black Fashion Museum exhibition brochure,Archive,In Storage,Programs And Ephemera,Archives Storage,Arts And Culture,New York City,1980s,,,"April 8, 1985",printed brochure,Stable,Rights Unknown,Review Before Public Display,TRUE,,Brochure for the Black Fashion Museum exhibition 'Salute to Black Designers: Past and Present.',"Documents Black fashion history and exhibition culture, expanding the museum's interpretive connections beyond Jackson.",,Source image: Untitled design (37)/21.png.,fashion; exhibition brochure; Black designers; 1985,,,,
SRM-2026-101,records/coll072.png,Farish Street Historic District brochure,Archive,In Storage,Programs And Ephemera,Archives Storage,Farish Street Business District,Farish Street,1980s,,,,printed brochure,Stable,Rights Unknown,Review Before Public Display,TRUE,,Printed brochure titled 'Farish Street Historic District' featuring Smith Robertson School and humanities project information.,Supports interpretation of Farish Street and the historic importance of Smith Robertson School within Jackson's Black history.,,Source image: Untitled design (37)/22.png.,Farish Street; historic district; brochure; Smith Robertson,,,,
SRM-2026-102,records/coll073.png,Opera/South program packet,Archive,In Storage,Programs And Ephemera,Archives Storage,Arts And Culture,"Jackson, Mississippi",20th century,,,,printed programs and ephemera,Stable,Rights Unknown,Review Before Public Display,TRUE,,Multi-piece Opera/South packet including program materials and related printed documents.,Documents regional performing arts programming and cultural partnerships connected to the museum's broader historical context.,,Source image: Untitled design (37)/23.png. May contain multiple related pieces that could later be cataloged separately.,Opera/South; performing arts; program packet; ephemera,,,,
SRM-2026-103,records/coll074.png,SRA Reading Laboratory IIa student record book,Archive,In Storage,School History Collection,Archives Storage,African American Education,Smith Robertson Campus,20th century,James Earl Dixon?,,,printed workbook with manuscript entries,Fragile,Rights Unknown,Restricted,TRUE,,SRA Reading Laboratory IIa student record book with handwritten entries and interior pages shown.,"Offers rare evidence of classroom practice, reading instruction, and student use within the school setting.",,"Source image: Untitled design (37)/24.png. Student name appears to read James Earl Dixon, but should be verified from the object.",SRA Reading Laboratory; student record book; school material; education,,,,
SRM-2026-104,records/coll075.png,SRA Reading Laboratory IIc student record book,Archive,In Storage,School History Collection,Archives Storage,African American Education,Smith Robertson Campus,20th century,,,,printed workbook with manuscript entries,Fragile,Rights Unknown,Restricted,TRUE,,SRA Reading Laboratory IIc student record book with heavily worn cover and interior record page.,Useful for studying literacy instruction and the material condition of classroom tools used by students.,,Source image: Untitled design (37)/25.png. Student name on the cover should be confirmed directly from the original.,SRA Reading Laboratory; student record book; school material; education,,,,
SRM-2026-105,records/coll076.png,Jackson Public Schools admission application for Eleanor Curtis Citis? (provisional),Archive,In Storage,School History Collection,Archives Storage,African American Education,"Jackson, Mississippi",1950s,Eleanor Curtis Citis?,,"September 4, 1957",printed form with manuscript entries,Fragile,Rights Unknown,Restricted,TRUE,,Jackson Public Schools application for school admission and assignment for a Robertson School student.,"Documents student enrollment, address, guardianship, and school assignment during the segregation era.",,Source image: Untitled design (37)/26.png. Student name transcription is provisional and should be verified from the original document.,school admission; student file; Robertson School; 1957,,,,
SRM-2026-106,records/coll077.png,Jackson Public Schools admission application for Harry Patty Ann? (provisional),Archive,In Storage,School History Collection,Archives Storage,African American Education,"Jackson, Mississippi",1950s,Harry Patty Ann?,,"September 4, 1957",printed form with manuscript entries,Fragile,Rights Unknown,Restricted,TRUE,,Jackson Public Schools application for school admission and assignment for a Robertson School student.,Part of a surviving group of student admission forms documenting family addresses and educational access in 1957 Jackson.,,Source image: Untitled design (37)/27.png. Student name and exact spelling are provisional.,school admission; student file; Robertson School; 1957,,,,
SRM-2026-107,records/coll078.png,Jackson Public Schools admission application for Patricia Andrea Jones? (provisional),Archive,In Storage,School History Collection,Archives Storage,African American Education,"Jackson, Mississippi",1950s,Patricia Andrea Jones?,,"September 5, 1957",printed form with manuscript entries,Fragile,Rights Unknown,Restricted,TRUE,,Jackson Public Schools application for school admission and assignment for a Robertson School student.,"Helps document individual students, households, and school enrollment patterns in segregated Jackson.",,Source image: Untitled design (37)/28.png. Student name transcription is provisional.,school admission; student file; Robertson School; 1957,,,,
SRM-2026-108,records/coll079.png,Jackson Public Schools admission application for Richard Oddie? (provisional),Archive,In Storage,School History Collection,Archives Storage,African American Education,"Jackson, Mississippi",1950s,Richard Oddie?,,"September 6, 1957",printed form with manuscript entries,Fragile,Rights Unknown,Restricted,TRUE,,Jackson Public Schools application for school admission and assignment for a Robertson School student.,Supports family and student-level research into the school's enrollment history.,,Source image: Untitled design (37)/29.png. Student name transcription is provisional and should be verified.,school admission; student file; Robertson School; 1957,,,,
SRM-2026-109,records/coll080.png,Jackson Public Schools admission application for Robin Lynn? (provisional),Archive,In Storage,School History Collection,Archives Storage,African American Education,"Jackson, Mississippi",1950s,Robin Lynn?,,"September 5, 1957",printed form with manuscript entries,Fragile,Rights Unknown,Restricted,TRUE,,Jackson Public Schools application for school admission and assignment for a Robertson School student.,One of a group of surviving admissions records documenting student assignment and family information.,,Source image: Untitled design (37)/30.png. Student name transcription is provisional.,school admission; student file; Robertson School; 1957,,,,
SRM-2026-110,records/coll081.png,Jackson Public Schools admission application for James J. C. Horne,Archive,In Storage,School History Collection,Archives Storage,African American Education,"Jackson, Mississippi",1950s,James J. C. Horne,,"September 4, 1957",printed form with manuscript entries,Fragile,Rights Unknown,Restricted,TRUE,,Jackson Public Schools application for school admission and assignment for James J. C. Horne.,Preserves named student enrollment documentation tied to Robertson School in 1957.,,Source image: Untitled design (37)/31.png.,school admission; student file; James Horne; Robertson School,,,,
SRM-2026-111,records/coll082.png,Jackson Public Schools admission application for Lillie Mae White? (provisional),Archive,In Storage,School History Collection,Archives Storage,African American Education,"Jackson, Mississippi",1950s,Lillie Mae White?,,"September 4, 1957",printed form with manuscript entries,Fragile,Rights Unknown,Restricted,TRUE,,Jackson Public Schools application for school admission and assignment for a Robertson School student.,Adds to the set of surviving student assignment forms documenting Black educational history in Jackson.,,"Source image: Untitled design (37)/32.png. Student name appears to include Lillie Mae and White, but should be verified.",school admission; student file; Robertson School; 1957,,,,
SRM-2026-112,records/coll083.png,Jackson Public Schools admission application for Carol Lula Jones,Archive,In Storage,School History Collection,Archives Storage,African American Education,"Jackson, Mississippi",1950s,Carol Lula Jones,,"September 5, 1957",printed form with manuscript entries,Fragile,Rights Unknown,Restricted,TRUE,,Jackson Public Schools application for school admission and assignment for Carol Lula Jones.,Named student file documenting enrollment at Robertson School during the 1957 term.,,Source image: Untitled design (37)/33.png.,school admission; student file; Carol Lula Jones; Robertson School,,,,
SRM-2026-113,records/coll084.png,Jackson Public Schools admission application for Lindsey Sarah? (provisional),Archive,In Storage,School History Collection,Archives Storage,African American Education,"Jackson, Mississippi",1950s,Lindsey Sarah?,,"September 5, 1957",printed form with manuscript entries,Fragile,Rights Unknown,Restricted,TRUE,,Jackson Public Schools application for school admission and assignment for a Robertson School student.,Extends the run of 1957 student admission files preserved in the collection.,,Source image: Untitled design (37)/34.png. Student name transcription is provisional and should be verified against the original document.,school admission; student file; Robertson School; 1957,,,,
SRM-FS-1952-001,,Farish Street Beauty Shop Sign,Artifact,On Display,Farish Street Business District,Gallery 2,Farish Street Business District,Farish Street,1950s,Farish Street shop owners and beauticians,Farish Street Heritage Project,ca. 1952,painted metal sign,Stable,Educational Use Approved,Open Access,TRUE,,Storefront sign from a Black-owned beauty shop that served the Farish Street business district.,The sign represents Black entrepreneurship and the commercial life of Farish Street during segregation.,Donated by a former business owner's family.,Surface paint loss along right edge.,Farish Street; business history; Jackson history; African American entrepreneurship,,,,
SRM-P-1955-012,records/coll085.png,Photo of A.N Jackson Principal,Artifact,In Storage,SR,BrS1,African American Education,Smith Robertson Campus,1950-1955,,,1955-1950,Photograph,Stable,Museum Use Only,Review Before Public Display,TRUE,,Photo of An Jackson,,,,Principal,,,,
SRM-P-1960-020,,Smith Robinson School Sunday Evening Meeting,Photograph,In Storage,SR,BrS1,African American Education,Smith Robertson Campus,1960s,,,,Photograph,Stable,Educational Use Approved,Review Before Public Display,TRUE,,,,,,Sunday evening,,,,
SRM-P-1971- 015,records/coll086.png,Photo of Lv Randolph Principal,Photograph,In Storage,SR,BrS1,African American Education,Smith Robertson Campus,1955-1971,,SR,1955-1971,Photograph,Stable,Educational Use Approved,Review Before Public Display,TRUE,,Photograph of a smith robinson Principal,,,,Principal,,,,
SRM-P-2026-004,,Photo Prof. Luther Marshall,Photograph,In Storage,Smith Robertson,BrS1,African American Education,Smith Robertson Campus,c. 20th century,,,,photograph,Stable,Educational Use Approved,Review Before Public Display,TRUE,,Photograph of Smith Robertson Principal,African American Education And History,,,Smith Robertson Principals,,,,
SRM-P-2026-010,,"Photo of Charles S. Wilson, SR Principal",Artifact,In Storage,SR,,African American Education,Smith Robertson Campus,20th c.,,SR,20th c.,Photograph,Stable,Museum Use Only,Review Before Public Display,TRUE,,Principal of Smith Robertson School,,,,Principal,,,,
SRM-P-2026-011,records/coll087.png,Photo of James Gooden I.N Pr,Photograph,In Storage,SR,BrS1,African American Education,Smith Robertson Campus,2026,,,,Photograph,Stable,Museum Use Only,Review Before Public Display,TRUE,,Photograph of an interm Principal of the smith robinson school,,,,Principal,,,,
SRM-P--1990-013,records/coll088.png,Photo of Smith Robertson outside,Photograph,In Storage,SR,BrS1,African American Education,Smith Robertson Campus,1990,,Smith Robertson,1990,Photograph,Stable,Public Domain,Open Access,TRUE,,A photo of the Smith Robertson outside,,,,Smith Robertson,,,,
SRM-P-c.1950- 018,records/coll089.png,Richard Wright Photograph,Photograph,In Storage,SR,BrS1,African American Education,Smith Robertson Campus,,,,,,Stable,Public Domain,Review Before Public Display,TRUE,,A photograoh of richard Wright,,,,Richard Wright,,,,
SRM-P-c.1955-016,records/coll090.png,Smith Robertson Students and Teacher,Artifact,In Storage,Smith Robertson,BrS1,African American Education,Smith Robertson Campus,c.1955,,,,Photograph,Stable,Educational Use Approved,Review Before Public Display,TRUE,,Photo of 3 students and an older male,,,,Smith Robertson,,,,
SRM-P-c.1970- 017,,Smith Robertson Under Construction,Photograph,In Storage,SR,BrS1,African American Education,Smith Robertson Campus,c.1970,,,,Photograph,Stable,Public Domain,Review Before Public Display,TRUE,,The construction of the Smith Robinson Museum,,,,Construction,,,,
SRM-R--1973-003,,Ebony Magazine 1973 Feb-Aug,Artifact,In Storage,Ebony magazines,BrS1,Arts And Culture,Statewide Mississippi,1973,,Ebony magazine,1973,paper,Stable,Public Domain,Review Before Public Display,TRUE,,Fashion magazines from 1973 from febuary to august,,,,ebony magazine,,,,
SRM-R--1976-005,,Jackson Advocate 1976-2005,Artifact,In Storage,Jackson advocate,BrS1,Arts And Culture,Downtown Jackson,1976-2005,,jackson advocate,1976-2005,paper,Stable,Public Domain,Review Before Public Display,TRUE,,Collection of jackson advocate periodicals,,,,Jackson advocate,,,,
SRM-R--2008-002,,Jackson Advocate 2008,Artifact,In Storage,Jackson Advocate,BrS1,Arts And Culture,,2008,,jackson advocate,2008,paper,Stable,Public Domain,Review Before Public Display,TRUE,,collection of periodicals from may and july 2008,Secondary source of jackson news,,,Jackson Advocate,,,,
SRM-R--2013-001,,Jackson Advocate 2013,Newspaper / Periodical,In Storage,Jackson Advocate,BrS1,Arts And Culture,,2013,,Jackson Advocate,2013,Newspaper,Stable,Public Domain,Review Before Public Display,TRUE,,Collection of jackson advocate periodicals from 2013,Contains a secondary source of jackson news,,,Jackson Advocate,,,,
SRM-R--2026-006,,Field to Factory Slides and Videos,Artifact,In Storage,Smith Robertson,BrS1,African American Education,Smith Robertson Campus,2026,,Smith Robertson,,Video and photo,Fragile,Museum Use Only,Review Before Public Display,TRUE,,Videos and slides to accompany the field to factory exhibition,,,,Field to Factory,,,,
SRM-R--2026-008,,MS link 1994-1995,Artifact,In Storage,MS Link,BrS1,Arts And Culture,Statewide Mississippi,1995,,MS link,1994-1995,paper,Stable,Public Domain,Review Before Public Display,TRUE,,Newspaper circulated throughout mississippi,,,,MS link,,,,
SRM-R--2026-009,,Field to Factory Art Box,Exhibit,In Storage,Smith robinson,BrS1,African American Education,Statewide Mississippi,2026,,,unknown,,Stable,Museum Use Only,Review Before Public Display,TRUE,,Box of extra art prints for the field to factory exhibition,,,,Field to Factory,,,,
SRM-R--c.1900-019,,Photo of Smith Robertson,Artifact,In Storage,SR,BrS1,African American Education,Smith Robertson Campus,c.1900,,SR,,Photograph,Stable,Educational Use Approved,Review Before Public Display,TRUE,,A photograph of smith robinson,,,,Mr. Smith Robinson,,,,
SRM-R--c.1945-014,records/coll091.png,SR Students,Photograph,In Storage,SR,BrS1,African American Education,Smith Robertson Campus,c.1945,,SR,C1945,Photograph,Stable,Educational Use Approved,Review Before Public Display,TRUE,,A Photo of Smith Robinson Students standing on stairs outside of the building,,,,Smith Robinson,,,,
SRM-2026-114,records/coll092.png,"Leather portfolio embossed ""Dr. Margaret Walker Alexander""",Artifact,In Storage,Personal Papers And Memorabilia,Artifact Storage,Arts And Culture,"Jackson, Mississippi",20th century,Margaret Walker Alexander,,20th century,leather portfolio or briefcase,Stable,Rights Unknown,Review Before Public Display,FALSE,,Leather portfolio or document case embossed with the name Dr. Margaret Walker Alexander.,Connects to the personal and professional life of Margaret Walker Alexander and may support interpretation of Black literary and cultural history in Mississippi.,,Provisional title based on image review. Confirm exact object type and provenance.,Margaret Walker Alexander; leather case; personal effects; arts and culture,,,,
SRM-2026-115,records/coll093.png,"Grouped artifacts including camera, soap box, and two small irons",Artifact,In Storage,Material Culture Collection,Artifact Storage,Family and Community Life,Geographies To Be Confirmed,20th century,,,,"mixed materials including metal, cardboard, and plastic",Stable,Rights Unknown,Review Before Public Display,FALSE,,Grouped artifacts including a small camera,a boxed soap product,and two small irons.,"Documents everyday household and consumer objects that may relate to domestic life, photography, and material culture.",,Provisional grouped-object record based on image review. Confirm whether the items should be cataloged separately.,material culture; household objects; camera; irons; domestic life,,
SRM-2026-116,records/coll094.png,Alamo Theatre September 1976 promotional calendar,Archive,In Storage,Farish Street Business District Collection,Archives Storage,Farish Street Business District,Farish Street,1970s,,,September 1976,printed promotional calendar,Stable,Rights Unknown,Review Before Public Display,FALSE,,Promotional calendar for the Alamo Theatre at 335 North Farish Street in Jackson,Mississippi,featuring film advertisements for September 1976.,"Documents Black entertainment venues, Farish Street business history, and neighborhood leisure culture in Jackson.",,Provisional transcription based on image review. Verify exact program dates and all listed film titles.,Farish Street; Alamo Theatre; calendar; Jackson Mississippi; entertainment history,,
SRM-2026-117,records/coll095.png,Painting of seated woman and child with teddy bear,Artifact,In Storage,Art Collection,Object Storage,Arts And Culture,Geographies To Be Confirmed,20th century,,,,painting or painted board/canvas,Stable,Rights Unknown,Review Before Public Display,FALSE,,Painting depicting a seated woman in a red dress and a child in a grassy landscape with a teddy bear nearby.,"Represents figurative visual art within the collection and may support interpretation of family, childhood, and Black artistic expression.",,Provisional title based on image review. Artist signature appears present but has not yet been confirmed.,painting; woman and child; teddy bear; figurative art,,,,
SRM-2026-118,records/coll096.png,Portrait of elderly woman holding infant,Photograph,In Storage,Photograph Collection,Photo Storage,Family and Community Life,Geographies To Be Confirmed,20th century,,,,black-and-white photograph,Stable,Rights Unknown,Review Before Public Display,FALSE,,Portrait photograph of an elderly woman seated and holding an infant.,May support family-history and intergenerational interpretation within the museum's community collections.,,Subjects are unidentified in the current image. Confirm names,date,and provenance if possible.,family photograph; elderly woman; infant; portrait,,
SRM-2026-119,records/coll097.png,Interior photograph of women at work in laundry room,Photograph,In Storage,Photograph Collection,Photo Storage,Agriculture and Labor,Geographies To Be Confirmed,20th century,,,,black-and-white photograph,Stable,Rights Unknown,Review Before Public Display,FALSE,,Interior photograph showing several women working in a laundry or wash room with tubs and washing equipment.,"Documents labor, domestic work, and gendered workspaces in a historic interior setting.",,Provisional title based on image review. Confirm location,date,and institutional context.,labor; laundry; women at work; interior photograph,,
SRM-2026-120,records/coll098.png,Photograph of child receiving oral examination,Photograph,In Storage,Photograph Collection,Photo Storage,Community and Professional Life,Geographies To Be Confirmed,20th century,,,,black-and-white photograph,Stable,Rights Unknown,Review Before Public Display,FALSE,,Photograph of a child receiving an oral examination while seated on an adult's lap,with a medical worker in the background.,"May document public health, community care, or childhood medical services in a local setting.",,Subjects and location are unidentified in the current image.,public health; child; medical examination; photograph,,,
SRM-2026-121,records/coll099.png,Photograph of house exterior,Photograph,In Storage,Photograph Collection,Photo Storage,Family and Community Life,Geographies To Be Confirmed,20th century,,,,black-and-white photograph,Stable,Rights Unknown,Review Before Public Display,FALSE,,Photograph of a house exterior with porch,walkway,and overgrown yard.,"May support interpretation of domestic space, neighborhood history, or property documentation.",,Building location and date are not identified from the current image.,house; architecture; domestic space; photograph,,
SRM-2026-122,records/coll100.png,Abstract print with reclining figure and bird,Artifact,In Storage,Art Collection,Object Storage,Arts And Culture,Geographies To Be Confirmed,1970s,,,1973,framed print or etching,Stable,Rights Unknown,Review Before Public Display,FALSE,,Abstract black-and-white print featuring a reclining figure,geometric forms,and a bird motif.,Represents modern printmaking or graphic art within the museum's art holdings.,,Date 1973 appears in the image. Confirm title,artist,and medium from the original object.,printmaking; abstract art; framed print; 1973
SRM-2026-123,records/coll101.png,Portrait clipping of Virginia Scott (Scott Ford Houses),Archive,In Storage,Biographical And Civic History Collection,Archives Storage,Portraiture and Community Memory,Scott Ford Houses,20th century,Virginia Scott,,,printed clipping or reproduction,Fragile,Rights Unknown,Review Before Public Display,TRUE,,Printed halftone portrait clipping showing Virginia Scott in a fur stole.,"Supports biographical research, community memory, and the documentation of residents connected to the Scott Ford Houses.",,Identification updated from cursory visual review against original SRM/45.png. Confirm full biographical details from source documentation.,Virginia Scott; portrait; halftone; Scott Ford Houses; printed clipping,,,,
SRM-2026-124,records/coll102.png,Post Office Department appointment certificate for Thomas Keys,Archive,In Storage,Civic Leadership Collection,Archives Storage,Civic Leadership,"Oscar Springs, Mississippi",1870s,Thomas Keys; James A. Gary,,1877,printed appointment certificate,Fragile,Rights Unknown,Review Before Public Display,FALSE,,Post Office Department certificate appointing Thomas Keys as postmaster at Oscar Springs in Jackson County,Mississippi,signed under Postmaster General James A. Gary.,"Documents federal appointment, Black civic participation, and local postal history in Reconstruction-era or post-Reconstruction Mississippi.",,Text was interpreted from the image and should be verified from the original document.,post office; appointment certificate; Thomas Keys; Mississippi history; civic leadership,,
SRM-2026-125,records/coll103.png,"""Delta Fishing"" woodcut print",Artifact,In Storage,Art Collection,Object Storage,Arts And Culture,Mississippi,1950s,,,1950,framed woodcut print,Stable,Rights Unknown,Review Before Public Display,FALSE,,Framed woodcut print titled Delta Fishing showing a figure fishing among cypress trees in a watery landscape.,Represents regional printmaking and visual interpretation of Mississippi Delta life and landscape.,,Title and date appear to be visible in the image. Confirm artist signature and edition details from the original.,woodcut; Delta Fishing; printmaking; Mississippi Delta,,,,
SRM-2026-126,records/coll104.png,Untitled expressionist portrait print,Artifact,In Storage,Art Collection,Object Storage,Arts And Culture,Geographies To Be Confirmed,20th century,,,,framed print,Stable,Rights Unknown,Review Before Public Display,FALSE,,Framed expressionist-style portrait print showing a human head rendered in red,white,and dark tones.,Represents printmaking or graphic portraiture within the museum's art holdings.,,The image appears to include the word Untitled and a possible artist name that should be verified directly from the object.,expressionist art; portrait print; framed artwork,,
SRM-2026-127,records/coll105.png,Cotton branch photograph,Photograph,In Storage,Photograph Collection,Photo Storage,Agriculture and Labor,Mississippi,20th century,,,,photograph,Stable,Rights Unknown,Review Before Public Display,FALSE,,Photograph focusing on a branch of open cotton bolls against a dark background.,Supports interpretation of cotton agriculture and its central place in Mississippi economic and labor history.,,Exact context and date are unidentified in the current image.,cotton; agriculture; photograph; Mississippi,,,,
SRM-2026-128,records/coll106.png,Photograph of Fannie Lou Hamer speaking at podium,Photograph,In Storage,Civil Rights Collection,Photo Storage,Civil Rights and Citizenship,Mississippi,20th century,Fannie Lou Hamer,,,black-and-white photograph,Stable,Rights Unknown,Review Before Public Display,FALSE,,Black-and-white photograph of Fannie Lou Hamer speaking at a podium with several microphones.,"Documents civil rights leadership, public speaking, and the national visibility of Fannie Lou Hamer.",,Identification of Fannie Lou Hamer is based on image review and should be verified against object documentation.,Fannie Lou Hamer; civil rights; public speaking; photograph,,,,
SRM-2026-129,records/coll107.png,Framed drawing of seated couple,Artifact,In Storage,Art Collection,Object Storage,Arts And Culture,Geographies To Be Confirmed,20th century,,,,framed drawing or print,Stable,Rights Unknown,Review Before Public Display,FALSE,,Framed drawing or print depicting a seated couple in an intimate pose.,Represents figurative art and interpersonal portraiture within the museum's art holdings.,,Title and artist are not fully legible in the current image and should be confirmed from the original object.,framed drawing; couple; figurative art,,,,
SRM-2026-130,records/coll108.png,Sony Walkman cassette player,Artifact,In Storage,Material Culture Collection,Object Storage,Arts And Culture,Geographies To Be Confirmed,1980s-1990s,,,late 20th century,portable cassette player,Stable,Rights Unknown,Review Before Public Display,FALSE,,Portable Sony Walkman cassette player in black plastic housing.,Documents late twentieth-century consumer audio technology and everyday media use.,,Confirm exact model number and manufacturing date from the object.,Sony Walkman; cassette player; consumer technology; material culture,,,,
SRM-2026-131,records/coll109.png,Portrait photograph of O.B. Cobbins,Photograph,In Storage,Photograph Collection,Photo Storage,Portraiture and Community Memory,Geographies To Be Confirmed,20th century,O.B. Cobbins,,,black-and-white photographic portrait,Stable,Rights Unknown,Review Before Public Display,FALSE,,Portrait photograph of O.B. Cobbins in a suit and patterned tie.,Adds an identified individual portrait to the museum's biographical and community memory holdings.,,"Identification supplied during image review. Verify full name, date, and any associated biography from object documentation.",O.B. Cobbins; portrait; photograph; community memory,,,,
SRM-2026-132,records/coll110.png,Portrait photograph of Mary Scott (Scott Ford Houses),Photograph,In Storage,Photograph Collection,Photo Storage,Portraiture and Community Memory,Scott Ford Houses,20th century,Mary Scott,,,black-and-white photographic portrait,Stable,Rights Unknown,Review Before Public Display,TRUE,,Portrait photograph of Mary Scott in a framed studio-style image.,Adds an identified portrait connected to the Scott Ford Houses and helps document community residents through the museum's photograph holdings.,,Created from original SRM/29.png after cursory visual review suggested the image was not yet represented elsewhere in the current database. Confirm date and biographical details from source documentation.,Mary Scott; portrait; photograph; Scott Ford Houses,,,,
SRM-2026-133,records/coll111.png,Original SRM image 1 (provisional),Artifact,Needs Review,Original SRM Intake Review,Needs Review,,,,,,,original SRM image pending identification,Needs Review,Rights Unknown,Review Before Public Display,FALSE,,Original SRM source image 1.png added as a provisional record after cursory visual triage suggested it was not represented in the current database.,"Holds a place in the working dataset so the image can be reviewed, identified, and either confirmed as net-new or merged with an existing record later.",,"Created from original SRM/1.png based on the 2026-07-03 cursory reconciliation pass. Best automated candidate was coll093.png at distance 57, but the image was triaged as likely not represented. Review before publishing or deduplicating.",provisional intake; original SRM; needs reconciliation,,,,
SRM-2026-134,records/coll112.png,Original SRM image 2 (provisional),Artifact,Needs Review,Original SRM Intake Review,Needs Review,,,,,,,original SRM image pending identification,Needs Review,Rights Unknown,Review Before Public Display,FALSE,,Original SRM source image 2.png added as a provisional record after cursory visual triage suggested it was not represented in the current database.,"Holds a place in the working dataset so the image can be reviewed, identified, and either confirmed as net-new or merged with an existing record later.",,"Created from original SRM/2.png based on the 2026-07-03 cursory reconciliation pass. Best automated candidate was coll002.png at distance 37, but the image was triaged as likely not represented. Review before publishing or deduplicating.",provisional intake; original SRM; needs reconciliation,,,,
SRM-2026-135,records/coll113.png,Original SRM image 3 (provisional),Artifact,Needs Review,Original SRM Intake Review,Needs Review,,,,,,,original SRM image pending identification,Needs Review,Rights Unknown,Review Before Public Display,FALSE,,Original SRM source image 3.png added as a provisional record after cursory visual triage suggested it was not represented in the current database.,"Holds a place in the working dataset so the image can be reviewed, identified, and either confirmed as net-new or merged with an existing record later.",,"Created from original SRM/3.png based on the 2026-07-03 cursory reconciliation pass. Best automated candidate was coll002.png at distance 35, but the image was triaged as likely not represented. Review before publishing or deduplicating.",provisional intake; original SRM; needs reconciliation,,,,
SRM-2026-136,records/coll114.png,Original SRM image 4 (provisional),Artifact,Needs Review,Original SRM Intake Review,Needs Review,,,,,,,original SRM image pending identification,Needs Review,Rights Unknown,Review Before Public Display,FALSE,,Original SRM source image 4.png added as a provisional record after cursory visual triage suggested it was not represented in the current database.,"Holds a place in the working dataset so the image can be reviewed, identified, and either confirmed as net-new or merged with an existing record later.",,"Created from original SRM/4.png based on the 2026-07-03 cursory reconciliation pass. Best automated candidate was coll016.png at distance 21, but the image was triaged as likely not represented. Review before publishing or deduplicating.",provisional intake; original SRM; needs reconciliation,,,,
SRM-2026-137,records/coll115.png,Original SRM image 5 (provisional),Artifact,Needs Review,Original SRM Intake Review,Needs Review,,,,,,,original SRM image pending identification,Needs Review,Rights Unknown,Review Before Public Display,FALSE,,Original SRM source image 5.png added as a provisional record after cursory visual triage suggested it was not represented in the current database.,"Holds a place in the working dataset so the image can be reviewed, identified, and either confirmed as net-new or merged with an existing record later.",,"Created from original SRM/5.png based on the 2026-07-03 cursory reconciliation pass. Best automated candidate was coll002.png at distance 35, but the image was triaged as likely not represented. Review before publishing or deduplicating.",provisional intake; original SRM; needs reconciliation,,,,
SRM-2026-138,records/coll116.png,Original SRM image 6 (provisional),Artifact,Needs Review,Original SRM Intake Review,Needs Review,,,,,,,original SRM image pending identification,Needs Review,Rights Unknown,Review Before Public Display,FALSE,,Original SRM source image 6.png added as a provisional record after cursory visual triage suggested it was not represented in the current database.,"Holds a place in the working dataset so the image can be reviewed, identified, and either confirmed as net-new or merged with an existing record later.",,"Created from original SRM/6.png based on the 2026-07-03 cursory reconciliation pass. Best automated candidate was coll002.png at distance 39, but the image was triaged as likely not represented. Review before publishing or deduplicating.",provisional intake; original SRM; needs reconciliation,,,,
SRM-2026-139,records/coll117.png,Original SRM image 7 (provisional),Artifact,Needs Review,Original SRM Intake Review,Needs Review,,,,,,,original SRM image pending identification,Needs Review,Rights Unknown,Review Before Public Display,FALSE,,Original SRM source image 7.png added as a provisional record after cursory visual triage suggested it was not represented in the current database.,"Holds a place in the working dataset so the image can be reviewed, identified, and either confirmed as net-new or merged with an existing record later.",,"Created from original SRM/7.png based on the 2026-07-03 cursory reconciliation pass. Best automated candidate was coll002.png at distance 47, but the image was triaged as likely not represented. Review before publishing or deduplicating.",provisional intake; original SRM; needs reconciliation,,,,
SRM-2026-140,records/coll118.png,Original SRM image 8 (provisional),Artifact,Needs Review,Original SRM Intake Review,Needs Review,,,,,,,original SRM image pending identification,Needs Review,Rights Unknown,Review Before Public Display,FALSE,,Original SRM source image 8.png added as a provisional record after cursory visual triage suggested it was not represented in the current database.,"Holds a place in the working dataset so the image can be reviewed, identified, and either confirmed as net-new or merged with an existing record later.",,"Created from original SRM/8.png based on the 2026-07-03 cursory reconciliation pass. Best automated candidate was coll007.png at distance 27, but the image was triaged as likely not represented. Review before publishing or deduplicating.",provisional intake; original SRM; needs reconciliation,,,,
SRM-2026-141,records/coll119.png,Original SRM image 9 (provisional),Artifact,Needs Review,Original SRM Intake Review,Needs Review,,,,,,,original SRM image pending identification,Needs Review,Rights Unknown,Review Before Public Display,FALSE,,Original SRM source image 9.png added as a provisional record after cursory visual triage suggested it was not represented in the current database.,"Holds a place in the working dataset so the image can be reviewed, identified, and either confirmed as net-new or merged with an existing record later.",,"Created from original SRM/9.png based on the 2026-07-03 cursory reconciliation pass. Best automated candidate was coll016.png at distance 24, but the image was triaged as likely not represented. Review before publishing or deduplicating.",provisional intake; original SRM; needs reconciliation,,,,
SRM-2026-142,records/coll120.png,Original SRM image 10 (provisional),Artifact,Needs Review,Original SRM Intake Review,Needs Review,,,,,,,original SRM image pending identification,Needs Review,Rights Unknown,Review Before Public Display,FALSE,,Original SRM source image 10.png added as a provisional record after cursory visual triage suggested it was not represented in the current database.,"Holds a place in the working dataset so the image can be reviewed, identified, and either confirmed as net-new or merged with an existing record later.",,"Created from original SRM/10.png based on the 2026-07-03 cursory reconciliation pass. Best automated candidate was coll002.png at distance 40, but the image was triaged as likely not represented. Review before publishing or deduplicating.",provisional intake; original SRM; needs reconciliation,,,,
SRM-2026-143,records/coll121.png,Original SRM image 11 (provisional),Artifact,Needs Review,Original SRM Intake Review,Needs Review,,,,,,,original SRM image pending identification,Needs Review,Rights Unknown,Review Before Public Display,FALSE,,Original SRM source image 11.png added as a provisional record after cursory visual triage suggested it was not represented in the current database.,"Holds a place in the working dataset so the image can be reviewed, identified, and either confirmed as net-new or merged with an existing record later.",,"Created from original SRM/11.png based on the 2026-07-03 cursory reconciliation pass. Best automated candidate was coll002.png at distance 29, but the image was triaged as likely not represented. Review before publishing or deduplicating.",provisional intake; original SRM; needs reconciliation,,,,
SRM-2026-144,records/coll122.png,Original SRM image 12 (provisional),Artifact,Needs Review,Original SRM Intake Review,Needs Review,,,,,,,original SRM image pending identification,Needs Review,Rights Unknown,Review Before Public Display,FALSE,,Original SRM source image 12.png added as a provisional record after cursory visual triage suggested it was not represented in the current database.,"Holds a place in the working dataset so the image can be reviewed, identified, and either confirmed as net-new or merged with an existing record later.",,"Created from original SRM/12.png based on the 2026-07-03 cursory reconciliation pass. Best automated candidate was coll002.png at distance 50, but the image was triaged as likely not represented. Review before publishing or deduplicating.",provisional intake; original SRM; needs reconciliation,,,,
SRM-2026-145,records/coll123.png,Original SRM image 13 (provisional),Artifact,Needs Review,Original SRM Intake Review,Needs Review,,,,,,,original SRM image pending identification,Needs Review,Rights Unknown,Review Before Public Display,FALSE,,Original SRM source image 13.png added as a provisional record after cursory visual triage suggested it was not represented in the current database.,"Holds a place in the working dataset so the image can be reviewed, identified, and either confirmed as net-new or merged with an existing record later.",,"Created from original SRM/13.png based on the 2026-07-03 cursory reconciliation pass. Best automated candidate was coll016.png at distance 46, but the image was triaged as likely not represented. Review before publishing or deduplicating.",provisional intake; original SRM; needs reconciliation,,,,
SRM-2026-146,records/coll124.png,Original SRM image 14 (provisional),Artifact,Needs Review,Original SRM Intake Review,Needs Review,,,,,,,original SRM image pending identification,Needs Review,Rights Unknown,Review Before Public Display,FALSE,,Original SRM source image 14.png added as a provisional record after cursory visual triage suggested it was not represented in the current database.,"Holds a place in the working dataset so the image can be reviewed, identified, and either confirmed as net-new or merged with an existing record later.",,"Created from original SRM/14.png based on the 2026-07-03 cursory reconciliation pass. Best automated candidate was coll005.png at distance 75, but the image was triaged as likely not represented. Review before publishing or deduplicating.",provisional intake; original SRM; needs reconciliation,,,,
SRM-2026-147,records/coll125.png,Original SRM image 15 (provisional),Artifact,Needs Review,Original SRM Intake Review,Needs Review,,,,,,,original SRM image pending identification,Needs Review,Rights Unknown,Review Before Public Display,FALSE,,Original SRM source image 15.png added as a provisional record after cursory visual triage suggested it was not represented in the current database.,"Holds a place in the working dataset so the image can be reviewed, identified, and either confirmed as net-new or merged with an existing record later.",,"Created from original SRM/15.png based on the 2026-07-03 cursory reconciliation pass. Best automated candidate was coll092.png at distance 24, but the image was triaged as likely not represented. Review before publishing or deduplicating.",provisional intake; original SRM; needs reconciliation,,,,
SRM-2026-148,records/coll126.png,Original SRM image 16 (provisional),Artifact,Needs Review,Original SRM Intake Review,Needs Review,,,,,,,original SRM image pending identification,Needs Review,Rights Unknown,Review Before Public Display,FALSE,,Original SRM source image 16.png added as a provisional record after cursory visual triage suggested it was not represented in the current database.,"Holds a place in the working dataset so the image can be reviewed, identified, and either confirmed as net-new or merged with an existing record later.",,"Created from original SRM/16.png based on the 2026-07-03 cursory reconciliation pass. Best automated candidate was coll016.png at distance 43, but the image was triaged as likely not represented. Review before publishing or deduplicating.",provisional intake; original SRM; needs reconciliation,,,,
SRM-2026-149,records/coll127.png,Original SRM image 17 (provisional),Artifact,Needs Review,Original SRM Intake Review,Needs Review,,,,,,,original SRM image pending identification,Needs Review,Rights Unknown,Review Before Public Display,FALSE,,Original SRM source image 17.png added as a provisional record after cursory visual triage suggested it was not represented in the current database.,"Holds a place in the working dataset so the image can be reviewed, identified, and either confirmed as net-new or merged with an existing record later.",,"Created from original SRM/17.png based on the 2026-07-03 cursory reconciliation pass. Best automated candidate was coll016.png at distance 30, but the image was triaged as likely not represented. Review before publishing or deduplicating.",provisional intake; original SRM; needs reconciliation,,,,
SRM-2026-150,records/coll128.png,Original SRM image 18 (provisional),Artifact,Needs Review,Original SRM Intake Review,Needs Review,,,,,,,original SRM image pending identification,Needs Review,Rights Unknown,Review Before Public Display,FALSE,,Original SRM source image 18.png added as a provisional record after cursory visual triage suggested it was not represented in the current database.,"Holds a place in the working dataset so the image can be reviewed, identified, and either confirmed as net-new or merged with an existing record later.",,"Created from original SRM/18.png based on the 2026-07-03 cursory reconciliation pass. Best automated candidate was coll008.png at distance 48, but the image was triaged as likely not represented. Review before publishing or deduplicating.",provisional intake; original SRM; needs reconciliation,,,,
SRM-2026-151,records/coll129.png,Original SRM image 19 (provisional),Artifact,Needs Review,Original SRM Intake Review,Needs Review,,,,,,,original SRM image pending identification,Needs Review,Rights Unknown,Review Before Public Display,FALSE,,Original SRM source image 19.png added as a provisional record after cursory visual triage suggested it was not represented in the current database.,"Holds a place in the working dataset so the image can be reviewed, identified, and either confirmed as net-new or merged with an existing record later.",,"Created from original SRM/19.png based on the 2026-07-03 cursory reconciliation pass. Best automated candidate was coll007.png at distance 35, but the image was triaged as likely not represented. Review before publishing or deduplicating.",provisional intake; original SRM; needs reconciliation,,,,
SRM-2026-152,records/coll130.png,Original SRM image 20 (provisional),Artifact,Needs Review,Original SRM Intake Review,Needs Review,,,,,,,original SRM image pending identification,Needs Review,Rights Unknown,Review Before Public Display,FALSE,,Original SRM source image 20.png added as a provisional record after cursory visual triage suggested it was not represented in the current database.,"Holds a place in the working dataset so the image can be reviewed, identified, and either confirmed as net-new or merged with an existing record later.",,"Created from original SRM/20.png based on the 2026-07-03 cursory reconciliation pass. Best automated candidate was coll092.png at distance 33, but the image was triaged as likely not represented. Review before publishing or deduplicating.",provisional intake; original SRM; needs reconciliation,,,,
SRM-2026-153,records/coll131.png,Original SRM image 21 (provisional),Artifact,Needs Review,Original SRM Intake Review,Needs Review,,,,,,,original SRM image pending identification,Needs Review,Rights Unknown,Review Before Public Display,FALSE,,Original SRM source image 21.png added as a provisional record after cursory visual triage suggested it was not represented in the current database.,"Holds a place in the working dataset so the image can be reviewed, identified, and either confirmed as net-new or merged with an existing record later.",,"Created from original SRM/21.png based on the 2026-07-03 cursory reconciliation pass. Best automated candidate was coll006.png at distance 53, but the image was triaged as likely not represented. Review before publishing or deduplicating.",provisional intake; original SRM; needs reconciliation,,,,
SRM-2026-154,records/coll132.png,Original SRM image 22 (provisional),Artifact,Needs Review,Original SRM Intake Review,Needs Review,,,,,,,original SRM image pending identification,Needs Review,Rights Unknown,Review Before Public Display,FALSE,,Original SRM source image 22.png added as a provisional record after cursory visual triage suggested it was not represented in the current database.,"Holds a place in the working dataset so the image can be reviewed, identified, and either confirmed as net-new or merged with an existing record later.",,"Created from original SRM/22.png based on the 2026-07-03 cursory reconciliation pass. Best automated candidate was coll006.png at distance 43, but the image was triaged as likely not represented. Review before publishing or deduplicating.",provisional intake; original SRM; needs reconciliation,,,,
SRM-2026-155,records/coll133.png,Original SRM image 23 (provisional),Artifact,Needs Review,Original SRM Intake Review,Needs Review,,,,,,,original SRM image pending identification,Needs Review,Rights Unknown,Review Before Public Display,FALSE,,Original SRM source image 23.png added as a provisional record after cursory visual triage suggested it was not represented in the current database.,"Holds a place in the working dataset so the image can be reviewed, identified, and either confirmed as net-new or merged with an existing record later.",,"Created from original SRM/23.png based on the 2026-07-03 cursory reconciliation pass. Best automated candidate was coll002.png at distance 31, but the image was triaged as likely not represented. Review before publishing or deduplicating.",provisional intake; original SRM; needs reconciliation,,,,
SRM-2026-156,records/coll134.png,Original SRM image 24 (provisional),Artifact,Needs Review,Original SRM Intake Review,Needs Review,,,,,,,original SRM image pending identification,Needs Review,Rights Unknown,Review Before Public Display,FALSE,,Original SRM source image 24.png added as a provisional record after cursory visual triage suggested it was not represented in the current database.,"Holds a place in the working dataset so the image can be reviewed, identified, and either confirmed as net-new or merged with an existing record later.",,"Created from original SRM/24.png based on the 2026-07-03 cursory reconciliation pass. Best automated candidate was coll007.png at distance 54, but the image was triaged as likely not represented. Review before publishing or deduplicating.",provisional intake; original SRM; needs reconciliation,,,,
SRM-2026-157,records/coll135.png,Original SRM image 25 (provisional),Artifact,Needs Review,Original SRM Intake Review,Needs Review,,,,,,,original SRM image pending identification,Needs Review,Rights Unknown,Review Before Public Display,FALSE,,Original SRM source image 25.png added as a provisional record after cursory visual triage suggested it was not represented in the current database.,"Holds a place in the working dataset so the image can be reviewed, identified, and either confirmed as net-new or merged with an existing record later.",,"Created from original SRM/25.png based on the 2026-07-03 cursory reconciliation pass. Best automated candidate was coll092.png at distance 37, but the image was triaged as likely not represented. Review before publishing or deduplicating.",provisional intake; original SRM; needs reconciliation,,,,
SRM-2026-158,records/coll136.png,Original SRM image 26 (provisional),Artifact,Needs Review,Original SRM Intake Review,Needs Review,,,,,,,original SRM image pending identification,Needs Review,Rights Unknown,Review Before Public Display,FALSE,,Original SRM source image 26.png added as a provisional record after cursory visual triage suggested it was not represented in the current database.,"Holds a place in the working dataset so the image can be reviewed, identified, and either confirmed as net-new or merged with an existing record later.",,"Created from original SRM/26.png based on the 2026-07-03 cursory reconciliation pass. Best automated candidate was coll005.png at distance 43, but the image was triaged as likely not represented. Review before publishing or deduplicating.",provisional intake; original SRM; needs reconciliation,,,,
SRM-2026-159,records/coll137.png,Original SRM image 27 (provisional),Artifact,Needs Review,Original SRM Intake Review,Needs Review,,,,,,,original SRM image pending identification,Needs Review,Rights Unknown,Review Before Public Display,FALSE,,Original SRM source image 27.png added as a provisional record after cursory visual triage suggested it was not represented in the current database.,"Holds a place in the working dataset so the image can be reviewed, identified, and either confirmed as net-new or merged with an existing record later.",,"Created from original SRM/27.png based on the 2026-07-03 cursory reconciliation pass. Best automated candidate was coll016.png at distance 26, but the image was triaged as likely not represented. Review before publishing or deduplicating.",provisional intake; original SRM; needs reconciliation,,,,
SRM-2026-160,records/coll138.png,Original SRM image 29 (provisional),Artifact,Needs Review,Original SRM Intake Review,Needs Review,,,,,,,original SRM image pending identification,Needs Review,Rights Unknown,Review Before Public Display,FALSE,,Original SRM source image 29.png added as a provisional record after cursory visual triage suggested it was not represented in the current database.,"Holds a place in the working dataset so the image can be reviewed, identified, and either confirmed as net-new or merged with an existing record later.",,"Created from original SRM/29.png based on the 2026-07-03 cursory reconciliation pass. Best automated candidate was coll020.png at distance 24, but the image was triaged as likely not represented. Review before publishing or deduplicating.",provisional intake; original SRM; needs reconciliation,,,,
SRM-2026-161,records/coll139.png,Original SRM image 31 (provisional),Artifact,Needs Review,Original SRM Intake Review,Needs Review,,,,,,,original SRM image pending identification,Needs Review,Rights Unknown,Review Before Public Display,FALSE,,Original SRM source image 31.png added as a provisional record after cursory visual triage suggested it was not represented in the current database.,"Holds a place in the working dataset so the image can be reviewed, identified, and either confirmed as net-new or merged with an existing record later.",,"Created from original SRM/31.png based on the 2026-07-03 cursory reconciliation pass. Best automated candidate was coll024.png at distance 42, but the image was triaged as likely not represented. Review before publishing or deduplicating.",provisional intake; original SRM; needs reconciliation,,,,
SRM-2026-162,records/coll140.png,Original SRM image 32 (provisional),Artifact,Needs Review,Original SRM Intake Review,Needs Review,,,,,,,original SRM image pending identification,Needs Review,Rights Unknown,Review Before Public Display,FALSE,,Original SRM source image 32.png added as a provisional record after cursory visual triage suggested it was not represented in the current database.,"Holds a place in the working dataset so the image can be reviewed, identified, and either confirmed as net-new or merged with an existing record later.",,"Created from original SRM/32.png based on the 2026-07-03 cursory reconciliation pass. Best automated candidate was coll016.png at distance 37, but the image was triaged as likely not represented. Review before publishing or deduplicating.",provisional intake; original SRM; needs reconciliation,,,,
SRM-2026-163,records/coll141.png,Original SRM image 34 (provisional),Artifact,Needs Review,Original SRM Intake Review,Needs Review,,,,,,,original SRM image pending identification,Needs Review,Rights Unknown,Review Before Public Display,FALSE,,Original SRM source image 34.png added as a provisional record after cursory visual triage suggested it was not represented in the current database.,"Holds a place in the working dataset so the image can be reviewed, identified, and either confirmed as net-new or merged with an existing record later.",,"Created from original SRM/34.png based on the 2026-07-03 cursory reconciliation pass. Best automated candidate was coll092.png at distance 25, but the image was triaged as likely not represented. Review before publishing or deduplicating.",provisional intake; original SRM; needs reconciliation,,,,
SRM-2026-164,records/coll142.png,Original SRM image 36 (provisional),Artifact,Needs Review,Original SRM Intake Review,Needs Review,,,,,,,original SRM image pending identification,Needs Review,Rights Unknown,Review Before Public Display,FALSE,,Original SRM source image 36.png added as a provisional record after cursory visual triage suggested it was not represented in the current database.,"Holds a place in the working dataset so the image can be reviewed, identified, and either confirmed as net-new or merged with an existing record later.",,"Created from original SRM/36.png based on the 2026-07-03 cursory reconciliation pass. Best automated candidate was coll093.png at distance 35, but the image was triaged as likely not represented. Review before publishing or deduplicating.",provisional intake; original SRM; needs reconciliation,,,,
SRM-2026-165,records/coll143.png,Original SRM image 37 (provisional),Artifact,Needs Review,Original SRM Intake Review,Needs Review,,,,,,,original SRM image pending identification,Needs Review,Rights Unknown,Review Before Public Display,FALSE,,Original SRM source image 37.png added as a provisional record after cursory visual triage suggested it was not represented in the current database.,"Holds a place in the working dataset so the image can be reviewed, identified, and either confirmed as net-new or merged with an existing record later.",,"Created from original SRM/37.png based on the 2026-07-03 cursory reconciliation pass. Best automated candidate was coll093.png at distance 29, but the image was triaged as likely not represented. Review before publishing or deduplicating.",provisional intake; original SRM; needs reconciliation,,,,
SRM-2026-166,records/coll144.png,Original SRM image 43 (provisional),Artifact,Needs Review,Original SRM Intake Review,Needs Review,,,,,,,original SRM image pending identification,Needs Review,Rights Unknown,Review Before Public Display,FALSE,,Original SRM source image 43.png added as a provisional record after cursory visual triage suggested it was not represented in the current database.,"Holds a place in the working dataset so the image can be reviewed, identified, and either confirmed as net-new or merged with an existing record later.",,"Created from original SRM/43.png based on the 2026-07-03 cursory reconciliation pass. Best automated candidate was coll099.png at distance 23, but the image was triaged as likely not represented. Review before publishing or deduplicating.",provisional intake; original SRM; needs reconciliation,,,,
SRM-2026-167,records/coll145.png,Original SRM image 47 (provisional),Artifact,Needs Review,Original SRM Intake Review,Needs Review,,,,,,,original SRM image pending identification,Needs Review,Rights Unknown,Review Before Public Display,FALSE,,Original SRM source image 47.png added as a provisional record after cursory visual triage suggested it was not represented in the current database.,"Holds a place in the working dataset so the image can be reviewed, identified, and either confirmed as net-new or merged with an existing record later.",,"Created from original SRM/47.png based on the 2026-07-03 cursory reconciliation pass. Best automated candidate was coll103.png at distance 37, but the image was triaged as likely not represented. Review before publishing or deduplicating.",provisional intake; original SRM; needs reconciliation,,,,
SRM-2026-168,records/coll146.png,Original SRM image 60 (provisional),Artifact,Needs Review,Original SRM Intake Review,Needs Review,,,,,,,original SRM image pending identification,Needs Review,Rights Unknown,Review Before Public Display,FALSE,,Original SRM source image 60.png added as a provisional record after cursory visual triage suggested it was not represented in the current database.,"Holds a place in the working dataset so the image can be reviewed, identified, and either confirmed as net-new or merged with an existing record later.",,"Created from original SRM/60.png based on the 2026-07-03 cursory reconciliation pass. Best automated candidate was coll025.png at distance 38, but the image was triaged as likely not represented. Review before publishing or deduplicating.",provisional intake; original SRM; needs reconciliation,,,,
SRM-2026-169,records/coll147.png,Original SRM image 70 (provisional),Artifact,Needs Review,Original SRM Intake Review,Needs Review,,,,,,,original SRM image pending identification,Needs Review,Rights Unknown,Review Before Public Display,FALSE,,Original SRM source image 70.png added as a provisional record after cursory visual triage suggested it was not represented in the current database.,"Holds a place in the working dataset so the image can be reviewed, identified, and either confirmed as net-new or merged with an existing record later.",,"Created from original SRM/70.png based on the 2026-07-03 cursory reconciliation pass. Best automated candidate was coll024.png at distance 31, but the image was triaged as likely not represented. Review before publishing or deduplicating.",provisional intake; original SRM; needs reconciliation,,,,
SRM-2026-170,records/coll148.png,Original SRM image 71 (provisional),Artifact,Needs Review,Original SRM Intake Review,Needs Review,,,,,,,original SRM image pending identification,Needs Review,Rights Unknown,Review Before Public Display,FALSE,,Original SRM source image 71.png added as a provisional record after cursory visual triage suggested it was not represented in the current database.,"Holds a place in the working dataset so the image can be reviewed, identified, and either confirmed as net-new or merged with an existing record later.",,"Created from original SRM/71.png based on the 2026-07-03 cursory reconciliation pass. Best automated candidate was coll032.png at distance 50, but the image was triaged as likely not represented. Review before publishing or deduplicating.",provisional intake; original SRM; needs reconciliation,,,,
SRM-2026-171,records/coll149.png,Original SRM image 72 (provisional),Artifact,Needs Review,Original SRM Intake Review,Needs Review,,,,,,,original SRM image pending identification,Needs Review,Rights Unknown,Review Before Public Display,FALSE,,Original SRM source image 72.png added as a provisional record after cursory visual triage suggested it was not represented in the current database.,"Holds a place in the working dataset so the image can be reviewed, identified, and either confirmed as net-new or merged with an existing record later.",,"Created from original SRM/72.png based on the 2026-07-03 cursory reconciliation pass. Best automated candidate was coll025.png at distance 43, but the image was triaged as likely not represented. Review before publishing or deduplicating.",provisional intake; original SRM; needs reconciliation,,,,
SRM-2026-172,records/coll150.png,Original SRM image 73 (provisional),Artifact,Needs Review,Original SRM Intake Review,Needs Review,,,,,,,original SRM image pending identification,Needs Review,Rights Unknown,Review Before Public Display,FALSE,,Original SRM source image 73.png added as a provisional record after cursory visual triage suggested it was not represented in the current database.,"Holds a place in the working dataset so the image can be reviewed, identified, and either confirmed as net-new or merged with an existing record later.",,"Created from original SRM/73.png based on the 2026-07-03 cursory reconciliation pass. Best automated candidate was coll022.png at distance 32, but the image was triaged as likely not represented. Review before publishing or deduplicating.",provisional intake; original SRM; needs reconciliation,,,,
SRM-2026-173,records/coll151.png,Original SRM image 74 (provisional),Artifact,Needs Review,Original SRM Intake Review,Needs Review,,,,,,,original SRM image pending identification,Needs Review,Rights Unknown,Review Before Public Display,FALSE,,Original SRM source image 74.png added as a provisional record after cursory visual triage suggested it was not represented in the current database.,"Holds a place in the working dataset so the image can be reviewed, identified, and either confirmed as net-new or merged with an existing record later.",,"Created from original SRM/74.png based on the 2026-07-03 cursory reconciliation pass. Best automated candidate was coll020.png at distance 40, but the image was triaged as likely not represented. Review before publishing or deduplicating.",provisional intake; original SRM; needs reconciliation,,,,
SRM-2026-174,records/coll152.png,Original SRM image 75 (provisional),Artifact,Needs Review,Original SRM Intake Review,Needs Review,,,,,,,original SRM image pending identification,Needs Review,Rights Unknown,Review Before Public Display,FALSE,,Original SRM source image 75.png added as a provisional record after cursory visual triage suggested it was not represented in the current database.,"Holds a place in the working dataset so the image can be reviewed, identified, and either confirmed as net-new or merged with an existing record later.",,"Created from original SRM/75.png based on the 2026-07-03 cursory reconciliation pass. Best automated candidate was coll016.png at distance 28, but the image was triaged as likely not represented. Review before publishing or deduplicating.",provisional intake; original SRM; needs reconciliation,,,,
SRM-2026-175,records/coll153.png,Original SRM image 76 (provisional),Artifact,Needs Review,Original SRM Intake Review,Needs Review,,,,,,,original SRM image pending identification,Needs Review,Rights Unknown,Review Before Public Display,FALSE,,Original SRM source image 76.png added as a provisional record after cursory visual triage suggested it was not represented in the current database.,"Holds a place in the working dataset so the image can be reviewed, identified, and either confirmed as net-new or merged with an existing record later.",,"Created from original SRM/76.png based on the 2026-07-03 cursory reconciliation pass. Best automated candidate was coll001.png at distance 21, but the image was triaged as likely not represented. Review before publishing or deduplicating.",provisional intake; original SRM; needs reconciliation,,,,
SRM-2026-176,records/coll154.png,Original SRM image 77 (provisional),Artifact,Needs Review,Original SRM Intake Review,Needs Review,,,,,,,original SRM image pending identification,Needs Review,Rights Unknown,Review Before Public Display,FALSE,,Original SRM source image 77.png added as a provisional record after cursory visual triage suggested it was not represented in the current database.,"Holds a place in the working dataset so the image can be reviewed, identified, and either confirmed as net-new or merged with an existing record later.",,"Created from original SRM/77.png based on the 2026-07-03 cursory reconciliation pass. Best automated candidate was coll025.png at distance 68, but the image was triaged as likely not represented. Review before publishing or deduplicating.",provisional intake; original SRM; needs reconciliation,,,,
SRM-2026-177,records/coll155.png,Original SRM image 78 (provisional),Artifact,Needs Review,Original SRM Intake Review,Needs Review,,,,,,,original SRM image pending identification,Needs Review,Rights Unknown,Review Before Public Display,FALSE,,Original SRM source image 78.png added as a provisional record after cursory visual triage suggested it was not represented in the current database.,"Holds a place in the working dataset so the image can be reviewed, identified, and either confirmed as net-new or merged with an existing record later.",,"Created from original SRM/78.png based on the 2026-07-03 cursory reconciliation pass. Best automated candidate was coll025.png at distance 40, but the image was triaged as likely not represented. Review before publishing or deduplicating.",provisional intake; original SRM; needs reconciliation,,,,
SRM-2026-178,records/coll156.png,Original SRM image 79 (provisional),Artifact,Needs Review,Original SRM Intake Review,Needs Review,,,,,,,original SRM image pending identification,Needs Review,Rights Unknown,Review Before Public Display,FALSE,,Original SRM source image 79.png added as a provisional record after cursory visual triage suggested it was not represented in the current database.,"Holds a place in the working dataset so the image can be reviewed, identified, and either confirmed as net-new or merged with an existing record later.",,"Created from original SRM/79.png based on the 2026-07-03 cursory reconciliation pass. Best automated candidate was coll022.png at distance 37, but the image was triaged as likely not represented. Review before publishing or deduplicating.",provisional intake; original SRM; needs reconciliation,,,,
SRM-2026-179,records/coll157.png,Original SRM image 81 (provisional),Artifact,Needs Review,Original SRM Intake Review,Needs Review,,,,,,,original SRM image pending identification,Needs Review,Rights Unknown,Review Before Public Display,FALSE,,Original SRM source image 81.png added as a provisional record after cursory visual triage suggested it was not represented in the current database.,"Holds a place in the working dataset so the image can be reviewed, identified, and either confirmed as net-new or merged with an existing record later.",,"Created from original SRM/81.png based on the 2026-07-03 cursory reconciliation pass. Best automated candidate was coll018.png at distance 38, but the image was triaged as likely not represented. Review before publishing or deduplicating.",provisional intake; original SRM; needs reconciliation,,,,
SRM-2026-180,records/coll158.png,Original SRM image 85 (provisional),Artifact,Needs Review,Original SRM Intake Review,Needs Review,,,,,,,original SRM image pending identification,Needs Review,Rights Unknown,Review Before Public Display,FALSE,,Original SRM source image 85.png added as a provisional record after cursory visual triage suggested it was not represented in the current database.,"Holds a place in the working dataset so the image can be reviewed, identified, and either confirmed as net-new or merged with an existing record later.",,"Created from original SRM/85.png based on the 2026-07-03 cursory reconciliation pass. Best automated candidate was coll022.png at distance 49, but the image was triaged as likely not represented. Review before publishing or deduplicating.",provisional intake; original SRM; needs reconciliation,,,,
SRM-2026-181,records/coll159.png,Original SRM image 87 (provisional),Artifact,Needs Review,Original SRM Intake Review,Needs Review,,,,,,,original SRM image pending identification,Needs Review,Rights Unknown,Review Before Public Display,FALSE,,Original SRM source image 87.png added as a provisional record after cursory visual triage suggested it was not represented in the current database.,"Holds a place in the working dataset so the image can be reviewed, identified, and either confirmed as net-new or merged with an existing record later.",,"Created from original SRM/87.png based on the 2026-07-03 cursory reconciliation pass. Best automated candidate was coll023.png at distance 23, but the image was triaged as likely not represented. Review before publishing or deduplicating.",provisional intake; original SRM; needs reconciliation,,,,
